can_transact,can_select,chance_of_playing_next_round,chance_of_playing_this_round,code,cost_change_event,cost_change_event_fall,cost_change_start,cost_change_start_fall,dreamteam_count,element_type,ep_next,ep_this,event_points,first_name,form,id,in_dreamteam,news,news_added,now_cost,photo,points_per_game,removed,second_name,selected_by_percent,special,squad_number,status,team,team_code,total_points,transfers_in,transfers_in_event,transfers_out,transfers_out_event,value_form,value_season,web_name,region,team_join_date,birth_date,has_temporary_code,opta_code,minutes,goals_scored,assists,clean_sheets,goals_conceded,own_goals,penalties_saved,penalties_missed,yellow_cards,red_cards,saves,bonus,bps,influence,creativity,threat,ict_index,starts,expected_goals,expected_assists,expected_goal_involvements,expected_goals_conceded,mng_win,mng_draw,mng_loss,mng_underdog_win,mng_underdog_draw,mng_clean_sheets,mng_goals_scored,influence_rank,influence_rank_type,creativity_rank,creativity_rank_type,threat_rank,threat_rank_type,ict_index_rank,ict_index_rank_type,corners_and_indirect_freekicks_order,corners_and_indirect_freekicks_text,direct_freekicks_order,direct_freekicks_text,penalties_order,penalties_text,expected_goals_per_90,saves_per_90,expected_assists_per_90,expected_goal_involvements_per_90,expected_goals_conceded_per_90,goals_conceded_per_90,now_cost_rank,now_cost_rank_type,form_rank,form_rank_type,points_per_game_rank,points_per_game_rank_type,selected_rank,selected_rank_type,starts_per_90,clean_sheets_per_90,code_team,draw,form_team,id_team,loss,name,played,points,position,short_name,strength,team_division,unavailable,win,strength_overall_home,strength_overall_away,strength_attack_home,strength_attack_away,strength_defence_home,strength_defence_away,pulse_id,id_position,plural_name,plural_name_short,singular_name,singular_name_short,squad_select,squad_min_select,squad_max_select,squad_min_play,squad_max_play,ui_shirt_specific,sub_positions_locked,element_count
True,False,0.0,0.0,226597,0,0,1,-1,2,2,0.0,0.0,0,Gabriel,0.0,3,False,Hamstring injury - Expected back 01 Jun,2025-04-01T22:00:07.982867Z,61,226597.jpg,4.2,False,dos Santos Magalhães,12.2,False,,i,1,3,117,5093448,0,5431768,0,0.0,19.2,Gabriel,30.0,2020-09-01,1997-12-19,False,p226597,2363,3,2,10,22,0,0,0,4,0,0,9,459,584.6,208.8,287.0,108.2,28,2.70,1.21,3.91,23.09,0,0,0,0,0,0,0,108,40,202,45,120,11,135,36,,,,,,,0.1,0.0,0.05,0.15,0.88,0.84,70,6,789,266,34,2,34,13,1.07,0.38,3,0,,1,0,Arsenal,0,0,2,ARS,5,,False,0,1350,1350,1390,1400,1310,1300,1,2,Defenders,DEF,Defender,DEF,5,,,3,5,False,[],268
True,False,0.0,0.0,445122,0,0,0,0,2,2,0.0,0.0,0,Jurriën,0.0,6,False,Ankle injury - Expected back 01 Jun,2025-05-16T14:00:08.018204Z,55,445122.jpg,3.8,False,Timber,4.3,False,,i,1,3,114,1963751,0,1640941,0,0.0,20.7,J.Timber,152.0,2023-07-14,2001-06-17,False,p445122,2415,1,3,11,21,0,0,0,7,0,0,9,426,393.0,296.8,254.0,94.2,27,1.23,1.30,2.53,21.09,0,0,0,0,0,0,0,186,69,145,29,135,15,158,41,,,,,,,0.05,0.0,0.05,0.1,0.79,0.78,115,12,779,265,63,8,88,32,1.01,0.41,3,0,,1,0,Arsenal,0,0,2,ARS,5,,False,0,1350,1350,1390,1400,1310,1300,1,2,Defenders,DEF,Defender,DEF,5,,,3,5,False,[],268
True,False,,,440854,0,0,-1,1,1,2,4.5,4.3,2,Jakub,2.8,8,False,,,49,440854.jpg,2.5,False,Kiwior,3.8,False,,a,1,3,43,518152,0,114231,0,0.6,8.8,Kiwior,172.0,2023-01-23,2000-02-15,False,p440854,1117,1,0,3,15,0,0,0,1,0,0,2,178,267.2,91.3,32.0,39.2,10,0.17,0.29,0.46,14.71,0,0,0,0,0,0,0,260,97,310,96,377,128,328,108,,,,,,,0.01,0.0,0.02,0.03,1.19,1.21,263,32,143,38,212,68,101,38,0.81,0.24,3,0,,1,0,Arsenal,0,0,2,ARS,5,,False,0,1350,1350,1390,1400,1310,1300,1,2,Defenders,DEF,Defender,DEF,5,,,3,5,False,[],268
True,False,0.0,0.0,462424,0,0,4,-4,3,2,0.0,0.0,0,William,0.8,18,False,Hamstring injury - Expected back 01 Jun,2025-05-18T20:30:07.323616Z,64,462424.jpg,3.7,False,Saliba,25.8,False,,i,1,3,130,4071193,0,5556474,0,0.1,20.3,Saliba,73.0,2019-07-25,2001-03-24,False,p462424,3039,2,0,12,29,0,0,0,2,1,0,14,564,672.6,150.1,116.0,94.2,35,2.42,1.28,3.70,30.32,0,0,0,0,0,0,0,68,27,246,66,257,72,159,42,,,,,,,0.07,0.0,0.04,0.11,0.9,0.86,50,4,321,95,76,12,10,2,1.04,0.36,3,0,,1,0,Arsenal,0,0,2,ARS,5,,False,0,1350,1350,1390,1400,1310,1300,1,2,Defenders,DEF,Defender,DEF,5,,,3,5,False,[],268
True,False,100.0,100.0,192895,0,0,-2,2,1,2,2.2,4.5,10,Kieran,3.0,21,False,,2024-08-12T14:30:04.394338Z,43,192895.jpg,2.1,False,Tierney,0.1,False,,a,1,3,27,16286,0,13951,0,0.7,6.3,Tierney,243.0,2019-08-08,1997-06-05,False,p192895,250,1,0,1,1,0,0,0,0,0,0,2,99,91.8,109.1,48.0,25.0,2,0.38,0.54,0.92,2.69,0,0,0,0,0,0,0,405,146,286,84,343,115,377,127,,,,,,,0.14,0.0,0.19,0.33,0.97,0.36,570,117,120,33,265,84,470,164,0.72,0.36,3,0,,1,0,Arsenal,0,0,2,ARS,5,,False,0,1350,1350,1390,1400,1310,1300,1,2,Defenders,DEF,Defender,DEF,5,,,3,5,False,[],268
True,False,0.0,0.0,223723,0,0,-2,2,0,2,0.0,0.0,0,Tomiyasu,0.0,22,False,Knee injury - Expected back 01 Jun,2024-10-18T16:00:06.930143Z,48,223723.jpg,1.0,False,Takehiro,0.0,False,,i,1,3,1,2219,0,8129,0,0.0,0.2,Tomiyasu,108.0,2021-08-31,1998-11-05,False,p223723,6,0,0,0,0,0,0,0,0,0,0,0,2,0.4,0.3,9.0,1.0,0,0.18,0.00,0.18,0.04,0,0,0,0,0,0,0,547,194,516,190,437,159,525,184,,,,,,,2.7,0.0,0.0,2.7,0.6,0.0,300,37,716,257,516,177,599,207,0.0,0.0,3,0,,1,0,Arsenal,0,0,2,ARS,5,,False,0,1350,1350,1390,1400,1310,1300,1,2,Defenders,DEF,Defender,DEF,5,,,3,5,False,[],268
True,False,100.0,100.0,198869,0,0,-3,3,0,2,4.2,4.7,5,Benjamin,3.2,24,False,,2025-04-12T20:00:08.123863Z,62,198869.jpg,2.9,False,White,4.4,False,,a,1,3,50,431657,0,1011245,0,0.5,8.1,White,241.0,2021-07-30,1997-10-08,False,p198869,1195,0,2,5,13,0,0,0,2,0,0,0,211,247.6,162.6,100.0,51.0,13,0.46,1.30,1.76,16.88,0,0,0,0,0,0,0,274,103,237,59,276,82,291,88,,,,,,,0.03,0.0,0.1,0.13,1.27,0.98,57,5,111,31,158,44,87,31,0.98,0.38,3,0,,1,0,Arsenal,0,0,2,ARS,5,,False,0,1350,1350,1390,1400,1310,1300,1,2,Defenders,DEF,Defender,DEF,5,,,3,5,False,[],268
True,False,100.0,100.0,206325,0,0,-2,2,1,2,2.2,2.5,2,Oleksandr,1.0,25,False,,2024-12-09T09:30:06.099861Z,48,206325.jpg,2.7,False,Zinchenko,0.9,False,,a,1,3,40,110618,0,323972,0,0.2,8.3,Zinchenko,225.0,2022-07-22,1996-12-15,False,p206325,518,0,1,4,1,0,0,0,1,0,0,2,141,83.4,92.8,66.0,24.1,5,0.65,0.52,1.17,3.21,0,0,0,0,0,0,0,411,148,309,95,317,99,382,130,,,,,,,0.11,0.0,0.09,0.2,0.56,0.17,296,35,278,82,185,56,214,82,0.87,0.69,3,0,,1,0,Arsenal,0,0,2,ARS,5,,False,0,1350,1350,1390,1400,1310,1300,1,2,Defenders,DEF,Defender,DEF,5,,,3,5,False,[],268
True,False,100.0,100.0,466075,0,0,-2,2,1,2,2.2,2.0,0,Riccardo,0.5,578,False,,2025-03-24T14:30:09.477149Z,58,466075.jpg,2.1,False,Calafiori,1.5,False,,a,1,3,39,285601,0,425538,0,0.1,6.7,Calafiori,106.0,2024-07-29,2002-05-19,False,p466075,978,2,1,1,12,0,0,0,4,0,0,1,142,252.6,118.2,176.0,54.6,11,0.86,0.69,1.55,10.28,0,0,0,0,0,0,0,271,101,277,78,201,40,283,84,,,,,,,0.08,0.0,0.06,0.14,0.95,1.1,91,8,359,109,286,90,159,63,1.01,0.09,3,0,,1,0,Arsenal,0,0,2,ARS,5,,False,0,1350,1350,1390,1400,1310,1300,1,2,Defenders,DEF,Defender,DEF,5,,,3,5,False,[],268
True,False,0.0,0.0,588793,0,0,0,0,0,2,0.0,0.0,0,Maldini,0.0,657,False,Loaned to Bromley,2025-02-04T10:52:26.271821Z,40,588793.jpg,0.0,False,Kacurri,0.0,False,,u,1,3,0,11257,0,10392,0,0.0,0.0,Kacurri,2.0,2024-09-14,,False,p588793,0,0,0,0,0,0,0,0,0,0,0,0,0,0.0,0.0,0.0,0.0,0,0.00,0.00,0.00,0.00,0,0,0,0,0,0,0,645,239,633,238,594,229,645,239,,,,,,,0.0,0.0,0.0,0.0,0.0,0.0,712,219,516,197,652,238,551,192,0.0,0.0,3,0,,1,0,Arsenal,0,0,2,ARS,5,,False,0,1350,1350,1390,1400,1310,1300,1,2,Defenders,DEF,Defender,DEF,5,,,3,5,False,[],268
True,False,,,499167,0,0,0,0,0,2,1.5,1.5,0,Josh,0.0,662,False,,,40,499167.jpg,0.0,False,Nichols,0.1,False,,a,1,3,0,7424,0,5568,0,0.0,0.0,Nichols,241.0,2024-07-24,2006-07-26,False,p499167,0,0,0,0,0,0,0,0,0,0,0,0,0,0.0,0.0,0.0,0.0,0,0.00,0.00,0.00,0.00,0,0,0,0,0,0,0,621,219,608,217,567,206,621,219,,,,,,,0.0,0.0,0.0,0.0,0.0,0.0,678,189,486,171,628,218,528,185,0.0,0.0,3,0,,1,0,Arsenal,0,0,2,ARS,5,,False,0,1350,1350,1390,1400,1310,1300,1,2,Defenders,DEF,Defender,DEF,5,,,3,5,False,[],268
True,False,,,563324,0,0,0,0,0,2,1.5,1.5,0,Brayden,0.0,801,False,,,40,563324.jpg,0.0,False,Clarke,0.0,False,,a,1,3,0,199,0,38,0,0.0,0.0,Clarke,244.0,2025-05-02,2007-07-03,False,p563324,0,0,0,0,0,0,0,0,0,0,0,0,0,0.0,0.0,0.0,0.0,0,0.00,0.00,0.00,0.00,0,0,0,0,0,0,0,640,236,628,235,589,226,640,236,,,,,,,0.0,0.0,0.0,0.0,0.0,0.0,705,214,510,193,647,235,781,264,0.0,0.0,3,0,,1,0,Arsenal,0,0,2,ARS,5,,False,0,1350,1350,1390,1400,1310,1300,1,2,Defenders,DEF,Defender,DEF,5,,,3,5,False,[],268
True,False,100.0,100.0,199796,0,0,-1,1,0,2,6.0,4.8,1,Matty,4.8,32,False,,2025-01-31T15:00:08.473024Z,44,199796.jpg,2.8,False,Cash,1.6,False,,a,2,7,76,306407,0,452117,0,1.1,17.3,Cash,172.0,2020-09-03,1997-08-07,False,p199796,2069,1,1,7,22,0,0,0,7,0,0,2,286,359.2,181.0,171.0,71.3,24,0.48,1.23,1.71,28.64,0,0,0,0,0,0,0,202,74,221,52,204,43,228,73,,,,,,,0.02,0.0,0.05,0.07,1.25,0.96,510,92,45,10,166,49,157,61,1.04,0.3,7,0,,2,0,Aston Villa,0,0,6,AVL,3,,False,0,1145,1240,1130,1180,1160,1300,2,2,Defenders,DEF,Defender,DEF,5,,,3,5,False,[],268
True,False,0.0,0.0,165659,0,0,0,0,0,2,0.0,0.0,0,Diego Carlos,0.0,35,False,loaned to Fenerbahçe,2025-01-03T19:30:08.711012Z,45,165659.jpg,2.1,False,Santos Silva,0.3,False,,u,2,7,21,50956,0,95521,0,0.0,4.7,Diego Carlos,30.0,2022-06-10,,False,p165659,828,0,0,2,15,0,0,0,1,0,0,1,69,150.6,9.2,54.0,21.5,8,0.64,0.08,0.72,11.88,0,0,0,0,0,0,0,350,127,469,163,333,109,394,135,,,,,,,0.07,0.0,0.01,0.08,1.29,1.63,370,57,600,241,269,87,316,122,0.87,0.22,7,0,,2,0,Aston Villa,0,0,6,AVL,3,,False,0,1145,1240,1130,1180,1160,1300,2,2,Defenders,DEF,Defender,DEF,5,,,3,5,False,[],268
True,False,,,101188,0,0,-1,1,2,2,2.7,2.0,0,Lucas,2.0,36,False,,,44,101188.jpg,2.8,False,Digne,5.6,False,,a,2,7,89,2217548,0,1914740,0,0.5,20.2,Digne,73.0,2022-01-13,1993-07-20,False,p101188,2348,0,5,6,36,0,0,0,4,0,0,7,383,512.6,583.9,112.0,120.7,28,0.80,3.97,4.77,34.94,0,0,0,0,0,0,0,138,49,57,9,262,73,112,22,2.0,,2.0,,,,0.03,0.0,0.15,0.18,1.34,1.38,498,84,191,58,165,48,67,22,1.07,0.23,7,0,,2,0,Aston Villa,0,0,6,AVL,3,,False,0,1145,1240,1130,1180,1160,1300,2,2,Defenders,DEF,Defender,DEF,5,,,3,5,False,[],268
True,False,,,123354,0,0,-1,1,0,2,0.0,0.0,0,Kortney,0.0,40,False,,,39,123354.jpg,0.0,False,Hause,0.5,False,,a,2,7,0,62708,0,78002,0,0.0,0.0,Hause,241.0,2019-07-01,1995-07-16,False,p123354,0,0,0,0,0,0,0,0,0,0,0,0,0,0.0,0.0,0.0,0.0,0,0.00,0.00,0.00,0.00,0,0,0,0,0,0,0,576,196,556,194,508,177,576,196,,,,,,,0.0,0.0,0.0,0.0,0.0,0.0,743,241,423,136,586,197,256,99,0.0,0.0,7,0,,2,0,Aston Villa,0,0,6,AVL,3,,False,0,1145,1240,1130,1180,1160,1300,2,2,Defenders,DEF,Defender,DEF,5,,,3,5,False,[],268
True,False,0.0,0.0,465390,0,0,0,0,0,2,0.0,0.0,0,Kaine,0.0,43,False,Has joined Preston North End for the rest of the season,2024-08-09T11:14:21.895838Z,40,465390.jpg,0.0,False,Kesler-Hayden,0.0,False,,u,2,7,0,0,0,1686,0,0.0,0.0,Kesler-Hayden,,,,False,p465390,0,0,0,0,0,0,0,0,0,0,0,0,0,0.0,0.0,0.0,0.0,0,0.00,0.00,0.00,0.00,0,0,0,0,0,0,0,614,213,601,211,560,200,614,213,,,,,,,0.0,0.0,0.0,0.0,0.0,0.0,669,181,478,164,621,212,727,247,0.0,0.0,7,0,,2,0,Aston Villa,0,0,6,AVL,3,,False,0,1145,1240,1130,1180,1160,1300,2,2,Defenders,DEF,Defender,DEF,5,,,3,5,False,[],268
True,False,100.0,100.0,199798,0,0,0,0,3,2,8.7,6.8,1,Ezri,6.8,44,False,,2025-02-10T10:00:08.895290Z,45,199798.jpg,3.0,False,Konsa Ngoyo,9.5,False,,a,2,7,103,1756553,0,1967466,0,1.5,22.9,Konsa,241.0,2019-07-11,1997-10-23,False,p199798,2936,2,0,8,45,0,0,0,1,0,0,10,448,532.8,123.9,166.0,82.4,33,1.29,0.61,1.90,43.82,0,0,0,0,0,0,0,126,46,273,76,206,45,195,60,,,,,,,0.04,0.0,0.02,0.06,1.34,1.38,371,58,13,1,141,38,41,15,1.01,0.25,7,0,,2,0,Aston Villa,0,0,6,AVL,3,,False,0,1145,1240,1130,1180,1160,1300,2,2,Defenders,DEF,Defender,DEF,5,,,3,5,False,[],268
True,False,100.0,100.0,441302,0,0,-5,5,0,2,4.3,3.5,1,Ian,3.5,45,False,,2024-11-14T10:00:07.838636Z,45,441302.jpg,2.0,False,Maatsen,1.6,False,,a,2,7,57,161062,0,362749,0,0.8,12.7,Maatsen,152.0,2024-06-28,2002-03-10,False,p441302,1125,1,2,3,16,0,0,0,2,0,0,0,204,252.0,293.4,197.0,74.3,10,0.87,2.43,3.30,17.31,0,0,0,0,0,0,0,272,102,148,30,179,31,222,68,,,,,,,0.07,0.0,0.19,0.26,1.38,1.28,391,69,91,25,295,96,155,60,0.8,0.24,7,0,,2,0,Aston Villa,0,0,6,AVL,3,,False,0,1145,1240,1130,1180,1160,1300,2,2,Defenders,DEF,Defender,DEF,5,,,3,5,False,[],268
True,False,100.0,100.0,149484,0,0,-1,1,2,2,2.0,1.5,0,Tyrone,1.5,49,False,,2025-03-01T08:00:09.097035Z,44,149484.jpg,3.4,False,Mings,0.2,False,,a,2,7,47,55695,0,44736,0,0.3,10.7,Mings,241.0,2019-07-08,1993-03-13,False,p149484,1119,0,1,4,11,0,0,0,1,0,0,5,207,220.4,49.2,74.0,34.6,12,0.88,0.23,1.11,13.20,0,0,0,0,0,0,0,287,106,363,125,301,91,344,116,,,,,,,0.07,0.0,0.02,0.09,1.06,0.88,503,88,232,68,99,20,343,129,0.97,0.32,7,0,,2,0,Aston Villa,0,0,6,AVL,3,,False,0,1145,1240,1130,1180,1160,1300,2,2,Defenders,DEF,Defender,DEF,5,,,3,5,False,[],268
True,False,0.0,0.0,578545,0,0,-1,1,0,2,0.0,0.0,0,Kosta,0.0,50,False,Loaned to RB Leipzig,2025-02-03T18:30:15.024412Z,39,578545.jpg,1.0,False,Nedeljković,0.5,False,,u,2,7,5,256190,0,261330,0,0.0,1.3,Nedeljkovic,190.0,2024-01-22,,False,p578545,121,0,0,0,4,0,0,0,0,0,0,0,11,22.8,7.2,0.0,3.0,0,0.00,0.02,0.02,2.23,0,0,0,0,0,0,0,475,172,470,164,530,186,494,172,,,,,,,0.0,0.0,0.01,0.01,1.66,2.98,775,260,446,147,462,158,264,103,0.0,0.0,7,0,,2,0,Aston Villa,0,0,6,AVL,3,,False,0,1145,1240,1130,1180,1160,1300,2,2,Defenders,DEF,Defender,DEF,5,,,3,5,False,[],268
True,False,100.0,100.0,244954,0,0,-3,3,1,2,4.7,3.5,0,Pau,3.5,52,False,,2024-12-30T23:30:08.107053Z,42,244954.jpg,2.3,False,Torres,0.8,False,,a,2,7,55,267629,0,340115,0,0.8,13.1,Pau,200.0,2023-07-12,1997-01-16,False,p244954,2019,0,0,5,33,0,0,0,2,0,0,3,254,350.6,84.5,102.0,54.0,23,0.51,0.43,0.94,29.69,0,0,0,0,0,0,0,213,77,315,100,271,77,285,85,,,,,,,0.02,0.0,0.02,0.04,1.32,1.47,621,154,90,24,235,74,227,87,1.03,0.22,7,0,,2,0,Aston Villa,0,0,6,AVL,3,,False,0,1145,1240,1130,1180,1160,1300,2,2,Defenders,DEF,Defender,DEF,5,,,3,5,False,[],268
True,False,0.0,0.0,514315,0,0,0,0,0,2,0.0,0.0,0,Lino,0.0,56,False,Loaned to  Bristol Rovers,2024-08-16T11:50:34.812830Z,40,514315.jpg,0.0,False,da Cruz Sousa,0.0,False,,u,2,7,0,0,0,19298,0,0.0,0.0,Sousa,,,,False,p514315,0,0,0,0,0,0,0,0,0,0,0,0,0,0.0,0.0,0.0,0.0,0,0.00,0.00,0.00,0.00,0,0,0,0,0,0,0,626,224,613,222,573,212,626,224,,,,,,,0.0,0.0,0.0,0.0,0.0,0.0,685,196,492,177,633,223,559,194,0.0,0.0,7,0,,2,0,Aston Villa,0,0,6,AVL,3,,False,0,1145,1240,1130,1180,1160,1300,2,2,Defenders,DEF,Defender,DEF,5,,,3,5,False,[],268
True,False,100.0,100.0,220362,0,0,-3,3,0,2,0.0,0.0,0,Axel,0.0,167,False,,2025-02-15T16:00:09.052094Z,42,220362.jpg,2.5,False,Disasi,0.4,False,,a,2,7,33,122107,0,135167,0,0.0,7.9,Disasi,73.0,2025-02-03,1998-03-11,False,p220362,851,1,0,3,12,0,0,0,3,0,0,0,133,169.6,75.6,51.0,29.7,9,0.37,0.37,0.74,16.70,0,0,0,0,0,0,0,336,123,328,105,337,113,365,123,,,,,,,0.04,0.0,0.04,0.08,1.77,1.27,617,150,545,218,203,62,285,110,0.95,0.32,7,0,,2,0,Aston Villa,0,0,6,AVL,3,,False,0,1145,1240,1130,1180,1160,1300,2,2,Defenders,DEF,Defender,DEF,5,,,3,5,False,[],268
True,False,,,515597,0,0,-1,1,0,2,0.0,0.0,0,Lamare,0.0,598,False,,,39,515597.jpg,0.8,False,Bogarde,0.2,False,,a,2,7,6,65189,0,59800,0,0.0,1.5,Bogarde,152.0,2021-01-07,2004-01-05,False,p515597,473,0,0,0,11,0,0,0,2,0,0,0,22,84.8,33.3,15.0,13.3,5,0.04,0.13,0.17,9.28,0,0,0,0,0,0,0,410,147,396,140,417,147,425,149,,,,,,,0.01,0.0,0.02,0.03,1.77,2.09,769,255,441,143,537,180,333,128,0.95,0.0,7,0,,2,0,Aston Villa,0,0,6,AVL,3,,False,0,1145,1240,1130,1180,1160,1300,2,2,Defenders,DEF,Defender,DEF,5,,,3,5,False,[],268
True,False,0.0,0.0,514287,0,0,0,0,0,2,0.0,0.0,0,Sil,0.0,640,False,Loaned to Bristol Rovers,2025-02-04T10:52:01.247463Z,40,514287.jpg,0.0,False,Swinkels,0.1,False,,u,2,7,0,8500,0,8378,0,0.0,0.0,Swinkels,152.0,2021-01-07,,False,p514287,0,0,0,0,0,0,0,0,0,0,0,0,0,0.0,0.0,0.0,0.0,0,0.00,0.00,0.00,0.00,0,0,0,0,0,0,0,625,223,612,221,572,211,625,223,,,,,,,0.0,0.0,0.0,0.0,0.0,0.0,684,195,491,176,632,222,527,184,0.0,0.0,7,0,,2,0,Aston Villa,0,0,6,AVL,3,,False,0,1145,1240,1130,1180,1160,1300,2,2,Defenders,DEF,Defender,DEF,5,,,3,5,False,[],268
True,False,,,606798,0,0,0,0,0,2,0.0,0.0,0,Andrés,0.0,731,False,,,45,606798.jpg,1.1,False,García,0.1,False,,a,2,7,8,15448,0,11668,0,0.0,1.8,A. Garcia,200.0,2025-01-21,2003-02-07,False,p606798,316,0,0,0,5,0,0,0,0,0,0,0,26,45.6,68.4,7.0,12.0,5,0.04,0.49,0.53,6.49,0,0,0,0,0,0,0,443,162,340,111,445,163,431,153,,,,,,,0.01,0.0,0.14,0.15,1.85,1.42,486,79,690,251,448,152,548,190,1.42,0.0,7,0,,2,0,Aston Villa,0,0,6,AVL,3,,False,0,1145,1240,1130,1180,1160,1300,2,2,Defenders,DEF,Defender,DEF,5,,,3,5,False,[],268
True,False,0.0,0.0,232980,0,0,-2,2,0,2,0.0,0.0,0,Max,0.0,59,False,Season-long loan to Valencia,2025-01-17T08:27:29.985824Z,43,232980.jpg,2.7,False,Aarons,0.1,False,,u,3,91,8,12506,0,29224,0,0.0,1.9,Aarons,241.0,2023-08-10,,False,p232980,84,0,0,1,0,0,0,0,0,0,0,0,31,13.2,3.2,0.0,1.7,1,0.00,0.01,0.01,0.28,0,0,0,0,0,0,0,496,179,484,173,627,249,514,178,,,,,,,0.0,0.0,0.01,0.01,0.3,0.0,580,126,557,227,183,55,448,159,1.07,1.07,91,0,,3,0,Bournemouth,0,0,9,BOU,3,,False,0,1170,1200,1120,1180,1220,1220,127,2,Defenders,DEF,Defender,DEF,5,,,3,5,False,[],268
True,False,100.0,75.0,463981,0,0,-1,1,0,2,0.4,0.4,0,James,0.0,68,False,,2025-05-23T14:00:08.258569Z,39,463981.jpg,1.7,False,Hill,0.5,False,,a,3,91,17,112677,0,110218,0,0.0,4.4,Hill,241.0,2022-01-05,2002-01-10,False,p463981,443,0,1,1,9,0,0,0,1,0,0,0,55,97.0,38.4,29.0,16.6,6,0.29,0.25,0.54,8.54,0,0,0,0,0,0,0,403,145,385,134,382,130,411,142,,,,,,,0.06,0.0,0.05,0.11,1.73,1.83,761,250,433,138,345,110,268,105,1.22,0.2,91,0,,3,0,Bournemouth,0,0,9,BOU,3,,False,0,1170,1200,1120,1180,1220,1220,127,2,Defenders,DEF,Defender,DEF,5,,,3,5,False,[],268
True,False,100.0,100.0,544877,0,0,8,-8,2,2,2.3,3.3,6,Milos,2.8,70,False,,2024-11-21T08:30:08.632085Z,53,544877.jpg,3.5,False,Kerkez,20.0,False,,a,3,91,134,3604031,0,1437233,0,0.5,25.3,Kerkez,98.0,2023-07-20,2003-11-07,False,p544877,3336,2,6,9,45,0,0,0,4,0,0,10,550,694.0,642.0,238.0,157.3,38,0.60,2.57,3.17,48.69,0,0,0,0,0,0,0,59,23,46,7,145,19,67,7,,,,,,,0.02,0.0,0.07,0.09,1.31,1.21,157,20,147,40,93,16,16,4,1.03,0.24,91,0,,3,0,Bournemouth,0,0,9,BOU,3,,False,0,1170,1200,1120,1180,1220,1220,127,2,Defenders,DEF,Defender,DEF,5,,,3,5,False,[],268
True,False,0.0,0.0,223911,0,0,-1,1,0,2,0.0,0.0,0,Chris,0.0,72,False,On loan to Sunderland for the season,2024-09-01T09:10:00.945219Z,44,223911.jpg,0.0,False,Mepham,0.0,False,,u,3,91,0,287,0,6330,0,0.0,0.0,Mepham,,,,False,p223911,0,0,0,0,0,0,0,0,0,0,0,0,0,0.0,0.0,0.0,0.0,0,0.00,0.00,0.00,0.00,0,0,0,0,0,0,0,673,258,667,257,640,255,673,258,,,,,,,0.0,0.0,0.0,0.0,0.0,0.0,514,96,571,235,680,257,639,222,0.0,0.0,91,0,,3,0,Bournemouth,0,0,9,BOU,3,,False,0,1170,1200,1120,1180,1220,1220,127,2,Defenders,DEF,Defender,DEF,5,,,3,5,False,[],268
True,False,100.0,100.0,221466,0,0,-4,4,1,2,1.0,2.3,6,Marcos,1.8,79,False,,2024-12-06T10:30:07.568268Z,46,221466.jpg,1.8,False,Senesi,0.3,False,,a,3,91,31,77865,0,150049,0,0.4,6.7,Senesi,10.0,2022-08-08,1997-05-10,False,p221466,1103,0,0,2,17,0,0,0,5,0,0,3,114,271.6,84.2,39.0,39.6,13,0.84,0.48,1.32,14.76,0,0,0,0,0,0,0,259,96,317,101,357,121,325,106,,,,,,,0.07,0.0,0.04,0.11,1.2,1.39,355,51,209,65,332,108,300,117,1.06,0.16,91,0,,3,0,Bournemouth,0,0,9,BOU,3,,False,0,1170,1200,1120,1180,1220,1220,127,2,Defenders,DEF,Defender,DEF,5,,,3,5,False,[],268
True,False,100.0,100.0,54469,0,0,-1,1,0,2,1.3,2.5,6,Adam,2.0,81,False,,2024-12-25T22:30:07.943044Z,44,54469.jpg,2.3,False,Smith,0.1,False,,a,3,91,57,31246,0,41429,0,0.5,13.0,Smith,241.0,2014-01-28,1991-04-29,False,p54469,1586,0,0,6,18,0,0,0,7,0,0,0,161,181.8,147.2,24.0,35.0,19,0.65,0.68,1.33,19.04,0,0,0,0,0,0,0,329,122,251,69,392,136,342,114,,,,,,,0.04,0.0,0.04,0.08,1.08,1.02,497,83,190,57,237,75,417,149,1.08,0.34,91,0,,3,0,Bournemouth,0,0,9,BOU,3,,False,0,1170,1200,1120,1180,1220,1220,127,2,Defenders,DEF,Defender,DEF,5,,,3,5,False,[],268
True,False,100.0,100.0,477580,0,0,-1,1,1,2,2.0,4.3,11,Illia,3.8,85,False,,2025-02-22T21:00:09.748448Z,44,477580.jpg,2.6,False,Zabarnyi,0.5,False,,a,3,91,94,135190,0,127667,0,0.9,21.4,Zabarnyi,225.0,2023-01-31,2002-09-01,False,p477580,3109,0,1,8,42,0,0,0,4,1,0,8,429,651.4,177.0,88.0,92.0,35,1.20,0.76,1.96,42.54,0,0,0,0,0,0,0,74,29,225,55,288,86,164,45,,,,,,,0.03,0.0,0.02,0.05,1.23,1.22,533,106,75,20,189,58,254,98,1.01,0.23,91,0,,3,0,Bournemouth,0,0,9,BOU,3,,False,0,1170,1200,1120,1180,1220,1220,127,2,Defenders,DEF,Defender,DEF,5,,,3,5,False,[],268
True,False,,,554605,0,0,0,0,3,2,3.0,3.7,4,Dean,3.2,580,False,,,45,554605.jpg,3.2,False,Huijsen,5.0,False,,a,3,91,104,1032680,0,509350,0,0.7,23.1,Huijsen,200.0,2024-07-30,2005-04-14,False,p554605,2422,3,2,7,31,0,0,0,10,0,0,14,449,826.4,217.6,193.0,123.6,26,1.82,1.57,3.39,37.44,0,0,0,0,0,0,0,29,10,193,42,187,34,106,20,,,,,,,0.07,0.0,0.06,0.13,1.39,1.15,462,77,105,29,127,32,75,26,0.97,0.26,91,0,,3,0,Bournemouth,0,0,9,BOU,3,,False,0,1170,1200,1120,1180,1220,1220,127,2,Defenders,DEF,Defender,DEF,5,,,3,5,False,[],268
True,False,100.0,100.0,436893,0,0,-2,2,0,2,1.3,1.3,0,Julián,0.8,592,False,,2025-03-07T16:30:09.194335Z,43,436893.jpg,1.0,False,Araujo Zúñiga,0.1,False,,a,3,91,12,12390,0,25151,0,0.2,2.8,J.Araujo,139.0,2024-08-13,2001-08-13,False,p436893,492,0,0,0,10,0,0,0,2,0,0,0,20,56.8,30.6,4.0,9.2,7,0.00,0.10,0.10,9.69,0,0,0,0,0,0,0,436,158,400,143,462,169,449,158,,,,,,,0.0,0.0,0.02,0.02,1.77,1.83,582,128,297,88,479,173,431,155,1.28,0.0,91,0,,3,0,Bournemouth,0,0,9,BOU,3,,False,0,1170,1200,1120,1180,1220,1220,127,2,Defenders,DEF,Defender,DEF,5,,,3,5,False,[],268
True,False,,,496683,0,0,0,0,0,2,0.5,0.5,0,Max,0.0,680,False,,,40,496683.jpg,0.0,False,Kinsey,0.0,False,,a,3,91,0,7631,0,5215,0,0.0,0.0,Kinsey,241.0,2023-02-03,2005-02-02,False,p496683,0,0,0,0,0,0,0,0,0,0,0,0,0,0.0,0.0,0.0,0.0,0,0.00,0.00,0.00,0.00,0,0,0,0,0,0,0,620,218,607,216,566,205,620,218,,,,,,,0.0,0.0,0.0,0.0,0.0,0.0,677,188,485,170,627,217,568,197,0.0,0.0,91,0,,3,0,Bournemouth,0,0,9,BOU,3,,False,0,1170,1200,1120,1180,1220,1220,127,2,Defenders,DEF,Defender,DEF,5,,,3,5,False,[],268
True,False,,,632822,0,0,0,0,0,2,0.5,0.5,0,Archie,0.0,702,False,,,40,632822.jpg,0.0,False,Harris,0.0,False,,a,3,91,0,3804,0,2322,0,0.0,0.0,Harris,241.0,2024-12-25,2004-12-27,False,p632822,0,0,0,0,0,0,0,0,0,0,0,0,0,0.0,0.0,0.0,0.0,0,0.00,0.00,0.00,0.00,0,0,0,0,0,0,0,660,252,648,251,611,244,660,252,,,,,,,0.0,0.0,0.0,0.0,0.0,0.0,731,236,532,211,667,251,624,216,0.0,0.0,91,0,,3,0,Bournemouth,0,0,9,BOU,3,,False,0,1170,1200,1120,1180,1220,1220,127,2,Defenders,DEF,Defender,DEF,5,,,3,5,False,[],268
True,False,,,541462,0,0,0,0,0,2,0.5,0.5,0,Matai,0.0,712,False,,,40,541462.jpg,0.0,False,Akinmboni,0.0,False,,a,3,91,0,1907,0,1169,0,0.0,0.0,Akinmboni,229.0,2025-01-03,2006-10-17,False,p541462,0,0,0,0,0,0,0,0,0,0,0,0,0,0.0,0.0,0.0,0.0,0,0.00,0.00,0.00,0.00,0,0,0,0,0,0,0,633,229,621,228,582,219,633,229,,,,,,,0.0,0.0,0.0,0.0,0.0,0.0,696,205,501,184,640,228,677,229,0.0,0.0,91,0,,3,0,Bournemouth,0,0,9,BOU,3,,False,0,1170,1200,1120,1180,1220,1220,127,2,Defenders,DEF,Defender,DEF,5,,,3,5,False,[],268
True,False,100.0,100.0,575901,0,0,-1,1,0,2,0.7,1.0,1,Julio,0.5,713,False,,2025-01-17T12:00:08.626455Z,39,575901.jpg,1.0,False,Soler,0.0,False,,a,3,91,3,6116,0,2877,0,0.1,0.8,Soler,10.0,2025-01-07,2005-02-16,False,p575901,9,0,0,0,1,0,0,0,0,0,0,0,8,2.2,1.8,0.0,0.4,0,0.00,0.00,0.00,0.08,0,0,0,0,0,0,0,538,190,494,182,529,185,536,190,,,,,,,0.0,0.0,0.0,0.0,0.8,10.0,774,259,328,96,461,157,587,204,0.0,0.0,91,0,,3,0,Bournemouth,0,0,9,BOU,3,,False,0,1170,1200,1120,1180,1220,1220,127,2,Defenders,DEF,Defender,DEF,5,,,3,5,False,[],268
True,False,100.0,100.0,191866,0,0,-1,1,0,2,0.0,0.2,1,Kristoffer,0.2,86,False,,2025-05-11T22:30:08.310592Z,44,191866.jpg,1.6,False,Ajer,0.2,False,,a,4,94,39,43811,0,65694,0,0.0,8.9,Ajer,161.0,2021-07-21,1998-04-17,False,p191866,1433,0,0,3,25,0,0,0,5,0,0,0,120,199.0,128.1,158.0,48.5,17,0.97,0.48,1.45,21.70,0,0,0,0,0,0,0,314,118,267,74,214,51,293,90,,,,,,,0.06,0.0,0.03,0.09,1.36,1.57,508,91,386,129,367,121,359,137,1.07,0.19,94,0,,4,0,Brentford,0,0,10,BRE,3,,False,0,1130,1180,1100,1100,1160,1260,130,2,Defenders,DEF,Defender,DEF,5,,,3,5,False,[],268
True,False,,,432830,0,0,1,-1,2,2,5.2,4.6,2,Nathan,4.6,88,False,,,46,432830.jpg,3.3,False,Collins,4.5,False,,a,4,94,127,992798,0,568992,0,1.0,27.6,Collins,104.0,2023-07-04,2001-04-30,False,p432830,3420,2,7,8,57,0,0,0,5,0,0,11,549,1023.2,160.5,311.0,149.6,38,2.44,1.57,4.01,56.31,0,0,0,0,0,0,0,7,1,239,61,106,7,77,10,,,,,,,0.06,0.0,0.04,0.1,1.48,1.5,357,52,46,11,114,26,83,28,1.0,0.21,94,0,,4,0,Brentford,0,0,10,BRE,3,,False,0,1130,1180,1100,1100,1160,1260,130,2,Defenders,DEF,Defender,DEF,5,,,3,5,False,[],268
True,False,100.0,100.0,194010,0,0,-2,2,0,2,0.5,0.4,0,Rico,0.4,92,False,,2025-01-27T01:00:08.496464Z,43,194010.jpg,0.8,False,Henry,0.0,False,,a,4,94,4,3031,0,8361,0,0.1,0.9,Henry,241.0,2016-08-31,1997-07-08,False,p194010,94,0,0,0,3,0,0,0,0,0,0,0,5,13.6,2.1,2.0,1.7,0,0.00,0.01,0.01,2.16,0,0,0,0,0,0,0,495,178,491,180,472,176,513,177,,,,,,,0.0,0.0,0.01,0.01,2.07,2.87,571,118,363,111,539,182,612,211,0.0,0.0,94,0,,4,0,Brentford,0,0,10,BRE,3,,False,0,1130,1180,1100,1100,1160,1260,130,2,Defenders,DEF,Defender,DEF,5,,,3,5,False,[],268
True,False,100.0,100.0,472713,0,0,-2,2,0,2,0.0,0.0,0,Aaron,0.0,93,False,,2024-08-12T14:30:04.480785Z,43,472713.jpg,0.0,False,Hickey,0.0,False,,a,4,94,0,874,0,3168,0,0.0,0.0,Hickey,243.0,2022-07-09,2002-06-10,False,p472713,0,0,0,0,0,0,0,0,0,0,0,0,0,0.0,0.0,0.0,0.0,0,0.00,0.00,0.00,0.00,0,0,0,0,0,0,0,667,255,661,254,630,250,667,255,,,,,,,0.0,0.0,0.0,0.0,0.0,0.0,586,130,560,229,674,254,705,241,0.0,0.0,94,0,,4,0,Brentford,0,0,10,BRE,3,,False,0,1130,1180,1100,1100,1160,1260,130,2,Defenders,DEF,Defender,DEF,5,,,3,5,False,[],268
True,False,,,570241,0,0,-1,1,0,2,0.0,0.0,0,Kim,0.0,96,False,,,39,570241.jpg,1.0,False,Ji-soo,0.3,False,,a,4,94,3,50776,0,51743,0,0.0,0.8,Ji-soo,114.0,2023-07-20,2004-12-24,False,p570241,28,0,0,0,0,0,0,0,0,0,0,0,8,5.0,0.8,0.0,0.6,0,0.00,0.00,0.00,0.32,0,0,0,0,0,0,0,518,187,501,184,528,184,531,187,,,,,,,0.0,0.0,0.0,0.0,1.03,0.0,773,258,445,146,460,156,308,119,0.0,0.0,94,0,,4,0,Brentford,0,0,10,BRE,3,,False,0,1130,1180,1100,1100,1160,1260,130,2,Defenders,DEF,Defender,DEF,5,,,3,5,False,[],268
True,False,100.0,0.0,51927,0,0,-3,3,0,2,0.0,0.0,0,Ben,0.0,100,False,,2025-05-24T20:00:08.168309Z,42,51927.jpg,1.3,False,Mee,0.3,False,,a,4,94,9,31324,0,91112,0,0.0,2.1,Mee,241.0,2022-07-21,1989-09-21,False,p51927,180,0,0,1,4,0,0,0,2,0,0,0,30,36.8,3.0,6.0,4.6,2,0.00,0.02,0.02,2.71,0,0,0,0,0,0,0,454,168,485,174,447,164,486,170,,,,,,,0.0,0.0,0.01,0.01,1.36,2.0,600,137,536,212,420,144,310,120,1.0,0.5,94,0,,4,0,Brentford,0,0,10,BRE,3,,False,0,1130,1180,1100,1100,1160,1260,130,2,Defenders,DEF,Defender,DEF,5,,,3,5,False,[],268
True,False,100.0,100.0,231065,0,0,-1,1,0,2,0.0,0.0,0,Ethan,0.0,104,False,,2024-12-19T00:30:06.525832Z,44,231065.jpg,2.1,False,Pinnock,0.3,False,,a,4,94,47,187732,0,211708,0,0.0,10.7,Pinnock,107.0,2019-07-02,1993-05-29,False,p231065,1912,2,0,2,35,1,0,0,2,0,0,0,233,540.2,101.2,193.0,83.6,21,1.08,0.64,1.72,34.33,0,0,0,0,0,0,0,123,45,298,89,186,33,190,58,,,,,,,0.05,0.0,0.03,0.08,1.62,1.65,520,98,573,236,268,86,319,124,0.99,0.09,94,0,,4,0,Brentford,0,0,10,BRE,3,,False,0,1130,1180,1100,1100,1160,1260,130,2,Defenders,DEF,Defender,DEF,5,,,3,5,False,[],268
True,False,0.0,0.0,226956,0,0,-2,2,0,2,0.0,0.0,0,Mads,0.0,105,False,Loaned to VfL Wolfsburg,2025-01-30T11:40:19.558849Z,43,226956.jpg,1.9,False,Roerslev Rasmussen,0.1,False,,u,4,94,36,18746,0,24856,0,0.0,8.4,Roerslev,58.0,2019-10-27,,False,p226956,1100,0,2,2,20,0,0,0,2,0,0,0,125,214.4,185.8,78.0,48.0,11,0.20,2.09,2.29,21.52,0,0,0,0,0,0,0,296,107,218,51,299,90,295,92,,,,,,,0.02,0.0,0.17,0.19,1.76,1.64,578,124,556,226,311,101,507,180,0.9,0.16,94,0,,4,0,Brentford,0,0,10,BRE,3,,False,0,1130,1180,1100,1100,1160,1260,130,2,Defenders,DEF,Defender,DEF,5,,,3,5,False,[],268
True,False,0.0,0.0,48760,0,0,0,0,0,2,0.0,0.0,0,Mathias,0.0,112,False,Joined Anderlecht,2024-08-16T11:51:35.999618Z,45,48760.jpg,0.0,False,Jorgensen,0.0,False,,u,4,94,0,0,0,4144,0,0.0,0.0,Zanka,,,,False,p48760,0,0,0,0,0,0,0,0,0,0,0,0,0,0.0,0.0,0.0,0.0,0,0.00,0.00,0.00,0.00,0,0,0,0,0,0,0,686,259,681,258,658,256,686,259,,,,,,,0.0,0.0,0.0,0.0,0.0,0.0,361,54,595,238,691,258,710,242,0.0,0.0,94,0,,4,0,Brentford,0,0,10,BRE,3,,False,0,1130,1180,1100,1100,1160,1260,130,2,Defenders,DEF,Defender,DEF,5,,,3,5,False,[],268
True,False,100.0,100.0,444765,0,0,1,-1,1,2,3.2,3.0,2,Sepp,3.0,338,False,,2025-02-15T18:30:08.884546Z,41,444765.jpg,2.0,False,van den Berg,1.5,False,,a,4,94,62,674947,0,577807,0,0.7,15.1,Van den Berg,152.0,2024-08-22,2001-12-20,False,p444765,2584,0,1,5,49,0,0,0,3,0,0,1,266,587.4,108.3,226.0,92.3,29,2.09,0.52,2.61,44.61,0,0,0,0,0,0,0,106,38,289,86,156,24,162,44,,,,,,,0.07,0.0,0.02,0.09,1.55,1.71,632,162,118,32,290,93,158,62,1.01,0.17,94,0,,4,0,Brentford,0,0,10,BRE,3,,False,0,1130,1180,1100,1100,1160,1260,130,2,Defenders,DEF,Defender,DEF,5,,,3,5,False,[],268
True,False,0.0,0.0,499717,0,0,0,0,0,2,0.0,0.0,0,Jayden,0.0,649,False,Loaned to Preston North End,2025-01-17T12:25:36.920912Z,40,499717.jpg,1.0,False,Meghoma,0.0,False,,u,4,94,1,5922,0,6248,0,0.0,0.2,Meghoma,241.0,2024-08-30,,False,p499717,4,0,0,0,0,0,0,0,0,0,0,0,3,0.2,0.3,0.0,0.1,0,0.00,0.00,0.00,0.14,0,0,0,0,0,0,0,548,195,510,188,568,207,548,194,,,,,,,0.0,0.0,0.0,0.0,3.15,0.0,679,190,487,172,467,161,600,208,0.0,0.0,94,0,,4,0,Brentford,0,0,10,BRE,3,,False,0,1130,1180,1100,1100,1160,1260,130,2,Defenders,DEF,Defender,DEF,5,,,3,5,False,[],268
True,False,,,622536,0,0,0,0,0,2,0.0,0.0,0,Benjamin,0.0,705,False,,,40,622536.jpg,0.0,False,Arthur,0.0,False,,a,4,94,0,3902,0,2289,0,0.0,0.0,Arthur,241.0,2024-03-08,2005-10-09,False,p622536,0,0,0,0,0,0,0,0,0,0,0,0,0,0.0,0.0,0.0,0.0,0,0.00,0.00,0.00,0.00,0,0,0,0,0,0,0,658,250,646,249,609,242,658,250,,,,,,,0.0,0.0,0.0,0.0,0.0,0.0,729,234,530,209,665,249,620,215,0.0,0.0,94,0,,4,0,Brentford,0,0,10,BRE,3,,False,0,1130,1180,1100,1100,1160,1260,130,2,Defenders,DEF,Defender,DEF,5,,,3,5,False,[],268
True,False,100.0,100.0,607464,0,0,0,0,0,2,4.5,4.0,2,Michael,4.0,757,False,,2025-05-18T20:30:07.973848Z,45,607464.jpg,2.2,False,Kayode,0.1,False,,a,4,94,27,21242,0,7111,0,0.9,6.0,Kayode,106.0,2025-01-24,2004-07-10,False,p607464,523,0,1,2,5,0,0,0,2,0,0,0,115,105.2,105.2,30.0,24.2,6,0.19,0.70,0.89,6.66,0,0,0,0,0,0,0,393,140,291,88,380,129,381,129,,,,,,,0.03,0.0,0.12,0.15,1.15,0.86,487,80,61,16,254,82,419,150,1.03,0.34,94,0,,4,0,Brentford,0,0,10,BRE,3,,False,0,1130,1180,1100,1100,1160,1260,130,2,Defenders,DEF,Defender,DEF,5,,,3,5,False,[],268
True,False,,,612534,0,0,0,0,0,2,0.0,0.0,0,Benjamin,0.0,786,False,,,40,612534.jpg,0.0,False,Fredrick,0.0,False,,a,4,94,0,408,0,193,0,0.0,0.0,Benjamin Fredrick,157.0,2024-01-05,2005-05-28,False,p612534,0,0,0,0,0,0,0,0,0,0,0,0,0,0.0,0.0,0.0,0.0,0,0.00,0.00,0.00,0.00,0,0,0,0,0,0,0,654,248,642,247,604,239,654,248,,,,,,,0.0,0.0,0.0,0.0,0.0,0.0,723,230,526,207,661,247,749,255,0.0,0.0,94,0,,4,0,Brentford,0,0,10,BRE,3,,False,0,1130,1180,1100,1100,1160,1260,130,2,Defenders,DEF,Defender,DEF,5,,,3,5,False,[],268
True,False,0.0,0.0,543158,0,0,0,0,0,2,0.0,0.0,0,Valentín,0.0,116,False,Loaned to Sevilla,2024-08-23T23:00:06.122778Z,40,543158.jpg,0.0,False,Barco,1.9,False,,u,5,36,0,34254,0,2012896,0,0.0,0.0,Barco,,,,False,p543158,0,0,0,0,0,0,0,0,0,0,0,0,0,0.0,0.0,0.0,0.0,0,0.00,0.00,0.00,0.00,0,0,0,0,0,0,0,634,230,622,229,583,220,634,230,,,,,,,0.0,0.0,0.0,0.0,0.0,0.0,697,206,502,185,641,229,141,54,0.0,0.0,36,0,,5,0,Brighton,0,0,8,BHA,3,,False,0,1140,1165,1090,1140,1190,1190,131,2,Defenders,DEF,Defender,DEF,5,,,3,5,False,[],268
True,False,100.0,100.0,83299,0,0,-3,3,0,2,0.8,0.5,0,Lewis,0.5,120,False,,2025-05-11T22:30:08.354775Z,42,83299.jpg,1.8,False,Dunk,2.3,False,,a,5,36,44,764625,0,1018224,0,0.1,10.5,Dunk,241.0,2009-07-01,1991-11-21,False,p83299,2081,0,1,4,42,1,0,0,5,0,0,0,223,425.4,115.7,128.0,66.9,23,0.81,1.02,1.83,35.69,0,0,0,0,0,0,0,170,63,279,79,242,65,246,78,,,4.0,,,,0.04,0.0,0.04,0.08,1.54,1.82,604,139,331,99,327,106,131,50,0.99,0.17,36,0,,5,0,Brighton,0,0,8,BHA,3,,False,0,1140,1165,1090,1140,1190,1190,131,2,Defenders,DEF,Defender,DEF,5,,,3,5,False,[],268
True,False,100.0,100.0,204214,0,0,-1,1,1,2,2.8,2.5,0,Pervis,2.5,122,False,,2025-01-26T12:00:08.902967Z,49,204214.jpg,2.1,False,Estupiñán,1.3,False,,a,5,36,63,528145,0,429681,0,0.5,12.9,Estupiñan,62.0,2022-07-16,1998-01-21,False,p204214,2399,1,1,3,44,0,0,0,5,0,0,7,313,504.4,530.1,173.0,120.8,26,1.09,2.43,3.52,39.85,0,0,0,0,0,0,0,141,51,68,13,203,42,111,21,2.0,,2.0,,,,0.04,0.0,0.09,0.13,1.49,1.65,255,30,160,47,279,89,177,70,0.98,0.11,36,0,,5,0,Brighton,0,0,8,BHA,3,,False,0,1140,1165,1090,1140,1190,1190,131,2,Defenders,DEF,Defender,DEF,5,,,3,5,False,[],268
True,False,100.0,100.0,223434,0,0,-2,2,0,2,0.0,0.2,1,Igor Julio,0.2,128,False,,2025-01-04T22:00:07.109334Z,43,223434.jpg,1.4,False,dos Santos de Paulo,0.1,False,,a,5,36,18,13630,0,21072,0,0.0,4.2,Igor,30.0,2023-07-26,1998-02-07,False,p223434,959,0,0,1,17,0,0,0,4,0,0,0,113,189.6,54.7,4.0,24.9,10,0.05,0.25,0.30,17.21,0,0,0,0,0,0,0,321,120,356,120,461,168,379,128,,,,,,,0.0,0.0,0.02,0.02,1.62,1.6,577,123,382,126,404,138,497,176,0.94,0.09,36,0,,5,0,Brighton,0,0,8,BHA,3,,False,0,1140,1165,1090,1140,1190,1190,131,2,Defenders,DEF,Defender,DEF,5,,,3,5,False,[],268
True,False,75.0,75.0,232792,0,0,-1,1,1,2,0.4,0.4,0,Tariq,0.5,131,False,Knee injury - 75% chance of playing,2025-05-19T22:00:08.215017Z,44,232792.jpg,2.8,False,Lamptey,0.2,False,,d,5,36,42,89625,0,96642,0,0.1,9.5,Lamptey,81.0,2020-01-31,2000-09-30,False,p232792,856,2,2,2,21,0,0,0,0,0,0,1,99,213.6,101.0,52.0,36.8,10,0.38,0.80,1.18,15.36,0,0,0,0,0,0,0,298,108,300,91,335,111,334,111,,,,,,,0.04,0.0,0.08,0.12,1.61,2.21,522,100,340,105,167,50,345,131,1.05,0.21,36,0,,5,0,Brighton,0,0,8,BHA,3,,False,0,1140,1165,1090,1140,1190,1190,131,2,Defenders,DEF,Defender,DEF,5,,,3,5,False,[],268
True,False,0.0,0.0,445548,0,0,0,0,0,2,0.0,0.0,0,Odeluga,0.0,139,False,Loaned to Blackpool,2024-08-31T06:26:46.238644Z,40,445548.jpg,0.0,False,Offiah,0.1,False,,u,5,36,0,2639,0,13830,0,0.0,0.0,Offiah,,,,False,p445548,0,0,0,0,0,0,0,0,0,0,0,0,0,0.0,0.0,0.0,0.0,0,0.00,0.00,0.00,0.00,0,0,0,0,0,0,0,606,210,593,208,552,197,606,210,,,,,,,0.0,0.0,0.0,0.0,0.0,0.0,661,178,470,161,613,209,550,191,0.0,0.0,36,0,,5,0,Brighton,0,0,8,BHA,3,,False,0,1140,1165,1090,1140,1190,1190,131,2,Defenders,DEF,Defender,DEF,5,,,3,5,False,[],268
True,False,100.0,100.0,469142,0,0,0,0,2,2,2.5,3.0,2,Jan Paul,3.0,144,False,,2025-04-19T21:00:07.484058Z,45,469142.jpg,2.6,False,van Hecke,0.7,False,,a,5,36,87,322311,0,294037,0,0.7,19.3,Van Hecke,152.0,2020-09-10,2000-06-08,False,p469142,2960,1,1,7,47,0,0,0,6,1,0,7,406,736.6,261.8,182.0,118.3,33,1.32,1.41,2.73,44.67,0,0,0,0,0,0,0,46,18,167,33,197,37,118,26,,,,,,,0.04,0.0,0.04,0.08,1.36,1.43,404,70,123,34,191,59,235,91,1.0,0.21,36,0,,5,0,Brighton,0,0,8,BHA,3,,False,0,1140,1165,1090,1140,1190,1190,131,2,Defenders,DEF,Defender,DEF,5,,,3,5,False,[],268
True,False,100.0,100.0,111478,0,0,-2,2,1,2,0.2,0.2,0,Joël,0.2,145,False,,2025-05-11T22:30:08.389691Z,43,111478.jpg,2.8,False,Veltman,1.1,False,,a,5,36,59,646181,0,667942,0,0.0,13.7,Veltman,152.0,2020-07-29,1992-01-15,False,p111478,1694,0,0,6,24,0,0,0,5,0,0,7,249,273.0,147.2,59.0,48.1,19,0.47,1.31,1.78,24.83,0,0,0,0,0,0,0,257,95,250,68,322,102,294,91,,,,,,,0.02,0.0,0.07,0.09,1.32,1.28,565,113,380,124,164,47,192,77,1.01,0.32,36,0,,5,0,Brighton,0,0,8,BHA,3,,False,0,1140,1165,1090,1140,1190,1190,131,2,Defenders,DEF,Defender,DEF,5,,,3,5,False,[],268
True,False,100.0,100.0,110735,0,0,-2,2,0,2,2.0,3.2,5,Adam,3.2,147,False,,2025-03-30T02:00:08.587962Z,43,110735.jpg,2.8,False,Webster,0.1,False,,a,5,36,39,15333,0,20702,0,0.7,9.1,Webster,241.0,2019-08-03,1995-01-04,False,p110735,885,0,1,4,11,0,0,0,1,0,0,2,167,198.4,49.7,55.0,30.2,11,0.25,0.28,0.53,14.26,0,0,0,0,0,0,0,315,119,362,124,331,107,363,122,,,,,,,0.03,0.0,0.03,0.06,1.45,1.12,564,112,103,27,163,46,480,168,1.12,0.41,36,0,,5,0,Brighton,0,0,8,BHA,3,,False,0,1140,1165,1090,1140,1190,1190,131,2,Defenders,DEF,Defender,DEF,5,,,3,5,False,[],268
True,False,0.0,0.0,231416,0,0,-1,1,0,2,0.0,0.0,0,Ferdi,0.0,628,False,Toe Injury - Expected back 01 Jun,2024-11-10T01:30:09.967684Z,44,231416.jpg,3.2,False,Kadioglu,0.1,False,,i,5,36,19,74231,0,72494,0,0.0,4.3,F.Kadıoğlu,219.0,2024-08-27,1999-10-07,False,p231416,385,1,0,2,8,0,0,0,1,0,0,0,59,116.4,83.7,40.0,24.0,5,0.44,0.31,0.75,9.44,0,0,0,0,0,0,0,378,134,318,102,355,119,383,131,,,,,,,0.1,0.0,0.07,0.17,2.21,1.87,521,99,574,237,125,30,477,167,1.17,0.47,36,0,,5,0,Brighton,0,0,8,BHA,3,,False,0,1140,1165,1090,1140,1190,1190,131,2,Defenders,DEF,Defender,DEF,5,,,3,5,False,[],268
True,False,0.0,0.0,447720,0,0,0,0,0,2,0.0,0.0,0,Imari,0.0,663,False,Loaned to Dundee,2025-01-17T12:29:48.647053Z,40,447720.jpg,0.0,False,Samuels,0.0,False,,u,5,36,0,5264,0,5277,0,0.0,0.0,Samuels,241.0,2023-05-17,,False,p447720,0,0,0,0,0,0,0,0,0,0,0,0,0,0.0,0.0,0.0,0.0,0,0.00,0.00,0.00,0.00,0,0,0,0,0,0,0,607,211,594,209,553,198,607,211,,,,,,,0.0,0.0,0.0,0.0,0.0,0.0,662,179,471,162,614,210,619,214,0.0,0.0,36,0,,5,0,Brighton,0,0,8,BHA,3,,False,0,1140,1165,1090,1140,1190,1190,131,2,Defenders,DEF,Defender,DEF,5,,,3,5,False,[],268
True,False,0.0,0.0,539721,0,0,0,0,0,2,0.0,0.0,0,Ruairi,0.0,681,False,Loaned to Norwich City,2025-02-04T10:51:39.862174Z,40,539721.jpg,0.0,False,McConville,0.0,False,,u,5,36,0,1473,0,1598,0,0.0,0.0,McConville,242.0,2024-11-22,,False,p539721,0,0,0,0,0,0,0,0,0,0,0,0,0,0.0,0.0,0.0,0.0,0,0.00,0.00,0.00,0.00,0,0,0,0,0,0,0,632,228,620,227,581,218,632,228,,,,,,,0.0,0.0,0.0,0.0,0.0,0.0,695,204,500,183,639,227,704,240,0.0,0.0,36,0,,5,0,Brighton,0,0,8,BHA,3,,False,0,1140,1165,1090,1140,1190,1190,131,2,Defenders,DEF,Defender,DEF,5,,,3,5,False,[],268
True,False,,,589100,0,0,0,0,0,2,0.0,0.0,0,Jacob,0.0,685,False,,,40,589100.jpg,0.0,False,Slater,0.0,False,,a,5,36,0,3069,0,2307,0,0.0,0.0,Slater,104.0,2024-11-28,2004-10-05,False,p589100,0,0,0,0,0,0,0,0,0,0,0,0,0,0.0,0.0,0.0,0.0,0,0.00,0.00,0.00,0.00,0,0,0,0,0,0,0,646,240,634,239,595,230,646,240,,,,,,,0.0,0.0,0.0,0.0,0.0,0.0,713,220,517,198,653,239,635,220,0.0,0.0,36,0,,5,0,Brighton,0,0,8,BHA,3,,False,0,1140,1165,1090,1140,1190,1190,131,2,Defenders,DEF,Defender,DEF,5,,,3,5,False,[],268
True,False,,,439135,0,0,0,0,0,2,0.0,0.0,0,Eiran,0.0,763,False,,,45,439135.jpg,0.5,False,Cashin,0.0,False,,a,5,36,1,2334,0,1469,0,0.0,0.2,Cashin,104.0,2025-01-31,2001-11-09,False,p439135,19,0,0,0,2,0,0,0,0,0,0,0,-2,7.0,0.6,0.0,0.7,0,0.00,0.00,0.00,0.44,0,0,0,0,0,0,0,509,181,503,185,677,263,530,186,,,,,,,0.0,0.0,0.0,0.0,2.08,9.47,390,68,613,246,556,194,672,227,0.0,0.0,36,0,,5,0,Brighton,0,0,8,BHA,3,,False,0,1140,1165,1090,1140,1190,1190,131,2,Defenders,DEF,Defender,DEF,5,,,3,5,False,[],268
True,False,,,547720,0,0,0,0,0,2,0.0,0.0,0,Charlie,0.0,791,False,,,40,547720.jpg,0.0,False,Tasker,0.0,False,,a,5,36,0,248,0,108,0,0.0,0.0,Charlie Tasker,241.0,2025-03-28,2006-02-24,False,p547720,0,0,0,0,0,0,0,0,0,0,0,0,0,0.0,0.0,0.0,0.0,0,0.00,0.00,0.00,0.00,0,0,0,0,0,0,0,637,233,625,232,586,223,637,233,,,,,,,0.0,0.0,0.0,0.0,0.0,0.0,701,210,506,189,644,232,771,261,0.0,0.0,36,0,,5,0,Brighton,0,0,8,BHA,3,,False,0,1140,1165,1090,1140,1190,1190,131,2,Defenders,DEF,Defender,DEF,5,,,3,5,False,[],268
True,False,,,604988,0,0,0,0,0,2,0.0,0.0,0,Freddie,0.0,794,False,,,40,604988.jpg,0.0,False,Simmonds,0.0,False,,a,5,36,0,148,0,64,0,0.0,0.0,Freddie Simmonds,241.0,2024-07-01,2008-03-09,False,p604988,0,0,0,0,0,0,0,0,0,0,0,0,0,0.0,0.0,0.0,0.0,0,0.00,0.00,0.00,0.00,0,0,0,0,0,0,0,651,245,639,244,601,236,651,245,,,,,,,0.0,0.0,0.0,0.0,0.0,0.0,719,226,523,204,658,244,783,265,0.0,0.0,36,0,,5,0,Brighton,0,0,8,BHA,3,,False,0,1140,1165,1090,1140,1190,1190,131,2,Defenders,DEF,Defender,DEF,5,,,3,5,False,[],268
True,False,100.0,100.0,242880,0,0,-3,3,0,2,-0.5,-0.5,0,Benoît,0.0,153,False,,2024-12-16T10:30:07.655172Z,42,242880.jpg,1.4,False,Badiashile,0.1,False,,a,6,8,7,12686,0,22025,0,0.0,1.7,B.Badiashile,73.0,2023-01-05,2001-03-26,False,p242880,332,0,0,0,5,0,0,0,0,0,0,0,35,66.0,12.6,0.0,7.9,3,0.00,0.08,0.08,5.34,0,0,0,0,0,0,0,427,155,448,160,621,246,457,161,,,,,,,0.0,0.0,0.02,0.02,1.45,1.36,620,153,547,220,400,134,482,169,0.81,0.0,8,0,,6,0,Chelsea,0,0,4,CHE,3,,False,0,1155,1235,1120,1170,1190,1300,4,2,Defenders,DEF,Defender,DEF,5,,,3,5,False,[],268
True,False,100.0,100.0,180736,0,0,-1,1,4,2,2.5,0.3,0,Trevoh,0.8,159,False,,2025-02-22T21:00:09.834402Z,44,180736.jpg,3.7,False,Chalobah,0.7,False,,a,6,8,93,279303,0,230679,0,0.2,21.1,Chalobah,241.0,2018-02-16,1999-07-05,False,p180736,1969,3,1,6,25,0,0,0,3,0,0,11,379,496.4,124.2,222.0,84.6,23,1.98,0.64,2.62,27.15,0,0,0,0,0,0,0,145,55,272,75,158,25,187,56,,,,,,,0.09,0.0,0.03,0.12,1.24,1.14,507,90,301,91,68,9,234,90,1.05,0.27,8,0,,6,0,Chelsea,0,0,4,CHE,3,,False,0,1155,1235,1120,1170,1190,1300,4,2,Defenders,DEF,Defender,DEF,5,,,3,5,False,[],268
True,False,100.0,100.0,460028,0,0,-1,1,2,2,3.0,5.3,15,Levi,5.8,162,False,,2025-01-17T15:00:07.145576Z,44,460028.jpg,3.1,False,Colwill,2.4,False,,a,6,8,109,1105860,0,958654,0,1.3,24.8,Colwill,241.0,2022-07-01,2003-02-26,False,p460028,3150,2,1,10,41,0,0,0,9,0,0,6,461,692.0,214.3,185.0,109.4,35,1.92,1.31,3.23,43.52,0,0,0,0,0,0,0,60,24,194,43,195,36,133,35,,,,,,,0.05,0.0,0.04,0.09,1.24,1.17,531,105,25,7,132,35,125,46,1.0,0.29,8,0,,6,0,Chelsea,0,0,4,CHE,3,,False,0,1155,1235,1120,1170,1190,1300,4,2,Defenders,DEF,Defender,DEF,5,,,3,5,False,[],268
True,False,100.0,100.0,179268,0,0,4,-4,5,2,5.5,6.0,8,Marc,6.5,163,False,,2024-12-16T09:30:06.586582Z,54,179268.jpg,3.7,False,Cucurella Saseta,11.8,False,,a,6,8,133,2224687,0,1662071,0,1.2,24.6,Cucurella,200.0,2022-08-05,1998-07-22,False,p179268,2988,5,2,9,38,0,0,0,8,1,0,14,533,668.6,350.6,358.0,137.9,33,2.79,2.39,5.18,39.94,0,0,0,0,0,0,0,71,28,116,25,94,5,90,12,,,,,,,0.08,0.0,0.07,0.15,1.2,1.14,129,13,14,2,72,11,35,14,0.99,0.27,8,0,,6,0,Chelsea,0,0,4,CHE,3,,False,0,1155,1235,1120,1170,1190,1300,4,2,Defenders,DEF,Defender,DEF,5,,,3,5,False,[],268
True,False,0.0,0.0,514280,0,0,0,0,0,2,0.0,0.0,0,Alfie,0.0,170,False,Has joined Sheffield United on a season-long,2024-08-09T11:15:16.064928Z,40,514280.jpg,0.0,False,Gilchrist,0.0,False,,u,6,8,0,0,0,7629,0,0.0,0.0,Gilchrist,,,,False,p514280,0,0,0,0,0,0,0,0,0,0,0,0,0,0.0,0.0,0.0,0.0,0,0.00,0.00,0.00,0.00,0,0,0,0,0,0,0,624,222,611,220,571,210,624,222,,,,,,,0.0,0.0,0.0,0.0,0.0,0.0,683,194,490,175,631,221,636,221,0.0,0.0,8,0,,6,0,Chelsea,0,0,4,CHE,3,,False,0,1155,1235,1120,1170,1190,1300,4,2,Defenders,DEF,Defender,DEF,5,,,3,5,False,[],268
True,False,100.0,100.0,482609,0,0,-1,1,0,2,0.3,0.5,1,Malo,1.0,171,False,,2025-04-21T04:30:07.650673Z,49,482609.jpg,1.9,False,Gusto,1.4,False,,a,6,8,60,368106,0,563610,0,0.2,12.2,Gusto,73.0,2023-01-28,2003-05-19,False,p482609,1853,0,1,4,26,0,0,0,4,0,0,2,285,336.8,394.6,147.0,87.9,19,1.44,1.91,3.35,27.43,0,0,0,0,0,0,0,222,83,103,22,226,57,173,50,,,,,,,0.07,0.0,0.09,0.16,1.33,1.26,269,34,282,83,319,103,171,68,0.92,0.19,8,0,,6,0,Chelsea,0,0,4,CHE,3,,False,0,1155,1235,1120,1170,1190,1300,4,2,Defenders,DEF,Defender,DEF,5,,,3,5,False,[],268
True,False,100.0,100.0,225796,0,0,-2,2,1,2,2.7,4.0,6,Reece,4.5,172,False,,2024-11-21T14:00:08.020459Z,48,225796.jpg,2.8,False,James,1.1,False,,a,6,8,54,297018,0,211689,0,0.9,11.2,James,241.0,2019-05-15,1999-12-08,False,p225796,1057,1,2,3,14,0,0,0,1,0,0,5,223,207.6,202.1,56.0,46.7,12,0.45,1.15,1.60,16.10,0,0,0,0,0,0,0,303,110,209,48,329,105,301,94,2.0,,2.0,,,,0.04,0.0,0.1,0.14,1.37,1.19,302,38,47,12,173,53,197,78,1.02,0.26,8,0,,6,0,Chelsea,0,0,4,CHE,3,,False,0,1155,1235,1120,1170,1190,1300,4,2,Defenders,DEF,Defender,DEF,5,,,3,5,False,[],268
True,False,0.0,0.0,204727,0,0,0,0,0,2,0.0,0.0,0,Malang,0.0,176,False,Permanent move to RC Lens,2024-07-29T09:46:25.583703Z,45,204727.jpg,0.0,False,Sarr,0.0,False,,u,6,8,0,0,0,457,0,0.0,0.0,M.Sarr,,,,False,p204727,0,0,0,0,0,0,0,0,0,0,0,0,0,0.0,0.0,0.0,0.0,0,0.00,0.00,0.00,0.00,0,0,0,0,0,0,0,692,262,688,261,667,259,692,262,,,,,,,0.0,0.0,0.0,0.0,0.0,0.0,374,60,602,242,697,261,777,262,0.0,0.0,8,0,,6,0,Chelsea,0,0,4,CHE,3,,False,0,1155,1235,1120,1170,1190,1300,4,2,Defenders,DEF,Defender,DEF,5,,,3,5,False,[],268
True,False,,,109646,0,0,-3,3,0,2,1.5,3.0,6,Tosin,3.5,187,False,,,42,109646.jpg,3.2,False,Adarabioyo,0.3,False,,a,6,8,71,101592,0,94547,0,0.8,16.9,Tosin,241.0,2024-07-01,1997-09-24,False,p109646,1403,1,1,7,14,0,0,0,4,0,0,7,305,352.2,48.2,92.0,49.6,15,0.93,0.23,1.16,19.62,0,0,0,0,0,0,0,212,76,366,127,284,85,292,89,,,,,,,0.06,0.0,0.01,0.07,1.26,0.9,608,142,89,23,122,29,294,114,0.96,0.45,8,0,,6,0,Chelsea,0,0,4,CHE,3,,False,0,1155,1235,1120,1170,1190,1300,4,2,Defenders,DEF,Defender,DEF,5,,,3,5,False,[],268
True,False,0.0,0.0,444463,0,0,-2,2,0,2,0.0,0.0,0,Wesley,0.0,189,False,Muscle injury - Expected back 01 Jun,2025-04-04T12:00:08.691373Z,43,444463.jpg,1.9,False,Fofana,0.2,False,,i,6,8,26,86707,0,109766,0,0.0,6.0,W.Fofana,73.0,2022-08-31,2000-12-17,False,p444463,1172,0,0,2,13,0,0,0,7,0,0,2,162,200.2,85.0,33.0,31.9,14,0.44,0.18,0.62,14.76,0,0,0,0,0,0,0,312,117,314,99,370,126,355,118,,,,,,,0.03,0.0,0.01,0.04,1.13,1.0,583,129,558,228,312,102,331,127,1.08,0.15,8,0,,6,0,Chelsea,0,0,4,CHE,3,,False,0,1155,1235,1120,1170,1190,1300,4,2,Defenders,DEF,Defender,DEF,5,,,3,5,False,[],268
True,False,0.0,0.0,488464,0,0,0,0,0,2,0.0,0.0,0,Caleb,0.0,575,False,Loaned to Strasbourg,2024-08-13T07:07:06.645739Z,40,488464.jpg,0.0,False,Wiley,0.0,False,,u,6,8,0,0,0,3964,0,0.0,0.0,Wiley,,,,False,p488464,0,0,0,0,0,0,0,0,0,0,0,0,0,0.0,0.0,0.0,0.0,0,0.00,0.00,0.00,0.00,0,0,0,0,0,0,0,616,215,603,213,562,202,616,215,,,,,,,0.0,0.0,0.0,0.0,0.0,0.0,673,185,481,167,623,214,679,230,0.0,0.0,8,0,,6,0,Chelsea,0,0,4,CHE,3,,False,0,1155,1235,1120,1170,1190,1300,4,2,Defenders,DEF,Defender,DEF,5,,,3,5,False,[],268
True,False,,,577016,0,0,0,0,0,2,-0.5,-0.5,0,Josh,0.0,697,False,,,40,577016.jpg,1.0,False,Acheampong,0.1,False,,a,6,8,4,14436,0,10420,0,0.0,1.0,Acheampong,241.0,2024-03-10,2006-05-05,False,p577016,168,0,0,0,3,0,0,0,1,0,0,0,8,13.6,2.5,13.0,2.9,2,0.22,0.01,0.23,2.09,0,0,0,0,0,0,0,494,177,486,175,423,151,498,173,,,,,,,0.12,0.0,0.01,0.13,1.12,1.61,708,216,513,195,471,165,538,186,1.07,0.0,8,0,,6,0,Chelsea,0,0,4,CHE,3,,False,0,1155,1235,1120,1170,1190,1300,4,2,Defenders,DEF,Defender,DEF,5,,,3,5,False,[],268
True,False,100.0,100.0,622758,0,0,0,0,0,2,-0.5,-0.5,0,Aaron,0.0,774,False,,2025-04-25T13:30:08.784532Z,40,622758.jpg,0.0,False,Anselmino,0.0,False,,a,6,8,0,480,0,304,0,0.0,0.0,Anselmino,10.0,2024-08-08,2005-04-29,False,p622758,0,0,0,0,0,0,0,0,0,0,0,0,0,0.0,0.0,0.0,0.0,0,0.00,0.00,0.00,0.00,0,0,0,0,0,0,0,659,251,647,250,610,243,659,251,,,,,,,0.0,0.0,0.0,0.0,0.0,0.0,730,235,531,210,666,250,741,252,0.0,0.0,8,0,,6,0,Chelsea,0,0,4,CHE,3,,False,0,1155,1235,1120,1170,1190,1300,4,2,Defenders,DEF,Defender,DEF,5,,,3,5,False,[],268
True,False,,,536238,0,0,0,0,0,2,-0.5,-0.5,0,Ishé,0.0,782,False,,,40,536238.jpg,0.0,False,Samuels-Smith,0.0,False,,a,6,8,0,372,0,181,0,0.0,0.0,Samuels-Smith,241.0,2023-08-28,2006-06-05,False,p536238,0,0,0,0,0,0,0,0,0,0,0,0,0,0.0,0.0,0.0,0.0,0,0.00,0.00,0.00,0.00,0,0,0,0,0,0,0,631,227,619,226,580,217,631,227,,,,,,,0.0,0.0,0.0,0.0,0.0,0.0,694,203,499,182,638,226,739,251,0.0,0.0,8,0,,6,0,Chelsea,0,0,4,CHE,3,,False,0,1155,1235,1120,1170,1190,1300,4,2,Defenders,DEF,Defender,DEF,5,,,3,5,False,[],268
True,False,,,591382,0,0,0,0,0,2,-0.5,-0.5,0,Genesis,0.0,787,False,,,40,591382.jpg,0.0,False,Antwi,0.0,False,,a,6,8,0,225,0,113,0,0.0,0.0,Genesis Antwi,206.0,2025-02-08,2007-05-11,False,p591382,0,0,0,0,0,0,0,0,0,0,0,0,0,0.0,0.0,0.0,0.0,0,0.00,0.00,0.00,0.00,0,0,0,0,0,0,0,647,241,635,240,597,232,647,241,,,,,,,0.0,0.0,0.0,0.0,0.0,0.0,715,222,519,200,654,240,762,259,0.0,0.0,8,0,,6,0,Chelsea,0,0,4,CHE,3,,False,0,1155,1235,1120,1170,1190,1300,4,2,Defenders,DEF,Defender,DEF,5,,,3,5,False,[],268
True,False,75.0,75.0,172850,0,0,-4,4,0,2,1.3,0.8,0,Ben,2.0,160,False,Illness - 75% chance of playing,2025-05-23T14:00:08.414449Z,46,172850.jpg,1.6,False,Chilwell,0.5,False,,d,7,31,13,56707,0,110689,0,0.4,2.8,Chilwell,241.0,2025-02-03,1996-12-21,False,p172850,254,1,0,0,4,0,0,0,1,0,0,0,54,99.6,69.2,37.0,20.7,1,0.25,0.88,1.13,2.84,0,0,0,0,0,0,0,402,144,336,109,360,122,395,136,,,,,,,0.09,0.0,0.31,0.4,1.01,1.42,353,49,193,59,371,122,258,100,0.35,0.0,31,0,,7,0,Crystal Palace,0,0,12,CRY,3,,False,0,1150,1155,1140,1140,1160,1170,6,2,Defenders,DEF,Defender,DEF,5,,,3,5,False,[],268
True,False,100.0,100.0,427623,0,0,-1,1,0,2,2.0,1.8,2,Chris,2.8,194,False,,2025-04-01T14:00:08.193427Z,44,427623.jpg,2.8,False,Richards,0.2,False,,a,7,31,68,39594,0,40987,0,0.6,15.5,C.Richards,229.0,2022-07-27,2000-03-28,False,p427623,1921,1,1,7,31,0,0,0,2,1,0,2,249,470.8,45.0,181.0,69.6,22,1.33,0.60,1.93,29.78,0,0,0,0,0,0,0,153,59,371,129,199,39,235,74,,,,,,,0.06,0.0,0.03,0.09,1.4,1.45,528,104,138,35,168,51,364,139,1.03,0.33,31,0,,7,0,Crystal Palace,0,0,12,CRY,3,,False,0,1150,1155,1140,1140,1160,1170,6,2,Defenders,DEF,Defender,DEF,5,,,3,5,False,[],268
True,False,0.0,0.0,515621,0,0,-2,2,0,2,0.0,0.0,0,Chadi,0.0,195,False,Knee injury - Expected back 01 Jun,2025-01-24T16:00:08.878612Z,43,515621.jpg,1.0,False,Riad Dnanou,0.0,False,,i,7,31,1,2767,0,14454,0,0.0,0.2,Chadi Riad,145.0,2024-07-02,2003-06-17,False,p515621,90,0,0,0,2,0,0,0,0,0,0,0,3,18.2,1.3,0.0,2.0,1,0.00,0.02,0.02,1.39,0,0,0,0,0,0,0,486,174,495,183,632,251,508,175,,,,,,,0.0,0.0,0.02,0.02,1.39,2.0,595,134,563,231,480,174,572,198,1.0,0.0,31,0,,7,0,Crystal Palace,0,0,12,CRY,3,,False,0,1150,1155,1140,1140,1160,1170,6,2,Defenders,DEF,Defender,DEF,5,,,3,5,False,[],268
True,False,75.0,75.0,57328,0,0,-2,2,0,2,-0.8,-0.8,0,Nathaniel,0.0,196,False,Illness - 75% chance of playing,2025-05-23T14:00:08.468821Z,43,57328.jpg,1.4,False,Clyne,0.1,False,,d,7,31,18,10509,0,15927,0,0.0,4.2,Clyne,241.0,2020-10-14,1991-04-05,False,p57328,477,0,0,1,11,0,0,0,1,0,0,0,48,66.6,51.8,8.0,12.4,5,0.02,0.24,0.26,10.11,0,0,0,0,0,0,0,425,153,359,122,440,161,429,152,,,,,,,0.0,0.0,0.05,0.05,1.91,2.08,559,109,552,223,401,135,466,163,0.94,0.19,31,0,,7,0,Crystal Palace,0,0,12,CRY,3,,False,0,1150,1155,1140,1140,1160,1170,6,2,Defenders,DEF,Defender,DEF,5,,,3,5,False,[],268
True,False,0.0,0.0,209036,0,0,2,-2,2,2,0.0,0.0,0,Marc,2.2,200,False,Eye Injury - Expected back 01 Jun,2025-05-19T15:30:05.944462Z,47,209036.jpg,3.4,False,Guéhi,5.7,False,,i,7,31,116,1349618,0,1494548,0,0.5,24.7,Guéhi,241.0,2021-07-18,2000-07-13,False,p209036,3059,3,2,11,42,3,0,0,7,1,0,11,492,827.0,237.6,247.0,131.0,34,1.87,2.01,3.88,41.55,0,0,0,0,0,0,0,28,9,183,38,137,17,98,15,,,,,,,0.06,0.0,0.06,0.12,1.22,1.24,325,44,170,50,101,21,65,21,1.0,0.32,31,0,,7,0,Crystal Palace,0,0,12,CRY,3,,False,0,1150,1155,1140,1140,1160,1170,6,2,Defenders,DEF,Defender,DEF,5,,,3,5,False,[],268
True,False,0.0,0.0,156074,0,0,-3,3,0,2,0.0,0.0,0,Rob,0.0,202,False,Loaned to Sheffield United,2025-02-04T10:48:47.594320Z,42,156074.jpg,0.0,False,Holding,0.1,False,,u,7,31,0,3729,0,10465,0,0.0,0.0,Holding,241.0,2023-09-01,,False,p156074,0,0,0,0,0,0,0,0,0,0,0,0,0,0.0,0.0,0.0,0.0,0,0.00,0.00,0.00,0.00,0,0,0,0,0,0,0,664,253,655,252,620,245,664,253,,,,,,,0.0,0.0,0.0,0.0,0.0,0.0,611,144,544,217,671,252,519,182,0.0,0.0,31,0,,7,0,Crystal Palace,0,0,12,CRY,3,,False,0,1150,1155,1140,1140,1160,1170,6,2,Defenders,DEF,Defender,DEF,5,,,3,5,False,[],268
True,False,,,244723,0,0,-2,2,1,2,2.7,3.0,5,Tyrick,4.0,210,False,,,48,244723.jpg,3.3,False,Mitchell,2.1,False,,a,7,31,123,412152,0,434799,0,0.8,25.6,Mitchell,241.0,2019-12-15,1999-09-01,False,p244723,3090,0,6,12,46,0,0,0,2,0,0,4,455,630.8,559.1,170.0,136.2,37,1.31,3.67,4.98,46.45,0,0,0,0,0,0,0,78,30,64,11,205,44,91,13,,,,,,,0.04,0.0,0.11,0.15,1.35,1.34,306,39,64,18,115,27,135,52,1.08,0.35,31,0,,7,0,Crystal Palace,0,0,12,CRY,3,,False,0,1150,1155,1140,1140,1160,1170,6,2,Defenders,DEF,Defender,DEF,5,,,3,5,False,[],268
True,False,100.0,100.0,247348,0,0,2,-2,4,2,3.3,2.8,2,Daniel,3.8,211,False,,2024-12-16T09:30:06.692125Z,52,247348.jpg,3.8,False,Muñoz,19.3,False,,a,7,31,142,3673253,0,1971404,0,0.7,27.3,Muñoz,48.0,2024-01-30,1996-05-26,False,p247348,3229,4,6,11,46,0,0,0,10,0,0,9,480,816.6,634.2,524.0,197.6,37,4.92,3.46,8.38,46.30,0,0,0,0,0,0,0,30,11,47,8,58,1,34,1,,,,,,,0.14,0.0,0.1,0.24,1.29,1.28,171,22,80,21,62,7,18,5,1.03,0.31,31,0,,7,0,Crystal Palace,0,0,12,CRY,3,,False,0,1150,1155,1140,1140,1160,1170,6,2,Defenders,DEF,Defender,DEF,5,,,3,5,False,[],268
True,False,100.0,100.0,55494,0,0,-2,2,0,2,-1.0,-1.0,0,Joel,0.0,215,False,,2025-01-24T16:00:08.907673Z,43,55494.jpg,0.5,False,Ward,0.1,False,,a,7,31,1,5123,0,14353,0,0.0,0.2,Ward,241.0,2012-05-29,1989-10-29,False,p55494,71,0,0,0,2,0,0,0,1,0,0,0,-3,5.8,10.3,0.0,1.6,1,0.00,0.01,0.01,1.57,0,0,0,0,0,0,0,511,182,461,162,625,248,518,181,,,,,,,0.0,0.0,0.01,0.01,1.99,2.54,558,108,551,222,554,193,493,174,1.27,0.0,31,0,,7,0,Crystal Palace,0,0,12,CRY,3,,False,0,1150,1155,1140,1140,1160,1170,6,2,Defenders,DEF,Defender,DEF,5,,,3,5,False,[],268
True,False,100.0,100.0,437499,0,0,0,0,1,2,2.0,1.8,2,Maxence,2.8,650,False,,2025-04-05T20:30:07.212041Z,45,437499.jpg,3.3,False,Lacroix,0.9,False,,a,7,31,114,224879,0,141184,0,0.6,25.3,Lacroix,73.0,2024-08-30,2000-04-06,False,p437499,3116,1,2,11,45,0,0,0,5,0,0,9,463,723.8,113.7,277.0,111.4,35,3.50,1.01,4.51,44.59,0,0,0,0,0,0,0,53,21,281,80,122,12,131,33,,,,,,,0.1,0.0,0.03,0.13,1.29,1.3,389,67,139,36,113,25,216,83,1.01,0.32,31,0,,7,0,Crystal Palace,0,0,12,CRY,3,,False,0,1150,1155,1140,1140,1160,1170,6,2,Defenders,DEF,Defender,DEF,5,,,3,5,False,[],268
True,False,,,590012,0,0,0,0,0,2,-1.0,-1.0,0,Caleb,0.0,666,False,,,40,590012.jpg,1.0,False,Kporha,0.0,False,,a,7,31,2,6072,0,5226,0,0.0,0.5,Kporha,241.0,2024-07-30,2006-07-15,False,p590012,11,0,0,0,1,0,0,0,0,0,0,0,1,8.0,4.6,0.0,1.3,0,0.00,0.02,0.02,0.06,0,0,0,0,0,0,0,507,180,478,169,596,231,521,182,,,,,,,0.0,0.0,0.16,0.16,0.49,8.18,714,221,518,199,472,166,589,205,0.0,0.0,31,0,,7,0,Crystal Palace,0,0,12,CRY,3,,False,0,1150,1155,1140,1140,1160,1170,6,2,Defenders,DEF,Defender,DEF,5,,,3,5,False,[],268
True,False,0.0,0.0,480455,0,0,-1,1,0,2,0.0,0.0,0,Jarrad,2.2,219,False,Hamstring injury - Expected back 01 Jul,2025-05-18T20:30:07.482582Z,49,480455.jpg,2.9,False,Branthwaite,1.9,False,,i,8,11,88,382261,0,419180,0,0.4,18.0,Branthwaite,241.0,2020-06-20,2002-06-27,False,p480455,2509,0,1,9,28,0,0,0,4,0,0,3,420,624.6,57.7,130.0,81.3,28,1.20,0.61,1.81,29.83,0,0,0,0,0,0,0,87,32,350,116,240,64,198,62,,,,,,,0.04,0.0,0.02,0.06,1.07,1.0,268,33,178,52,152,41,140,53,1.0,0.32,11,0,,8,0,Everton,0,0,13,EVE,3,,False,0,1120,1145,1160,1160,1080,1130,7,2,Defenders,DEF,Defender,DEF,5,,,3,5,False,[],268
True,False,0.0,0.0,59949,0,0,-2,2,0,2,0.0,0.0,0,Séamus,0.5,221,False,Thigh injury - Expected back 01 Jun,2025-05-18T20:30:07.497165Z,43,59949.jpg,1.0,False,Coleman,0.0,False,,i,8,11,5,6327,0,8964,0,0.1,1.2,Coleman,104.0,2009-02-02,1988-10-11,False,p59949,214,0,0,0,4,0,0,0,1,0,0,0,17,42.4,3.8,23.0,7.1,3,0.62,0.03,0.65,4.45,0,0,0,0,0,0,0,446,164,481,171,393,137,462,163,,,,,,,0.26,0.0,0.01,0.27,1.87,1.68,560,110,333,101,478,172,592,206,1.26,0.0,11,0,,8,0,Everton,0,0,13,EVE,3,,False,0,1120,1145,1160,1160,1080,1130,7,2,Defenders,DEF,Defender,DEF,5,,,3,5,False,[],268
True,False,0.0,0.0,194164,0,0,0,0,0,2,0.0,0.0,0,Mason,0.0,225,False,Loaned to West Bromwich Albion,2024-08-31T08:24:25.909228Z,40,194164.jpg,1.0,False,Holgate,0.1,False,,u,8,11,1,11786,0,52358,0,0.0,0.2,Holgate,,,,False,p194164,5,0,0,0,1,0,0,0,0,0,0,0,-1,0.0,0.0,0.0,0.0,0,0.00,0.00,0.00,0.07,0,0,0,0,0,0,0,594,201,578,199,537,188,594,201,,,,,,,0.0,0.0,0.0,0.0,1.26,18.0,644,167,454,150,463,159,415,148,0.0,0.0,11,0,,8,0,Everton,0,0,13,EVE,3,,False,0,1120,1145,1160,1160,1080,1130,7,2,Defenders,DEF,Defender,DEF,5,,,3,5,False,[],268
True,False,100.0,100.0,106611,0,0,-2,2,2,2,2.0,3.5,6,Michael,4.0,228,False,,2024-12-06T10:30:07.770742Z,38,106611.jpg,3.4,False,Keane,4.3,False,,a,8,11,48,1676451,0,1471444,0,1.1,12.6,Keane,241.0,2017-07-03,1993-01-11,False,p106611,1046,3,0,3,20,0,0,0,5,0,0,4,139,306.6,23.2,123.0,45.4,11,0.61,0.02,0.63,19.16,0,0,0,0,0,0,0,238,89,425,152,245,68,304,95,,,,,,,0.05,0.0,0.0,0.05,1.65,1.72,777,262,58,14,97,18,89,33,0.95,0.26,11,0,,8,0,Everton,0,0,13,EVE,3,,False,0,1120,1145,1160,1160,1080,1130,7,2,Defenders,DEF,Defender,DEF,5,,,3,5,False,[],268
True,False,100.0,100.0,224967,0,0,-1,1,1,2,4.0,5.7,9,Vitalii,6.2,231,False,,2025-04-05T16:00:08.540143Z,44,224967.jpg,3.5,False,Mykolenko,6.7,False,,a,8,11,121,1637298,0,1780064,0,1.4,27.5,Mykolenko,225.0,2022-01-01,1999-05-29,False,p224967,3082,1,3,11,39,0,0,0,4,0,0,9,467,621.4,428.5,100.0,115.2,35,0.48,2.12,2.60,39.81,0,0,0,0,0,0,0,88,33,91,17,273,79,123,30,,,,,,,0.01,0.0,0.06,0.07,1.16,1.14,515,97,16,3,89,15,57,19,1.02,0.32,11,0,,8,0,Everton,0,0,13,EVE,3,,False,0,1120,1145,1160,1160,1080,1130,7,2,Defenders,DEF,Defender,DEF,5,,,3,5,False,[],268
True,False,100.0,100.0,243571,0,0,-1,1,0,2,0.7,0.3,0,Nathan,0.8,234,False,,2025-02-12T12:30:09.421305Z,44,243571.jpg,1.4,False,Patterson,0.0,False,,a,8,11,14,4539,0,5161,0,0.2,3.2,Patterson,243.0,2022-01-04,2001-10-16,False,p243571,342,0,1,0,6,0,0,0,1,0,0,0,47,71.6,70.3,12.0,15.5,3,0.07,0.38,0.45,4.48,0,0,0,0,0,0,0,420,151,335,108,427,154,420,146,,,,,,,0.02,0.0,0.1,0.12,1.18,1.58,526,102,302,92,408,140,616,212,0.79,0.0,11,0,,8,0,Everton,0,0,13,EVE,3,,False,0,1120,1145,1160,1160,1080,1130,7,2,Defenders,DEF,Defender,DEF,5,,,3,5,False,[],268
True,False,0.0,0.0,17761,0,0,-3,3,2,2,0.0,0.0,0,James,0.0,236,False,Hamstring injury - Expected back 01 Jun,2025-04-19T21:00:07.561932Z,47,17761.jpg,3.2,False,Tarkowski,1.6,False,,i,8,11,105,591473,0,656707,0,0.0,22.3,Tarkowski,241.0,2022-07-01,1992-11-19,False,p17761,2922,1,1,10,38,0,0,0,6,0,0,8,468,859.0,188.8,217.0,126.9,33,1.32,2.33,3.65,39.30,0,0,0,0,0,0,0,19,6,217,50,163,26,102,17,,,,,,,0.04,0.0,0.07,0.11,1.21,1.17,318,41,697,253,128,33,154,59,1.02,0.31,11,0,,8,0,Everton,0,0,13,EVE,3,,False,0,1120,1145,1160,1160,1080,1130,7,2,Defenders,DEF,Defender,DEF,5,,,3,5,False,[],268
True,False,100.0,100.0,18892,0,0,-3,3,1,2,2.3,3.3,5,Ashley,3.8,238,False,,2024-12-23T10:00:08.166370Z,42,18892.jpg,3.1,False,Young,1.4,False,,a,8,11,98,684951,0,588875,0,0.9,23.3,Young,241.0,2023-07-13,1985-07-09,False,p18892,1864,1,4,9,23,0,0,0,7,1,0,9,354,431.2,388.2,46.0,86.8,19,0.27,2.87,3.14,26.17,0,0,0,0,0,0,0,168,61,105,23,348,117,181,54,,,1.0,,,,0.01,0.0,0.14,0.15,1.26,1.11,599,136,73,19,131,34,168,66,0.92,0.43,11,0,,8,0,Everton,0,0,13,EVE,3,,False,0,1120,1145,1160,1160,1080,1130,7,2,Defenders,DEF,Defender,DEF,5,,,3,5,False,[],268
True,False,100.0,100.0,512462,0,0,-5,5,2,2,1.7,2.7,6,Jake,3.2,582,False,,2025-05-11T00:30:08.339199Z,45,512462.jpg,3.2,False,O'Brien,0.9,False,,a,8,11,65,162770,0,102834,0,0.7,14.4,O'Brien,104.0,2024-07-30,2001-05-15,False,p512462,1568,2,0,5,17,0,0,0,5,0,0,5,233,341.4,108.9,109.0,56.0,17,0.77,0.31,1.08,18.63,0,0,0,0,0,0,0,218,81,287,85,265,75,274,82,,,,,,,0.04,0.0,0.02,0.06,1.07,0.98,429,75,104,28,126,31,218,84,0.98,0.29,11,0,,8,0,Everton,0,0,13,EVE,3,,False,0,1120,1145,1160,1160,1080,1130,7,2,Defenders,DEF,Defender,DEF,5,,,3,5,False,[],268
True,False,,,496178,0,0,-1,1,0,2,-0.5,-0.5,0,Roman,0.0,627,False,,,39,496178.jpg,0.0,False,Dixon,0.1,False,,a,8,11,0,12908,0,11832,0,0.0,0.0,Dixon,241.0,2024-08-09,2004-12-26,False,p496178,90,0,0,0,4,0,0,0,0,0,0,0,0,15.4,0.3,0.0,1.6,1,0.00,0.00,0.00,2.43,0,0,0,0,0,0,0,491,175,509,187,521,179,517,180,,,,,,,0.0,0.0,0.0,0.0,2.43,4.0,765,252,437,140,596,198,489,172,1.0,0.0,11,0,,8,0,Everton,0,0,13,EVE,3,,False,0,1120,1145,1160,1160,1080,1130,7,2,Defenders,DEF,Defender,DEF,5,,,3,5,False,[],268
True,False,,,474907,0,0,0,0,0,2,,0.9,0,Reece,0.0,803,False,,,40,474907.jpg,0.0,False,Welch,0.0,False,,a,8,11,0,0,0,0,0,0.0,0.0,Welch,241.0,2021-04-11,2003-09-19,False,p474907,0,0,0,0,0,0,0,0,0,0,0,0,0,0.0,0.0,0.0,0.0,0,0.00,0.00,0.00,0.00,0,0,0,0,0,0,0,615,214,602,212,561,201,615,214,,,,,,,0.0,0.0,0.0,0.0,0.0,0.0,671,183,479,165,622,213,802,267,0.0,0.0,11,0,,8,0,Everton,0,0,13,EVE,3,,False,0,1120,1145,1160,1160,1080,1130,7,2,Defenders,DEF,Defender,DEF,5,,,3,5,False,[],268
True,False,100.0,100.0,174874,0,0,-3,3,0,2,0.7,0.5,1,Joachim,1.0,191,False,,2024-12-20T17:00:08.228623Z,42,174874.jpg,1.7,False,Andersen,3.4,False,,a,9,54,51,273468,0,1719354,0,0.2,12.1,Andersen,58.0,2024-08-23,1996-05-31,False,p174874,2673,0,0,4,47,1,0,0,7,1,0,3,306,687.6,99.0,162.0,95.0,30,1.04,0.57,1.61,37.85,0,0,0,0,0,0,0,61,25,302,92,208,46,157,40,,,,,,,0.04,0.0,0.02,0.06,1.27,1.58,614,147,266,75,347,111,106,41,1.01,0.13,54,0,,9,0,Fulham,0,0,11,FUL,3,,False,0,1155,1155,1150,1150,1160,1160,34,2,Defenders,DEF,Defender,DEF,5,,,3,5,False,[],268
True,False,100.0,100.0,232892,0,0,0,0,1,2,0.7,0.3,0,Calvin,0.8,241,False,,2024-12-09T09:30:06.333045Z,45,232892.jpg,2.1,False,Bassey,0.6,False,,a,9,54,75,131118,0,112970,0,0.2,16.7,Bassey,157.0,2023-07-28,1999-12-31,False,p232892,3074,1,0,5,47,0,0,0,7,0,0,0,390,587.2,96.7,157.0,84.1,34,1.02,0.42,1.44,39.22,0,0,0,0,0,0,0,107,39,304,93,216,53,188,57,,,,,,,0.03,0.0,0.01,0.04,1.15,1.38,381,65,305,93,270,88,248,95,1.0,0.15,54,0,,9,0,Fulham,0,0,11,FUL,3,,False,0,1155,1155,1150,1150,1160,1160,34,2,Defenders,DEF,Defender,DEF,5,,,3,5,False,[],268
True,False,0.0,0.0,166477,0,0,-3,3,0,2,0.0,0.0,0,Timothy,0.2,244,False,Ankle injury - Expected back 01 Jun,2025-05-07T22:00:07.863791Z,42,166477.jpg,1.9,False,Castagne,0.8,False,,i,9,54,46,237055,0,426100,0,0.0,11.0,Castagne,21.0,2023-08-29,1995-12-05,False,p166477,1642,0,1,3,28,0,0,0,1,0,0,0,205,360.4,163.6,123.0,64.9,17,0.38,0.56,0.94,22.39,0,0,0,0,0,0,0,201,73,235,58,246,69,251,80,,,,,,,0.02,0.0,0.03,0.05,1.23,1.53,613,146,378,122,310,100,226,86,0.93,0.16,54,0,,9,0,Fulham,0,0,11,FUL,3,,False,0,1155,1155,1150,1150,1160,1160,34,2,Defenders,DEF,Defender,DEF,5,,,3,5,False,[],268
True,False,,,219924,0,0,-2,2,0,2,-0.5,-0.5,0,Issa,0.0,245,False,,,43,219924.jpg,1.5,False,Diop,0.2,False,,a,9,54,31,30390,0,39287,0,0.0,7.2,Diop,73.0,2022-08-10,1997-01-09,False,p219924,1334,0,0,1,19,1,0,0,2,0,0,0,146,257.6,44.7,83.0,38.3,15,0.51,0.07,0.58,19.98,0,0,0,0,0,0,0,268,99,372,130,292,87,332,110,,,,,,,0.03,0.0,0.0,0.03,1.35,1.28,575,121,554,224,380,125,358,136,1.01,0.07,54,0,,9,0,Fulham,0,0,11,FUL,3,,False,0,1155,1155,1150,1150,1160,1160,34,2,Defenders,DEF,Defender,DEF,5,,,3,5,False,[],268
True,False,0.0,0.0,120721,0,0,0,0,0,2,0.0,0.0,0,Kevin,0.0,250,False,Transferred to FC Midtjylland,2024-08-31T06:24:47.127908Z,40,120721.jpg,0.0,False,Mbabu,0.1,False,,u,9,54,0,8149,0,45321,0,0.0,0.0,Mbabu,,,,False,p120721,0,0,0,0,0,0,0,0,0,0,0,0,0,0.0,0.0,0.0,0.0,0,0.00,0.00,0.00,0.00,0,0,0,0,0,0,0,593,200,576,198,535,187,593,200,,,,,,,0.0,0.0,0.0,0.0,0.0,0.0,641,165,452,149,602,201,423,152,0.0,0.0,54,0,,9,0,Fulham,0,0,11,FUL,3,,False,0,1155,1155,1150,1150,1160,1160,34,2,Defenders,DEF,Defender,DEF,5,,,3,5,False,[],268
True,False,0.0,0.0,82514,0,0,0,0,0,2,0.0,0.0,0,Tim,0.0,253,False,Permanent transfer to Charlotte FC,2024-08-09T11:16:10.995330Z,45,82514.jpg,0.0,False,Ream,0.0,False,,u,9,54,0,0,0,1226,0,0.0,0.0,Ream,,,,False,p82514,0,0,0,0,0,0,0,0,0,0,0,0,0,0.0,0.0,0.0,0.0,0,0.00,0.00,0.00,0.00,0,0,0,0,0,0,0,687,260,682,259,659,257,687,260,,,,,,,0.0,0.0,0.0,0.0,0.0,0.0,362,55,596,239,692,259,751,256,0.0,0.0,54,0,,9,0,Fulham,0,0,11,FUL,3,,False,0,1155,1155,1150,1150,1160,1160,34,2,Defenders,DEF,Defender,DEF,5,,,3,5,False,[],268
True,False,100.0,100.0,169528,0,0,2,-2,0,2,0.3,0.5,1,Antonee,1.0,255,False,,2025-05-16T14:00:08.406092Z,47,169528.jpg,2.9,False,Robinson,15.2,False,,a,9,54,106,4106887,0,3466264,0,0.2,22.6,Robinson,229.0,2020-08-20,1997-08-08,False,p169528,3166,0,10,5,49,0,0,0,8,0,0,8,507,922.2,723.4,206.0,185.5,35,0.70,4.17,4.87,44.79,0,0,0,0,0,0,0,16,4,34,4,171,27,48,4,,,,,,,0.02,0.0,0.12,0.14,1.27,1.39,322,42,276,81,150,40,25,9,0.99,0.14,54,0,,9,0,Fulham,0,0,11,FUL,3,,False,0,1155,1155,1150,1150,1160,1160,34,2,Defenders,DEF,Defender,DEF,5,,,3,5,False,[],268
True,False,100.0,100.0,167074,0,0,-1,1,0,2,0.5,0.3,1,Kenny,0.8,257,False,,2024-12-14T22:30:08.002508Z,44,167074.jpg,2.2,False,Tete,0.2,False,,a,9,54,49,61052,0,73652,0,0.2,11.1,Tete,152.0,2020-09-10,1995-10-09,False,p167074,1773,0,2,3,26,0,0,0,5,0,0,0,207,381.2,192.2,158.0,73.1,21,1.37,0.65,2.02,25.50,0,0,0,0,0,0,0,195,70,214,49,213,50,226,72,,,,,,,0.07,0.0,0.03,0.1,1.29,1.32,505,89,300,90,250,80,351,133,1.07,0.15,54,0,,9,0,Fulham,0,0,11,FUL,3,,False,0,1155,1155,1150,1150,1160,1160,34,2,Defenders,DEF,Defender,DEF,5,,,3,5,False,[],268
True,False,100.0,100.0,184349,0,0,-3,3,2,2,2.7,0.3,1,Ryan,0.8,579,False,,2024-11-29T14:30:06.735790Z,42,184349.jpg,3.6,False,Sessegnon,2.6,False,,a,9,54,57,405099,0,133027,0,0.2,13.6,Sessegnon,241.0,2024-07-26,2000-05-18,False,p184349,574,4,2,1,10,0,0,0,1,0,0,5,137,284.0,158.8,227.0,67.1,7,1.64,1.12,2.76,8.20,0,0,0,0,0,0,0,248,93,241,63,154,23,245,77,,,,,,,0.26,0.0,0.18,0.44,1.29,1.57,615,148,295,86,77,13,122,44,1.1,0.16,54,0,,9,0,Fulham,0,0,11,FUL,3,,False,0,1155,1155,1150,1150,1160,1160,34,2,Defenders,DEF,Defender,DEF,5,,,3,5,False,[],268
True,False,100.0,100.0,246301,0,0,-1,1,0,2,-0.3,0.0,1,Jorge,0.5,586,False,,2024-11-29T14:30:06.749491Z,44,246301.jpg,1.1,False,Cuenca Barreno,0.0,False,,a,9,54,9,2712,0,6464,0,0.1,2.0,J.Cuenca,200.0,2024-08-03,1999-11-17,False,p246301,349,0,0,0,8,0,0,0,0,0,0,0,38,81.2,2.3,4.0,8.6,4,0.02,0.01,0.03,8.99,0,0,0,0,0,0,0,412,149,489,178,463,170,450,159,,,,,,,0.01,0.0,0.0,0.01,2.32,2.06,527,103,341,106,446,150,573,199,1.03,0.0,54,0,,9,0,Fulham,0,0,11,FUL,3,,False,0,1155,1155,1150,1150,1160,1160,34,2,Defenders,DEF,Defender,DEF,5,,,3,5,False,[],268
True,False,,,591385,0,0,0,0,0,2,-0.5,-0.5,0,Samuel,0.0,690,False,,,40,591385.jpg,0.0,False,Amissah,0.0,False,,a,9,54,0,4820,0,3962,0,0.0,0.0,Amissah,241.0,2023-07-19,2007-03-07,False,p591385,0,0,0,0,0,0,0,0,0,0,0,0,0,0.0,0.0,0.0,0.0,0,0.00,0.00,0.00,0.00,0,0,0,0,0,0,0,648,242,636,241,598,233,648,242,,,,,,,0.0,0.0,0.0,0.0,0.0,0.0,716,223,520,201,655,241,627,217,0.0,0.0,54,0,,9,0,Fulham,0,0,11,FUL,3,,False,0,1155,1155,1150,1150,1160,1160,34,2,Defenders,DEF,Defender,DEF,5,,,3,5,False,[],268
True,False,0.0,0.0,517178,0,0,0,0,0,2,0.0,0.0,0,Elkan,0.0,261,False,Season long loan to Blackpool,2024-08-07T08:20:38.133494Z,40,517178.jpg,0.0,False,Baggott,0.0,False,,u,10,40,0,0,0,2914,0,0.0,0.0,Baggott,,,,False,p517178,0,0,0,0,0,0,0,0,0,0,0,0,0,0.0,0.0,0.0,0.0,0,0.00,0.00,0.00,0.00,0,0,0,0,0,0,0,628,225,615,223,575,213,628,225,,,,,,,0.0,0.0,0.0,0.0,0.0,0.0,688,198,494,178,635,224,696,239,0.0,0.0,40,0,,10,0,Ipswich,0,0,19,IPS,2,,False,0,1065,1065,1040,1040,1090,1090,8,2,Defenders,DEF,Defender,DEF,5,,,3,5,False,[],268
True,False,100.0,50.0,122411,0,0,-2,2,0,2,0.7,0.5,0,Cameron,1.5,263,False,,2025-05-18T20:30:07.575686Z,38,122411.jpg,1.4,False,Burgess,1.8,False,,a,10,40,26,479374,0,340013,0,0.4,6.8,Burgess,13.0,2021-08-15,1995-10-21,False,p122411,1540,0,2,0,37,0,0,0,0,0,0,0,122,422.0,87.2,103.0,61.4,16,1.08,0.34,1.42,35.17,0,0,0,0,0,0,0,171,64,313,98,270,76,263,81,,,,,,,0.06,0.0,0.02,0.08,2.06,2.16,778,263,230,67,394,128,146,57,0.94,0.0,40,0,,10,0,Ipswich,0,0,19,IPS,2,,False,0,1065,1065,1040,1040,1090,1090,8,2,Defenders,DEF,Defender,DEF,5,,,3,5,False,[],268
True,False,0.0,0.0,232228,0,0,0,0,0,2,0.0,0.0,0,Harry,0.0,266,False,Loaned to Sheffield United,2025-02-03T10:21:05.274215Z,40,232228.jpg,0.1,False,Clarke,0.0,False,,u,10,40,1,10773,0,12416,0,0.0,0.2,H.Clarke,241.0,2023-01-19,,False,p232228,377,0,0,0,10,1,0,0,1,1,0,0,-5,48.2,24.4,35.0,10.5,4,0.08,0.10,0.18,9.10,0,0,0,0,0,0,0,441,160,422,151,363,123,441,154,,,,,,,0.02,0.0,0.02,0.04,2.17,2.39,654,175,464,158,560,196,558,193,0.95,0.0,40,0,,10,0,Ipswich,0,0,19,IPS,2,,False,0,1065,1065,1040,1040,1090,1090,8,2,Defenders,DEF,Defender,DEF,5,,,3,5,False,[],268
True,False,100.0,100.0,455084,0,0,-3,3,2,2,-0.3,0.0,1,Leif,0.5,267,False,,2025-04-21T04:30:07.768773Z,42,455084.jpg,1.6,False,Davis,0.9,False,,a,10,40,52,362293,0,455616,0,0.1,12.4,Davis,241.0,2022-07-25,1999-12-31,False,p455084,2742,1,2,2,71,0,0,0,5,1,0,5,174,486.8,865.4,145.0,149.6,32,0.98,4.74,5.72,60.70,0,0,0,0,0,0,0,149,57,14,2,227,58,76,9,1.0,,4.0,,,,0.03,0.0,0.16,0.19,1.99,2.33,622,155,332,100,364,118,219,85,1.05,0.07,40,0,,10,0,Ipswich,0,0,19,IPS,2,,False,0,1065,1065,1040,1040,1090,1090,8,2,Defenders,DEF,Defender,DEF,5,,,3,5,False,[],268
True,False,0.0,0.0,214964,0,0,0,0,0,2,0.0,0.0,0,George,0.0,269,False,Loaned to Middlesbrough,2024-08-31T08:22:49.668219Z,40,214964.jpg,1.0,False,Edmundson,0.1,False,,u,10,40,1,2076,0,15347,0,0.0,0.2,Edmundson,241.0,2021-07-27,,False,p214964,1,0,0,0,0,0,0,0,0,0,0,0,3,0.0,0.0,0.0,0.0,0,0.00,0.00,0.00,0.00,0,0,0,0,0,0,0,600,206,585,204,544,193,600,206,,,,,,,0.0,0.0,0.0,0.0,0.0,0.0,652,173,462,156,465,160,544,189,0.0,0.0,40,0,,10,0,Ipswich,0,0,19,IPS,2,,False,0,1065,1065,1040,1040,1090,1090,8,2,Defenders,DEF,Defender,DEF,5,,,3,5,False,[],268
True,False,100.0,100.0,449429,0,0,-2,2,0,2,0.5,0.7,1,Jacob,1.2,270,False,,2024-11-22T17:30:09.014564Z,38,449429.jpg,1.5,False,Greaves,2.3,False,,a,10,40,37,1028861,0,859991,0,0.3,9.7,Greaves,241.0,2024-07-12,2000-09-12,False,p449429,2205,1,0,2,53,0,0,0,5,0,0,0,171,592.8,77.2,157.0,82.7,25,1.31,0.21,1.52,45.51,0,0,0,0,0,0,0,103,37,325,104,215,52,193,59,,,,,,,0.05,0.0,0.01,0.06,1.86,2.16,783,267,247,71,378,124,129,48,1.02,0.08,40,0,,10,0,Ipswich,0,0,19,IPS,2,,False,0,1065,1065,1040,1040,1090,1090,8,2,Defenders,DEF,Defender,DEF,5,,,3,5,False,[],268
True,False,100.0,100.0,222018,0,0,-2,2,1,2,-1.0,-0.3,0,Ben,0.2,275,False,,2025-04-26T17:30:07.919562Z,38,222018.jpg,1.3,False,Johnson,1.9,False,,a,10,40,30,408301,0,573924,0,0.1,7.9,Johnson,241.0,2024-07-01,2000-01-24,False,p222018,1346,1,2,0,39,0,0,0,3,1,0,2,23,276.6,177.2,92.0,54.6,14,1.06,0.83,1.89,37.89,0,0,0,0,0,0,0,255,94,224,54,283,84,282,83,,,,,,,0.07,0.0,0.06,0.13,2.53,2.61,781,266,367,112,418,142,144,56,0.94,0.0,40,0,,10,0,Ipswich,0,0,19,IPS,2,,False,0,1065,1065,1040,1040,1090,1090,8,2,Defenders,DEF,Defender,DEF,5,,,3,5,False,[],268
True,False,0.0,0.0,246265,0,0,0,0,0,2,0.0,0.0,0,Corrie,0.0,279,False,Permanent transfer to Kilmarnock,2024-08-01T06:52:12.954431Z,40,246265.jpg,0.0,False,Ndaba,0.0,False,,u,10,40,0,0,0,649,0,0.0,0.0,Ndaba,,,,False,p246265,0,0,0,0,0,0,0,0,0,0,0,0,0,0.0,0.0,0.0,0.0,0,0.00,0.00,0.00,0.00,0,0,0,0,0,0,0,602,208,587,206,546,195,602,208,,,,,,,0.0,0.0,0.0,0.0,0.0,0.0,655,176,465,159,609,207,765,260,0.0,0.0,40,0,,10,0,Ipswich,0,0,19,IPS,2,,False,0,1065,1065,1040,1040,1090,1090,8,2,Defenders,DEF,Defender,DEF,5,,,3,5,False,[],268
True,False,100.0,100.0,180804,0,0,-1,1,0,2,0.5,0.7,1,Axel,1.2,282,False,,2025-04-27T12:00:08.227756Z,39,180804.jpg,1.2,False,Tuanzebe,1.2,False,,a,10,40,27,445433,0,455157,0,0.3,6.9,Tuanzebe,50.0,2023-09-08,1997-11-14,False,p180804,1710,0,1,1,38,1,0,0,3,1,0,0,80,284.4,93.4,25.0,40.1,20,0.21,0.26,0.47,32.01,0,0,0,0,0,0,0,247,92,307,94,388,133,322,105,,,,,,,0.01,0.0,0.01,0.02,1.68,2.0,748,243,248,72,429,145,185,73,1.05,0.05,40,0,,10,0,Ipswich,0,0,19,IPS,2,,False,0,1065,1065,1040,1040,1090,1090,8,2,Defenders,DEF,Defender,DEF,5,,,3,5,False,[],268
True,False,,,220583,0,0,-1,1,0,2,0.0,-0.3,0,Luke,0.2,284,False,,,39,220583.jpg,1.2,False,Woolfenden,1.2,False,,a,10,40,18,136211,0,161319,0,0.1,4.6,Woolfenden,241.0,2017-08-07,1998-10-21,False,p220583,1187,0,0,1,28,0,0,0,2,0,0,0,93,258.4,6.7,8.0,27.5,12,0.03,0.02,0.05,26.46,0,0,0,0,0,0,0,267,98,471,165,439,160,369,125,,,,,,,0.0,0.0,0.0,0.0,2.01,2.12,752,245,370,114,430,146,189,75,0.91,0.08,40,0,,10,0,Ipswich,0,0,19,IPS,2,,False,0,1065,1065,1040,1040,1090,1090,8,2,Defenders,DEF,Defender,DEF,5,,,3,5,False,[],268
True,False,25.0,25.0,108053,0,0,-1,1,0,2,-0.1,-0.1,0,Conor,0.0,583,False,Hamstring injury - 25% chance of playing,2025-04-21T04:30:08.085211Z,39,108053.jpg,1.8,False,Townsend,0.5,False,,d,10,40,11,74790,0,70239,0,0.0,2.8,Townsend,241.0,2024-08-01,1993-03-04,False,p108053,334,0,1,0,6,0,0,0,1,0,0,0,43,110.2,56.0,13.0,18.0,3,0.03,0.24,0.27,8.13,0,0,0,0,0,0,0,389,137,354,118,422,150,404,140,,,,,,,0.01,0.0,0.06,0.07,2.19,1.62,741,240,421,135,325,104,260,101,0.81,0.0,40,0,,10,0,Ipswich,0,0,19,IPS,2,,False,0,1065,1065,1040,1040,1090,1090,8,2,Defenders,DEF,Defender,DEF,5,,,3,5,False,[],268
True,False,100.0,100.0,216616,0,0,-2,2,0,2,0.7,0.7,1,Dara,1.2,630,False,,2024-10-18T17:30:07.558521Z,38,216616.jpg,1.4,False,O'Shea,1.2,False,,a,10,40,49,409893,0,288258,0,0.3,12.9,O'Shea,104.0,2024-08-25,1999-03-04,False,p216616,3122,0,2,2,75,0,0,0,6,0,0,1,231,862.8,59.9,195.0,111.6,35,1.29,0.67,1.96,67.13,0,0,0,0,0,0,0,18,5,346,113,182,32,130,32,,,,,,,0.04,0.0,0.02,0.06,1.94,2.16,779,264,246,70,395,129,179,71,1.01,0.06,40,0,,10,0,Ipswich,0,0,19,IPS,2,,False,0,1065,1065,1040,1040,1090,1090,8,2,Defenders,DEF,Defender,DEF,5,,,3,5,False,[],268
True,False,,,198826,0,0,0,0,0,2,-0.5,-0.5,0,Ben,0.0,715,False,,,40,198826.jpg,-0.3,False,Godfrey,0.0,False,,a,10,40,-1,7893,0,4739,0,0.0,-0.2,Godfrey,241.0,2025-01-05,1998-01-15,False,p198826,158,0,0,0,10,0,0,0,1,0,0,0,-27,15.0,2.3,2.0,1.9,2,0.00,0.02,0.02,6.22,0,0,0,0,0,0,0,493,176,488,177,468,172,511,176,,,,,,,0.0,0.0,0.01,0.01,3.54,5.7,648,171,458,154,804,268,578,201,1.14,0.0,40,0,,10,0,Ipswich,0,0,19,IPS,2,,False,0,1065,1065,1040,1040,1090,1090,8,2,Defenders,DEF,Defender,DEF,5,,,3,5,False,[],268
True,False,,,547693,0,0,0,0,0,2,-0.5,-0.5,0,Somto,0.0,799,False,,,40,547693.jpg,0.0,False,Boniface,0.0,False,,a,10,40,0,653,0,311,0,0.0,0.0,Boniface,241.0,2025-04-19,2006-03-11,False,p547693,0,0,0,0,0,0,0,0,0,0,0,0,0,0.0,0.0,0.0,0.0,0,0.00,0.00,0.00,0.00,0,0,0,0,0,0,0,636,232,624,231,585,222,636,232,,,,,,,0.0,0.0,0.0,0.0,0.0,0.0,700,209,505,188,643,231,757,258,0.0,0.0,40,0,,10,0,Ipswich,0,0,19,IPS,2,,False,0,1065,1065,1040,1040,1090,1090,8,2,Defenders,DEF,Defender,DEF,5,,,3,5,False,[],268
True,False,100.0,100.0,94147,0,0,0,0,1,2,5.3,5.0,0,Conor,5.5,288,False,,2024-08-12T14:30:04.626270Z,40,94147.jpg,1.8,False,Coady,0.5,False,,a,11,13,39,87413,0,67838,0,1.4,9.8,Coady,241.0,2023-07-01,1993-02-25,False,p94147,1712,1,0,2,42,0,0,0,3,0,0,3,144,378.8,33.0,62.0,47.5,19,0.52,0.48,1.00,38.75,0,0,0,0,0,0,0,196,71,397,141,319,100,298,93,,,,,,,0.03,0.0,0.03,0.06,2.04,2.21,640,164,29,8,326,105,267,104,1.0,0.11,13,0,,11,0,Leicester,0,0,18,LEI,2,,False,0,975,975,1000,1020,990,990,26,2,Defenders,DEF,Defender,DEF,5,,,3,5,False,[],268
True,False,100.0,100.0,218218,0,0,-2,2,0,2,3.3,3.5,1,Wout,4.0,291,False,,2025-04-11T00:00:08.480230Z,38,218218.jpg,1.6,False,Faes,5.2,False,,a,11,13,55,1556642,0,1726298,0,1.1,14.5,Faes,21.0,2022-09-01,1998-04-03,False,p218218,2812,1,0,3,63,0,0,0,4,0,0,2,241,678.0,68.5,121.0,86.9,30,1.52,0.40,1.92,58.54,0,0,0,0,0,0,0,65,26,338,110,249,71,180,53,,,,,,,0.05,0.0,0.01,0.06,1.87,2.02,780,265,59,15,360,114,72,24,0.96,0.1,13,0,,11,0,Leicester,0,0,18,LEI,2,,False,0,975,975,1000,1020,990,990,26,2,Defenders,DEF,Defender,DEF,5,,,3,5,False,[],268
True,False,100.0,100.0,220627,0,0,-4,4,3,2,4.3,4.5,1,James,5.0,295,False,,2025-02-15T16:00:09.207526Z,41,220627.jpg,1.9,False,Justin,1.2,False,,a,11,13,70,682625,0,615963,0,1.2,17.1,Justin,241.0,2019-06-28,1998-02-23,False,p220627,2912,2,2,3,68,0,0,0,6,0,0,6,218,615.2,258.5,202.0,107.8,34,1.47,0.80,2.27,63.68,0,0,0,0,0,0,0,92,36,170,35,175,28,136,37,,,,,,,0.05,0.0,0.02,0.07,1.97,2.1,631,161,40,9,309,99,188,74,1.05,0.09,13,0,,11,0,Leicester,0,0,18,LEI,2,,False,0,975,975,1000,1020,990,990,26,2,Defenders,DEF,Defender,DEF,5,,,3,5,False,[],268
True,False,100.0,100.0,481510,0,0,-1,1,0,2,-0.3,0.0,1,Victor,0.5,296,False,,2025-02-10T09:30:07.256147Z,44,481510.jpg,1.1,False,Kristiansen,0.1,False,,a,11,13,34,20110,0,26887,0,0.1,7.7,Kristiansen,58.0,2023-01-20,2002-12-16,False,p481510,2481,0,1,1,62,1,0,0,1,0,0,0,153,519.4,358.6,40.0,91.6,29,0.13,1.74,1.87,54.38,0,0,0,0,0,0,0,132,47,115,24,356,120,166,47,1.0,,,,,,0.0,0.0,0.06,0.06,1.97,2.25,534,107,342,107,447,151,444,158,1.05,0.04,13,0,,11,0,Leicester,0,0,18,LEI,2,,False,0,975,975,1000,1020,990,990,26,2,Defenders,DEF,Defender,DEF,5,,,3,5,False,[],268
True,False,100.0,100.0,473341,0,0,0,0,0,2,-0.3,-0.3,0,Caleb,0.2,301,False,,2025-02-22T02:00:07.447724Z,40,473341.jpg,1.4,False,Okoli,0.4,False,,a,11,13,27,177251,0,162016,0,0.0,6.8,Okoli,106.0,2024-07-09,2001-07-13,False,p473341,1122,1,0,1,26,0,0,0,4,0,0,1,106,318.6,15.2,73.0,40.7,12,0.62,0.17,0.79,27.72,0,0,0,0,0,0,0,232,86,442,157,303,92,319,103,,,,,,,0.05,0.0,0.01,0.06,2.22,2.09,670,182,372,116,397,131,272,106,0.96,0.08,13,0,,11,0,Leicester,0,0,18,LEI,2,,False,0,975,975,1000,1020,990,990,26,2,Defenders,DEF,Defender,DEF,5,,,3,5,False,[],268
True,False,100.0,100.0,111931,0,0,-4,4,0,2,0.0,-0.3,0,Ricardo,0.2,302,False,,2025-04-27T12:00:08.247138Z,41,111931.jpg,1.0,False,Barbosa Pereira,0.1,False,,a,11,13,10,6244,0,22844,0,0.0,2.4,Ricardo,173.0,2018-06-09,1993-10-06,False,p111931,382,0,0,0,8,0,0,0,1,0,0,0,46,67.8,18.7,19.0,10.5,4,0.09,0.07,0.16,7.12,0,0,0,0,0,0,0,421,152,436,155,404,143,442,155,,,,,,,0.02,0.0,0.02,0.04,1.68,1.88,628,158,375,119,475,169,495,175,0.94,0.0,13,0,,11,0,Leicester,0,0,18,LEI,2,,False,0,975,975,1000,1020,990,990,26,2,Defenders,DEF,Defender,DEF,5,,,3,5,False,[],268
True,False,0.0,0.0,194190,0,0,0,0,0,2,0.0,0.0,0,Harry,0.0,303,False,Season long loan to Sheffield United,2024-08-07T08:21:01.638839Z,40,194190.jpg,0.0,False,Souttar,0.0,False,,u,11,13,0,0,0,1567,0,0.0,0.0,Souttar,13.0,2023-01-31,1998-10-22,False,p194190,0,0,0,0,0,0,0,0,0,0,0,0,0,0.0,0.0,0.0,0.0,0,0.00,0.00,0.00,0.00,0,0,0,0,0,0,0,595,202,579,200,538,189,595,202,,,,,,,0.0,0.0,0.0,0.0,0.0,0.0,645,168,455,151,603,202,730,248,0.0,0.0,13,0,,11,0,Leicester,0,0,18,LEI,2,,False,0,975,975,1000,1020,990,990,26,2,Defenders,DEF,Defender,DEF,5,,,3,5,False,[],268
True,False,,,244619,0,0,-1,1,0,2,2.7,3.7,5,Luke,4.2,305,False,,,39,244619.jpg,1.9,False,Thomas,1.4,False,,a,11,13,27,281083,0,208973,0,1.1,6.9,Thomas,241.0,2020-07-15,2001-06-10,False,p244619,1109,0,0,3,23,0,0,0,3,0,0,0,144,226.4,144.5,34.0,40.4,13,0.36,0.49,0.85,25.08,0,0,0,0,0,0,0,282,105,254,70,367,125,320,104,,,,,,,0.03,0.0,0.04,0.07,2.04,1.87,754,246,53,13,307,97,169,67,1.06,0.24,13,0,,11,0,Leicester,0,0,18,LEI,2,,False,0,975,975,1000,1020,990,990,26,2,Defenders,DEF,Defender,DEF,5,,,3,5,False,[],268
True,False,100.0,100.0,93100,0,0,-1,1,0,2,-0.5,-0.5,0,Jannik,0.0,307,False,,2025-02-10T09:30:07.295426Z,39,93100.jpg,0.6,False,Vestergaard,1.5,False,,a,11,13,11,315281,0,357591,0,0.0,2.8,Vestergaard,58.0,2021-08-13,1992-08-03,False,p93100,1390,0,0,0,35,1,0,0,5,0,0,0,86,321.0,46.6,53.0,42.4,16,0.11,0.08,0.19,25.05,0,0,0,0,0,0,0,230,84,368,128,334,110,312,100,,,,,,,0.01,0.0,0.01,0.02,1.62,2.27,738,238,419,134,550,189,161,64,1.04,0.0,13,0,,11,0,Leicester,0,0,18,LEI,2,,False,0,975,975,1000,1020,990,990,26,2,Defenders,DEF,Defender,DEF,5,,,3,5,False,[],268
True,False,0.0,0.0,501770,0,0,0,0,0,2,0.0,0.0,0,Ben,0.0,616,False,Loaned to Oxford United,2024-08-31T06:22:31.067773Z,40,501770.jpg,0.0,False,Nelson,0.0,False,,u,11,13,0,2208,0,3803,0,0.0,0.0,Nelson,,,,False,p501770,0,0,0,0,0,0,0,0,0,0,0,0,0,0.0,0.0,0.0,0.0,0,0.00,0.00,0.00,0.00,0,0,0,0,0,0,0,623,221,610,219,570,209,623,221,,,,,,,0.0,0.0,0.0,0.0,0.0,0.0,682,193,489,174,630,220,671,226,0.0,0.0,13,0,,11,0,Leicester,0,0,18,LEI,2,,False,0,975,975,1000,1020,990,990,26,2,Defenders,DEF,Defender,DEF,5,,,3,5,False,[],268
True,False,0.0,0.0,532535,0,0,0,0,0,2,0.0,0.0,0,Thomas,0.0,708,False,Loaned to Kilmarnock,2025-02-04T10:30:57.487547Z,40,532535.jpg,0.0,False,Wilson-Brown,0.0,False,,u,11,13,0,654,0,699,0,0.0,0.0,Wilson-Brown,241.0,2022-07-08,,False,p532535,0,0,0,0,0,0,0,0,0,0,0,0,0,0.0,0.0,0.0,0.0,0,0.00,0.00,0.00,0.00,0,0,0,0,0,0,0,629,226,617,225,578,216,629,226,,,,,,,0.0,0.0,0.0,0.0,0.0,0.0,691,201,497,181,636,225,745,254,0.0,0.0,13,0,,11,0,Leicester,0,0,18,LEI,2,,False,0,975,975,1000,1020,990,990,26,2,Defenders,DEF,Defender,DEF,5,,,3,5,False,[],268
True,False,,,488439,0,0,0,0,0,2,-0.5,-0.5,0,Woyo,0.0,726,False,,,40,488439.jpg,0.2,False,Coulibaly,0.0,False,,a,11,13,1,2815,0,1797,0,0.0,0.2,Coulibaly,73.0,2025-01-15,1999-05-26,False,p488439,107,0,0,0,6,0,0,0,1,0,0,0,-4,24.4,3.4,24.0,5.2,1,0.04,0.04,0.08,2.48,0,0,0,0,0,0,0,470,170,483,172,390,134,480,168,,,,,,,0.03,0.0,0.03,0.06,2.09,5.05,672,184,480,166,559,195,662,224,0.84,0.0,13,0,,11,0,Leicester,0,0,18,LEI,2,,False,0,975,975,1000,1020,990,990,26,2,Defenders,DEF,Defender,DEF,5,,,3,5,False,[],268
True,False,,,619146,0,0,0,0,0,2,-0.5,-0.3,1,Olabade,0.2,796,False,,,40,619146.jpg,1.0,False,Aluko,0.0,False,,a,11,13,1,183,0,78,0,0.0,0.2,Olabade Aluko,241.0,2025-04-11,2006-11-30,False,p619146,1,0,0,0,0,0,0,0,0,0,0,0,3,2.0,0.2,0.0,0.2,0,0.00,0.00,0.00,0.04,0,0,0,0,0,0,0,541,192,520,192,608,241,546,193,,,,,,,0.0,0.0,0.0,0.0,3.6,0.0,727,232,374,118,473,167,779,263,0.0,0.0,13,0,,11,0,Leicester,0,0,18,LEI,2,,False,0,975,975,1000,1020,990,990,26,2,Defenders,DEF,Defender,DEF,5,,,3,5,False,[],268
True,False,100.0,100.0,169187,0,0,2,-2,4,2,2.5,1.5,1,Trent,0.5,311,True,,2025-03-12T11:30:07.218287Z,72,169187.jpg,4.5,False,Alexander-Arnold,16.7,False,,a,12,14,148,4729153,0,6226115,0,0.1,20.6,Alexander-Arnold,241.0,2015-07-01,1998-10-07,False,p169187,2362,3,7,12,25,0,0,0,5,0,0,13,603,723.8,833.7,268.0,182.4,28,1.81,7.20,9.01,21.67,0,0,0,0,0,0,0,54,22,19,3,124,13,51,6,1.0,,1.0,,,,0.07,0.0,0.27,0.34,0.83,0.95,24,1,362,110,24,1,22,7,1.07,0.46,14,0,,12,0,Liverpool,0,0,1,LIV,5,,False,0,1350,1370,1320,1360,1380,1380,10,2,Defenders,DEF,Defender,DEF,5,,,3,5,False,[],268
True,False,100.0,100.0,492777,0,0,-3,3,0,2,2.5,2.8,1,Conor,1.8,313,False,,2025-04-27T22:30:08.305429Z,47,492777.jpg,2.2,False,Bradley,1.2,False,,a,12,14,41,215316,0,154916,0,0.4,8.7,Bradley,242.0,2023-09-25,2003-07-09,False,p492777,744,0,2,3,10,0,0,0,4,0,0,3,160,156.2,110.5,162.0,42.8,7,0.70,1.43,2.13,12.40,0,0,0,0,0,0,0,346,125,285,83,209,47,311,99,,,,,,,0.08,0.0,0.17,0.25,1.5,1.21,338,46,213,66,255,83,184,72,0.85,0.36,14,0,,12,0,Liverpool,0,0,1,LIV,5,,False,0,1350,1370,1320,1360,1380,1380,10,2,Defenders,DEF,Defender,DEF,5,,,3,5,False,[],268
True,False,100.0,100.0,171287,0,0,-3,3,0,2,1.0,1.0,0,Joe,0.0,322,False,,2025-02-12T12:30:09.561757Z,47,171287.jpg,1.6,False,Gomez,0.4,False,,a,12,14,14,287500,0,326431,0,0.0,3.0,Gomez,241.0,2015-06-20,1997-05-23,False,p171287,517,0,0,1,8,0,0,0,1,0,0,0,83,130.4,38.5,58.0,22.8,6,0.33,0.09,0.42,5.38,0,0,0,0,0,0,0,368,130,384,133,325,103,388,134,,,,,,,0.06,0.0,0.02,0.08,0.94,1.39,323,43,700,254,373,123,284,109,1.04,0.17,14,0,,12,0,Liverpool,0,0,1,LIV,5,,False,0,1350,1370,1320,1360,1380,1380,10,2,Defenders,DEF,Defender,DEF,5,,,3,5,False,[],268
True,False,100.0,100.0,204716,0,0,3,-3,0,2,2.0,2.0,2,Ibrahima,1.0,326,False,,2024-11-28T10:30:07.514061Z,53,204716.jpg,3.4,False,Konaté,7.0,False,,a,12,14,106,3105510,0,2691589,0,0.2,20.0,Konaté,73.0,2021-07-01,1999-05-25,False,p204716,2561,1,2,11,28,0,0,0,5,0,0,4,487,578.0,161.4,133.0,87.6,30,1.80,0.91,2.71,26.67,0,0,0,0,0,0,0,110,42,238,60,237,62,176,52,,,,,,,0.06,0.0,0.03,0.09,0.94,0.98,149,18,287,85,108,23,55,18,1.05,0.39,14,0,,12,0,Liverpool,0,0,1,LIV,5,,False,0,1350,1370,1320,1360,1380,1380,10,2,Defenders,DEF,Defender,DEF,5,,,3,5,False,[],268
True,False,0.0,0.0,197464,0,0,0,0,0,2,0.0,0.0,0,Nathaniel,0.0,332,False,Loaned to Derby County,2024-08-31T06:18:33.693343Z,40,197464.jpg,0.0,False,Phillips,0.1,False,,u,12,14,0,4026,0,17765,0,0.0,0.0,N.Phillips,,,,False,p197464,0,0,0,0,0,0,0,0,0,0,0,0,0,0.0,0.0,0.0,0.0,0,0.00,0.00,0.00,0.00,0,0,0,0,0,0,0,597,204,581,202,540,191,597,204,,,,,,,0.0,0.0,0.0,0.0,0.0,0.0,647,170,457,153,605,204,526,183,0.0,0.0,14,0,,12,0,Liverpool,0,0,1,LIV,5,,False,0,1350,1370,1320,1360,1380,1380,10,2,Defenders,DEF,Defender,DEF,5,,,3,5,False,[],268
True,False,100.0,100.0,441428,0,0,-6,6,0,2,0.8,0.8,0,Jarell,-0.2,333,False,,2024-08-23T09:30:06.099816Z,39,441428.jpg,0.7,False,Quansah,1.0,False,,a,12,14,9,342503,0,825979,0,-0.1,2.3,Quansah,241.0,2021-12-18,2003-01-29,False,p441428,488,0,0,0,12,1,0,0,2,0,0,0,38,119.4,29.1,15.0,16.5,4,0.10,0.18,0.28,10.38,0,0,0,0,0,0,0,374,133,408,144,416,146,413,143,,,,,,,0.02,0.0,0.03,0.05,1.91,2.21,759,249,803,267,543,184,203,80,0.74,0.0,14,0,,12,0,Liverpool,0,0,1,LIV,5,,False,0,1350,1370,1320,1360,1380,1380,10,2,Defenders,DEF,Defender,DEF,5,,,3,5,False,[],268
True,False,0.0,0.0,219937,0,0,0,0,0,2,0.0,0.0,0,Rhys,0.0,334,False,Loaned to Morecambe,2024-08-22T11:18:16.485954Z,40,219937.jpg,0.0,False,Williams,0.0,False,,u,12,14,0,828,0,14601,0,0.0,0.0,R.Williams,241.0,2020-09-23,,False,p219937,0,0,0,0,0,0,0,0,0,0,0,0,0,0.0,0.0,0.0,0.0,0,0.00,0.00,0.00,0.00,0,0,0,0,0,0,0,601,207,586,205,545,194,601,207,,,,,,,0.0,0.0,0.0,0.0,0.0,0.0,653,174,463,157,608,206,564,196,0.0,0.0,14,0,,12,0,Liverpool,0,0,1,LIV,5,,False,0,1350,1370,1320,1360,1380,1380,10,2,Defenders,DEF,Defender,DEF,5,,,3,5,False,[],268
True,False,,,122798,0,0,-2,2,0,2,2.5,2.5,2,Andrew,1.5,335,False,,,58,122798.jpg,2.8,False,Robertson,4.0,False,,a,12,14,91,1169940,0,1300850,0,0.3,15.7,Robertson,243.0,2017-07-21,1994-03-11,False,p122798,2479,0,1,10,32,1,0,0,3,1,0,4,397,395.4,668.7,182.0,124.4,29,1.12,4.27,5.39,26.90,0,0,0,0,0,0,0,183,67,41,6,198,38,105,19,2.0,,,,,,0.04,0.0,0.16,0.2,0.98,1.16,89,7,240,69,177,54,98,37,1.05,0.36,14,0,,12,0,Liverpool,0,0,1,LIV,5,,False,0,1350,1370,1320,1360,1380,1380,10,2,Defenders,DEF,Defender,DEF,5,,,3,5,False,[],268
True,False,100.0,100.0,214285,0,0,-4,4,0,2,1.5,1.5,0,Konstantinos,0.5,337,False,,2024-11-25T09:30:07.571904Z,46,214285.jpg,2.4,False,Tsimikas,0.2,False,,a,12,14,43,48773,0,80115,0,0.1,9.3,Tsimikas,83.0,2020-08-10,1996-05-12,False,p214285,829,0,1,4,8,0,0,0,2,0,0,3,217,202.0,260.7,60.0,52.5,9,0.39,2.32,2.71,9.03,0,0,0,0,0,0,0,309,115,169,34,321,101,288,86,3.0,,,,,,0.04,0.0,0.25,0.29,0.98,0.87,354,50,344,108,221,72,354,134,0.98,0.43,14,0,,12,0,Liverpool,0,0,1,LIV,5,,False,0,1350,1370,1320,1360,1380,1380,10,2,Defenders,DEF,Defender,DEF,5,,,3,5,False,[],268
True,False,,,97032,0,0,7,-7,0,2,3.2,3.0,1,Virgil,2.0,339,False,,,67,97032.jpg,3.9,False,van Dijk,25.6,False,,a,12,14,143,3763048,0,2640817,0,0.3,21.3,Virgil,152.0,2018-01-01,1991-07-08,False,p97032,3330,3,1,14,38,0,0,0,5,0,0,8,631,932.6,206.6,299.0,143.7,37,2.22,0.98,3.20,36.13,0,0,0,0,0,0,0,14,2,205,46,116,9,84,11,,,3.0,,,,0.06,0.0,0.03,0.09,0.98,1.03,37,2,198,60,57,5,11,3,1.0,0.38,14,0,,12,0,Liverpool,0,0,1,LIV,5,,False,0,1350,1370,1320,1360,1380,1380,10,2,Defenders,DEF,Defender,DEF,5,,,3,5,False,[],268
True,False,,,611926,0,0,0,0,0,2,1.0,1.0,0,Amara,0.0,692,False,,,40,611926.jpg,0.0,False,Nallo,0.0,False,,a,12,14,0,1247,0,1170,0,0.0,0.0,Nallo,241.0,2024-02-27,2006-11-18,False,p611926,0,0,0,0,0,0,0,0,0,0,0,0,0,0.0,0.0,0.0,0.0,0,0.00,0.00,0.00,0.00,0,0,0,0,0,0,0,653,247,641,246,603,238,653,247,,,,,,,0.0,0.0,0.0,0.0,0.0,0.0,722,229,525,206,660,246,684,234,0.0,0.0,14,0,,12,0,Liverpool,0,0,1,LIV,5,,False,0,1350,1370,1320,1360,1380,1380,10,2,Defenders,DEF,Defender,DEF,5,,,3,5,False,[],268
True,False,100.0,100.0,211975,0,0,-2,2,0,2,3.5,4.3,6,Manuel,3.8,340,False,,2025-02-12T09:00:09.174095Z,53,211975.jpg,2.3,False,Akanji,2.3,False,,a,13,43,61,435566,0,725398,0,0.7,11.5,Akanji,207.0,2022-09-01,1995-07-19,False,p211975,2012,0,0,6,28,0,0,0,3,0,0,1,307,339.8,249.8,100.0,68.9,23,1.57,1.30,2.87,29.72,0,0,0,0,0,0,0,220,82,175,37,275,81,238,76,,,,,,,0.07,0.0,0.06,0.13,1.33,1.25,152,19,81,22,245,78,130,49,1.03,0.27,43,0,,13,0,Man City,0,0,3,MCI,4,,False,0,1220,1270,1160,1170,1280,1370,11,2,Defenders,DEF,Defender,DEF,5,,,3,5,False,[],268
True,False,100.0,100.0,126184,0,0,-2,2,0,2,0.5,0.5,0,Nathan,0.0,341,False,,2025-03-01T21:30:09.703817Z,53,126184.jpg,2.5,False,Aké,0.8,False,,a,13,43,25,73413,0,279388,0,0.0,4.7,Aké,152.0,2020-08-05,1995-02-18,False,p126184,677,0,0,3,11,0,0,0,0,0,0,0,121,104.6,33.7,20.0,15.9,8,0.22,0.17,0.39,13.44,0,0,0,0,0,0,0,394,141,394,139,403,142,418,145,,,,,,,0.03,0.0,0.02,0.05,1.79,1.46,145,16,767,264,215,69,229,89,1.06,0.4,43,0,,13,0,Man City,0,0,3,MCI,4,,False,0,1220,1270,1160,1170,1280,1370,11,2,Defenders,DEF,Defender,DEF,5,,,3,5,False,[],268
True,False,100.0,100.0,477424,0,0,5,-5,2,2,5.8,6.5,8,Joško,6.0,350,True,,2024-10-31T02:30:07.426838Z,65,477424.jpg,4.1,False,Gvardiol,38.6,False,,a,13,43,153,6026146,0,5098220,0,0.9,23.5,Gvardiol,97.0,2023-08-05,2002-01-23,False,p477424,3278,5,0,13,41,0,0,0,2,0,0,15,623,847.0,501.7,497.0,185.0,36,4.60,2.92,7.52,44.27,0,0,0,0,0,0,0,23,7,74,14,63,2,49,5,,,,,,,0.13,0.0,0.08,0.21,1.22,1.13,48,3,22,6,40,3,4,1,0.99,0.36,43,0,,13,0,Man City,0,0,3,MCI,4,,False,0,1220,1270,1160,1170,1280,1370,11,2,Defenders,DEF,Defender,DEF,5,,,3,5,False,[],268
True,False,0.0,0.0,121145,0,0,-2,2,0,2,0.0,0.0,0,João,0.0,353,False,Permanent transfer to Saudi club Al-Hilal,2024-08-29T11:05:25.670531Z,53,121145.jpg,0.0,False,Cavaco Cancelo,0.2,False,,u,13,43,0,4654,0,78784,0,0.0,0.0,João Cancelo,,,,False,p121145,0,0,0,0,0,0,0,0,0,0,0,0,0,0.0,0.0,0.0,0.0,0,0.00,0.00,0.00,0.00,0,0,0,0,0,0,0,793,268,793,268,788,268,793,268,,,,,,,0.0,0.0,0.0,0.0,0.0,0.0,143,15,766,263,792,267,368,140,0.0,0.0,43,0,,13,0,Man City,0,0,3,MCI,4,,False,0,1220,1270,1160,1170,1280,1370,11,2,Defenders,DEF,Defender,DEF,5,,,3,5,False,[],268
True,False,100.0,100.0,477064,0,0,-2,2,0,2,2.8,2.3,0,Rico,1.8,355,False,,2024-12-07T21:30:08.281236Z,43,477064.jpg,2.4,False,Lewis,3.5,False,,a,13,43,66,2629386,0,2455882,0,0.4,15.3,Lewis,241.0,2022-07-16,2004-11-21,False,p477064,1888,1,2,5,27,0,0,0,3,1,0,1,285,293.8,218.6,139.0,65.0,21,1.32,1.01,2.33,27.60,0,0,0,0,0,0,0,243,90,191,40,231,59,250,79,,,,,,,0.06,0.0,0.05,0.11,1.32,1.29,587,131,204,64,219,71,105,40,1.0,0.24,43,0,,13,0,Man City,0,0,3,MCI,4,,False,0,1220,1270,1160,1170,1280,1370,11,2,Defenders,DEF,Defender,DEF,5,,,3,5,False,[],268
True,False,100.0,100.0,171314,0,0,0,0,0,2,6.5,6.7,7,Rúben,6.2,361,False,,2025-01-23T00:00:08.203274Z,55,171314.jpg,3.3,False,Gato Alves Dias,5.5,False,,a,13,43,90,820491,0,702651,0,1.1,16.4,Rúben,173.0,2020-09-29,1997-05-14,False,p171314,2269,0,0,11,21,1,0,0,4,0,0,7,410,478.2,173.8,150.0,80.2,25,1.54,1.20,2.74,29.48,0,0,0,0,0,0,0,151,58,227,57,221,54,202,63,,,,,,,0.06,0.0,0.05,0.11,1.17,0.83,107,11,19,5,117,28,68,23,0.99,0.44,43,0,,13,0,Man City,0,0,3,MCI,4,,False,0,1220,1270,1160,1170,1280,1370,11,2,Defenders,DEF,Defender,DEF,5,,,3,5,False,[],268
True,False,0.0,0.0,97299,0,0,-2,2,1,2,0.0,0.0,0,John,0.0,362,False,Thigh injury - Expected back 01 Jun,2025-02-21T13:30:09.715292Z,53,97299.jpg,2.6,False,Stones,1.0,False,,i,13,43,29,197218,0,359413,0,0.0,5.5,Stones,241.0,2016-08-09,1994-05-28,False,p97299,544,2,0,1,11,0,0,0,1,0,0,2,92,155.6,49.8,70.0,27.4,6,0.60,0.17,0.77,5.95,0,0,0,0,0,0,0,347,126,361,123,311,97,371,126,,,,,,,0.1,0.0,0.03,0.13,0.98,1.82,141,14,765,262,198,60,206,81,0.99,0.17,43,0,,13,0,Man City,0,0,3,MCI,4,,False,0,1220,1270,1160,1170,1280,1370,11,2,Defenders,DEF,Defender,DEF,5,,,3,5,False,[],268
True,False,0.0,0.0,58621,0,0,-4,4,0,2,0.0,0.0,0,Kyle,0.0,363,False,Loaned to Milan,2025-01-27T09:56:49.234718Z,51,58621.jpg,0.9,False,Walker,2.5,False,,u,13,43,13,187185,0,910764,0,0.0,2.5,Walker,241.0,2017-07-14,,False,p58621,966,0,0,0,21,0,0,0,3,0,0,0,63,157.4,147.7,29.0,33.5,9,0.12,1.34,1.46,19.26,0,0,0,0,0,0,0,342,124,249,67,386,132,349,117,,,,,,,0.01,0.0,0.12,0.13,1.79,1.96,178,24,757,261,532,178,123,45,0.84,0.0,43,0,,13,0,Man City,0,0,3,MCI,4,,False,0,1220,1270,1160,1170,1280,1370,11,2,Defenders,DEF,Defender,DEF,5,,,3,5,False,[],268
True,False,0.0,0.0,476369,0,0,0,0,0,2,0.0,0.0,0,Issa,0.0,626,False,Loaned to Benfica,2024-09-05T10:37:05.659734Z,45,476369.jpg,0.0,False,Kaboré,0.0,False,,u,13,43,0,491,0,793,0,0.0,0.0,Kaboré,,,,False,p476369,0,0,0,0,0,0,0,0,0,0,0,0,0,0.0,0.0,0.0,0.0,0,0.00,0.00,0.00,0.00,0,0,0,0,0,0,0,712,266,709,265,689,264,712,266,,,,,,,0.0,0.0,0.0,0.0,0.0,0.0,406,71,626,247,717,265,754,257,0.0,0.0,43,0,,13,0,Man City,0,0,3,MCI,4,,False,0,1220,1270,1160,1170,1280,1370,11,2,Defenders,DEF,Defender,DEF,5,,,3,5,False,[],268
True,False,100.0,100.0,554194,0,0,0,0,0,2,0.5,0.5,0,Jahmai,0.0,672,False,,2024-11-13T15:30:08.805382Z,40,554194.jpg,0.5,False,Simpson-Pusey,0.0,False,,a,13,43,1,6735,0,5430,0,0.0,0.2,Simpson-Pusey,241.0,2024-07-23,2005-11-04,False,p554194,95,0,0,0,2,0,0,0,1,0,0,0,7,19.6,2.2,2.0,2.4,1,0.00,0.01,0.01,2.37,0,0,0,0,0,0,0,484,173,490,179,470,174,501,174,,,,,,,0.0,0.0,0.01,0.01,2.25,1.89,704,213,509,192,552,191,602,209,0.95,0.0,43,0,,13,0,Man City,0,0,3,MCI,4,,False,0,1220,1270,1160,1170,1280,1370,11,2,Defenders,DEF,Defender,DEF,5,,,3,5,False,[],268
True,False,0.0,0.0,447880,0,0,0,0,0,2,0.0,0.0,0,Josh,0.0,675,False,Loaned to Stoke City,2025-01-24T10:47:24.891848Z,40,447880.jpg,0.0,False,Wilson-Esbrand,0.0,False,,u,13,43,0,2181,0,2281,0,0.0,0.0,Wilson-Esbrand,241.0,2021-09-17,,False,p447880,0,0,0,0,0,0,0,0,0,0,0,0,0,0.0,0.0,0.0,0.0,0,0.00,0.00,0.00,0.00,0,0,0,0,0,0,0,608,212,595,210,554,199,608,212,,,,,,,0.0,0.0,0.0,0.0,0.0,0.0,663,180,472,163,615,211,691,236,0.0,0.0,43,0,,13,0,Man City,0,0,3,MCI,4,,False,0,1220,1270,1160,1170,1280,1370,11,2,Defenders,DEF,Defender,DEF,5,,,3,5,False,[],268
True,False,,,494307,0,0,0,0,0,2,0.5,0.5,0,Max,0.0,703,False,,,40,494307.jpg,0.0,False,Alleyne,0.0,False,,a,13,43,0,1377,0,1053,0,0.0,0.0,Alleyne,241.0,2022-12-16,2005-07-21,False,p494307,0,0,0,0,0,0,0,0,0,0,0,0,0,0.0,0.0,0.0,0.0,0,0.00,0.00,0.00,0.00,0,0,0,0,0,0,0,617,216,604,214,563,203,617,216,,,,,,,0.0,0.0,0.0,0.0,0.0,0.0,674,186,482,168,624,215,692,237,0.0,0.0,43,0,,13,0,Man City,0,0,3,MCI,4,,False,0,1220,1270,1160,1170,1280,1370,11,2,Defenders,DEF,Defender,DEF,5,,,3,5,False,[],268
True,False,,,578153,0,0,0,0,0,2,0.5,0.5,0,Abdukodir,0.0,732,False,,,50,578153.jpg,2.3,False,Khusanov,0.3,False,,a,13,43,14,118620,0,89012,0,0.0,2.8,Khusanov,231.0,2025-01-20,2004-02-29,False,p578153,503,0,0,2,6,1,0,0,1,0,0,0,78,102.0,33.9,4.0,14.1,6,0.02,0.09,0.11,6.98,0,0,0,0,0,0,0,400,143,393,138,466,171,423,147,,,,,,,0.0,0.0,0.02,0.02,1.25,1.07,235,27,755,260,243,77,293,113,1.07,0.36,43,0,,13,0,Man City,0,0,3,MCI,4,,False,0,1220,1270,1160,1170,1280,1370,11,2,Defenders,DEF,Defender,DEF,5,,,3,5,False,[],268
True,False,,,616222,0,0,0,0,0,2,0.5,0.5,0,Vitor,0.0,733,False,,,45,616222.jpg,1.0,False,de Oliveira Nunes dos Reis,0.0,False,,a,13,43,1,2505,0,1934,0,0.0,0.2,Vitor Reis,30.0,2025-01-21,2006-01-12,False,p616222,1,0,0,0,0,0,0,0,0,0,0,0,4,3.2,0.0,0.0,0.3,0,0.00,0.00,0.00,0.00,0,0,0,0,0,0,0,528,189,765,267,749,267,542,191,,,,,,,0.0,0.0,0.0,0.0,0.0,0.0,490,81,693,252,507,176,682,232,0.0,0.0,43,0,,13,0,Man City,0,0,3,MCI,4,,False,0,1220,1270,1160,1170,1280,1370,11,2,Defenders,DEF,Defender,DEF,5,,,3,5,False,[],268
True,False,100.0,100.0,216051,0,0,0,0,3,2,0.0,0.2,1,Diogo,0.2,369,False,,2025-04-25T13:30:08.377875Z,50,216051.jpg,2.9,False,Dalot Teixeira,4.7,False,,a,14,1,95,1487754,0,1919171,0,0.0,19.0,Dalot,173.0,2018-06-08,1999-03-18,False,p216051,2812,0,4,8,45,0,0,0,5,0,0,9,352,493.2,434.2,258.0,118.2,31,1.96,2.35,4.31,46.95,0,0,0,0,0,0,0,146,56,89,16,132,14,119,27,,,,,,,0.06,0.0,0.08,0.14,1.5,1.44,209,26,405,132,154,42,80,27,0.99,0.26,1,0,,14,0,Man Utd,0,0,15,MUN,3,,False,0,1095,1135,1120,1130,1070,1140,12,2,Defenders,DEF,Defender,DEF,5,,,3,5,False,[],268
True,False,100.0,100.0,37642,0,0,-1,1,1,2,0.0,0.2,1,Jonny,0.2,371,False,,2025-01-14T12:00:08.993380Z,44,37642.jpg,2.1,False,Evans,0.1,False,,a,14,1,15,9203,0,17912,0,0.0,3.4,Evans,242.0,2023-07-18,1988-01-03,False,p37642,312,0,0,1,2,0,0,0,1,0,0,3,71,66.6,5.3,23.0,9.5,3,0.11,0.02,0.13,2.96,0,0,0,0,0,0,0,426,154,474,167,394,138,447,156,,,,,,,0.03,0.0,0.01,0.04,0.85,0.58,496,82,384,128,267,85,484,170,0.87,0.29,1,0,,14,0,Man Utd,0,0,15,MUN,3,,False,0,1095,1135,1120,1130,1070,1140,12,2,Defenders,DEF,Defender,DEF,5,,,3,5,False,[],268
True,False,100.0,100.0,184667,0,0,-2,2,0,2,1.2,2.5,6,Victor,2.5,376,False,,2024-12-20T17:00:08.474761Z,43,184667.jpg,1.7,False,Lindelöf,0.1,False,,a,14,1,27,5146,0,18477,0,0.6,6.3,Lindelof,206.0,2017-07-01,1994-07-17,False,p184667,695,0,0,2,9,0,0,0,1,0,0,0,100,125.4,48.5,8.0,18.3,6,0.00,0.09,0.09,8.59,0,0,0,0,0,0,0,369,131,365,126,441,162,403,139,,,,,,,0.0,0.0,0.01,0.01,1.11,1.17,569,116,155,43,348,112,487,171,0.78,0.26,1,0,,14,0,Man Utd,0,0,15,MUN,3,,False,0,1095,1135,1120,1130,1070,1140,12,2,Defenders,DEF,Defender,DEF,5,,,3,5,False,[],268
True,False,100.0,100.0,95658,0,0,-1,1,0,2,1.2,2.2,6,Harry,2.2,377,False,,2025-03-06T00:00:09.433208Z,49,95658.jpg,1.8,False,Maguire,0.8,False,,a,14,1,48,112924,0,120789,0,0.4,9.8,Maguire,241.0,2019-08-05,1993-03-05,False,p95658,1751,1,0,3,27,0,0,0,7,0,0,3,217,409.4,101.2,233.0,74.5,19,1.82,0.25,2.07,26.83,0,0,0,0,0,0,0,178,66,299,90,151,21,221,67,,,,,,,0.09,0.0,0.01,0.1,1.38,1.39,237,28,173,51,336,109,228,88,0.98,0.15,1,0,,14,0,Man Utd,0,0,15,MUN,3,,False,0,1095,1135,1120,1130,1070,1140,12,2,Defenders,DEF,Defender,DEF,5,,,3,5,False,[],268
True,False,0.0,0.0,222690,0,0,-1,1,0,2,0.0,0.0,0,Tyrell,0.0,379,False,Loaned to PSV,2025-02-05T21:04:06.513546Z,44,222690.jpg,0.7,False,Malacia,0.0,False,,u,14,1,2,2894,0,3815,0,0.0,0.5,Malacia,152.0,2022-07-05,,False,p222690,99,0,0,0,1,0,0,0,1,0,0,0,2,5.2,13.9,0.0,1.7,2,0.00,0.02,0.02,0.78,0,0,0,0,0,0,0,515,184,444,158,639,254,515,179,,,,,,,0.0,0.0,0.02,0.02,0.71,0.91,513,95,570,234,545,186,683,233,1.82,0.0,1,0,,14,0,Man Utd,0,0,15,MUN,3,,False,0,1095,1135,1120,1130,1070,1140,12,2,Defenders,DEF,Defender,DEF,5,,,3,5,False,[],268
True,False,0.0,0.0,221820,0,0,-2,2,1,2,0.0,0.0,0,Lisandro,0.0,380,False,Knee injury - Expected back 01 Jun,2025-02-03T02:00:08.575069Z,43,221820.jpg,3.4,False,Martínez,2.2,False,,i,14,1,68,446424,0,797446,0,0.0,15.8,Martinez,10.0,2022-07-17,1998-01-18,False,p221820,1751,2,1,6,27,0,0,0,7,0,0,5,293,426.6,153.9,158.0,73.8,20,1.33,1.21,2.54,30.17,0,0,0,0,0,0,0,169,62,242,64,212,49,224,70,,,,,,,0.07,0.0,0.06,0.13,1.55,1.39,576,122,555,225,98,19,133,51,1.03,0.31,1,0,,14,0,Man Utd,0,0,15,MUN,3,,False,0,1095,1135,1120,1130,1070,1140,12,2,Defenders,DEF,Defender,DEF,5,,,3,5,False,[],268
True,False,100.0,100.0,106760,0,0,-1,1,0,2,0.5,0.2,0,Luke,0.2,387,False,,2025-03-31T14:00:06.529907Z,49,106760.jpg,0.7,False,Shaw,0.2,False,,a,14,1,5,9299,0,68178,0,0.0,1.0,Shaw,241.0,2014-07-01,1995-07-12,False,p106760,346,0,0,0,5,1,0,0,1,0,0,0,38,48.2,68.2,11.0,12.7,4,0.03,0.77,0.80,3.81,0,0,0,0,0,0,0,442,161,341,112,433,157,426,150,,,,,,,0.01,0.0,0.2,0.21,0.99,1.3,238,29,401,131,548,187,379,141,1.04,0.0,1,0,,14,0,Man Utd,0,0,15,MUN,3,,False,0,1095,1135,1120,1130,1070,1140,12,2,Defenders,DEF,Defender,DEF,5,,,3,5,False,[],268
True,False,100.0,100.0,550864,0,0,-2,2,0,2,0.8,0.2,0,Leny,0.2,572,False,,2025-05-11T23:00:09.478063Z,43,550864.jpg,1.0,False,Yoro,0.2,False,,a,14,1,22,51278,0,53328,0,0.0,5.1,Yoro,73.0,2024-07-19,2005-11-13,False,p550864,1160,0,0,1,24,0,0,0,5,0,0,0,90,207.4,55.8,54.0,31.8,12,0.70,0.15,0.85,19.35,0,0,0,0,0,0,0,304,111,355,119,332,108,356,119,,,,,,,0.05,0.0,0.01,0.06,1.5,1.86,597,135,383,127,481,175,356,135,0.93,0.08,1,0,,14,0,Man Utd,0,0,15,MUN,3,,False,0,1095,1135,1120,1130,1070,1140,12,2,Defenders,DEF,Defender,DEF,5,,,3,5,False,[],268
True,False,50.0,50.0,209365,0,0,-2,2,1,2,0.0,0.0,0,Matthijs,0.0,593,False,Knock - 50% chance of playing,2025-05-05T07:30:08.631016Z,48,209365.jpg,2.3,False,de Ligt,2.9,False,,d,14,1,68,622964,0,850875,0,0.0,14.2,De Ligt,152.0,2024-08-13,1999-08-12,False,p209365,2119,2,0,4,36,0,0,0,3,0,0,3,312,518.4,88.7,303.0,91.5,25,2.48,0.25,2.73,38.53,0,0,0,0,0,0,0,133,48,312,97,111,8,167,48,,,,,,,0.11,0.0,0.01,0.12,1.64,1.53,297,36,715,256,240,76,115,43,1.06,0.17,1,0,,14,0,Man Utd,0,0,15,MUN,3,,False,0,1095,1135,1120,1130,1070,1140,12,2,Defenders,DEF,Defender,DEF,5,,,3,5,False,[],268
True,False,100.0,100.0,230001,0,0,-3,3,2,2,1.0,0.8,1,Noussair,0.8,594,False,,2025-01-23T23:30:09.029563Z,42,230001.jpg,2.4,False,Mazraoui,7.3,False,,a,14,1,88,3131607,0,2919466,0,0.2,21.0,Mazraoui,145.0,2024-08-13,1997-11-14,False,p230001,2836,0,1,7,43,0,0,0,3,0,0,5,410,619.4,332.7,123.0,107.5,34,0.69,1.87,2.56,46.26,0,0,0,0,0,0,0,90,34,124,26,247,70,139,38,,,,,,,0.02,0.0,0.06,0.08,1.47,1.36,618,151,296,87,218,70,51,17,1.08,0.22,1,0,,14,0,Man Utd,0,0,15,MUN,3,,False,0,1095,1135,1120,1130,1070,1140,12,2,Defenders,DEF,Defender,DEF,5,,,3,5,False,[],268
True,False,100.0,100.0,606745,0,0,0,0,0,2,0.0,2.0,8,Ayden,2.0,658,False,,2025-04-18T15:30:08.283369Z,40,606745.jpg,2.5,False,Heaven,0.1,False,,a,14,1,10,14638,0,12121,0,0.5,2.5,Heaven,241.0,2025-02-01,2006-09-22,False,p606745,169,0,0,1,1,0,0,0,1,0,0,2,47,43.4,12.9,10.0,6.6,2,0.12,0.01,0.13,1.69,0,0,0,0,0,0,0,445,163,447,159,434,158,470,167,,,,,,,0.06,0.0,0.01,0.07,0.9,0.53,720,227,186,55,202,61,498,177,1.07,0.53,1,0,,14,0,Man Utd,0,0,15,MUN,3,,False,0,1095,1135,1120,1130,1070,1140,12,2,Defenders,DEF,Defender,DEF,5,,,3,5,False,[],268
True,False,,,577974,0,0,0,0,0,2,0.2,0.2,0,Harry,0.2,670,False,,,40,577974.jpg,0.8,False,Amass,0.1,False,,a,14,1,4,9825,0,5357,0,0.0,1.0,Amass,241.0,2024-04-06,2007-03-16,False,p577974,345,0,0,0,9,0,0,0,0,0,0,0,1,40.0,26.5,15.0,8.2,4,0.07,0.07,0.14,6.30,0,0,0,0,0,0,0,451,166,415,149,418,148,454,160,,,,,,,0.02,0.0,0.02,0.04,1.64,2.35,709,217,373,117,538,181,501,178,1.04,0.0,1,0,,14,0,Man Utd,0,0,15,MUN,3,,False,0,1095,1135,1120,1130,1070,1140,12,2,Defenders,DEF,Defender,DEF,5,,,3,5,False,[],268
True,False,,,576637,0,0,0,0,0,2,0.0,0.0,0,Godwill,0.0,691,False,,,40,576637.jpg,0.0,False,Kukonki,0.0,False,,a,14,1,0,1065,0,996,0,0.0,0.0,Kukonki,241.0,2024-12-03,2008-02-06,False,p576637,0,0,0,0,0,0,0,0,0,0,0,0,0,0.0,0.0,0.0,0.0,0,0.00,0.00,0.00,0.00,0,0,0,0,0,0,0,642,237,630,236,591,227,642,237,,,,,,,0.0,0.0,0.0,0.0,0.0,0.0,707,215,512,194,649,236,680,231,0.0,0.0,1,0,,14,0,Man Utd,0,0,15,MUN,3,,False,0,1095,1135,1120,1130,1070,1140,12,2,Defenders,DEF,Defender,DEF,5,,,3,5,False,[],268
True,False,100.0,100.0,596777,0,0,0,0,0,2,1.0,2.5,7,Patrick,2.5,766,False,,2025-02-27T08:00:10.469576Z,45,596777.jpg,1.5,False,Dorgu,0.2,False,,a,14,1,18,58352,0,36066,0,0.6,4.0,Dorgu,58.0,2025-02-02,2004-10-26,False,p596777,840,0,0,2,12,0,0,0,3,1,0,1,108,106.4,175.3,112.0,39.4,10,0.43,1.27,1.70,10.26,0,0,0,0,0,0,0,392,139,226,56,263,74,327,107,,,,,,,0.05,0.0,0.14,0.19,1.1,1.29,481,78,158,46,384,127,344,130,1.07,0.21,1,0,,14,0,Man Utd,0,0,15,MUN,3,,False,0,1095,1135,1120,1130,1070,1140,12,2,Defenders,DEF,Defender,DEF,5,,,3,5,False,[],268
True,False,,,547676,0,0,0,0,0,2,0.0,0.0,0,Tyler,0.0,777,False,,,40,547676.jpg,1.0,False,Fredricson,0.0,False,,a,14,1,2,874,0,363,0,0.0,0.5,Fredricson,241.0,2022-09-07,2005-02-23,False,p547676,166,0,0,0,5,0,0,0,0,0,0,0,16,37.4,4.9,2.0,4.4,2,0.00,0.02,0.02,2.94,0,0,0,0,0,0,0,453,167,477,168,469,173,488,171,,,,,,,0.0,0.0,0.01,0.01,1.59,2.71,699,208,504,187,470,164,723,245,1.08,0.0,1,0,,14,0,Man Utd,0,0,15,MUN,3,,False,0,1095,1135,1120,1130,1070,1140,12,2,Defenders,DEF,Defender,DEF,5,,,3,5,False,[],268
True,False,0.0,0.0,545477,0,0,0,0,0,2,0.0,0.0,0,Alex,0.0,390,False,Loaned to Bolton Wanderers,2025-01-22T10:15:51.022032Z,40,545477.jpg,0.0,False,Murphy,0.5,False,,u,15,4,0,83269,0,127160,0,0.0,0.0,A.Murphy,104.0,2023-07-19,,False,p545477,0,0,0,0,0,0,0,0,0,0,0,0,0,0.0,0.0,0.0,0.0,0,0.00,0.00,0.00,0.00,0,0,0,0,0,0,0,635,231,623,230,584,221,635,231,,,,,,,0.0,0.0,0.0,0.0,0.0,0.0,698,207,503,186,642,230,262,102,0.0,0.0,4,0,,15,0,Newcastle,0,0,5,NEW,4,,False,0,1220,1255,1150,1170,1290,1340,23,2,Defenders,DEF,Defender,DEF,5,,,3,5,False,[],268
True,False,100.0,100.0,220237,0,0,-1,1,0,2,1.7,3.0,6,Sven,2.5,393,False,,2025-05-11T23:00:09.195752Z,44,220237.jpg,2.2,False,Botman,0.0,False,,a,15,4,18,17061,0,15616,0,0.6,4.1,Botman,152.0,2022-06-28,2000-01-12,False,p220237,412,0,0,2,4,0,0,0,1,0,0,0,95,110.4,28.4,96.0,23.6,6,0.59,0.22,0.81,5.07,0,0,0,0,0,0,0,387,135,410,146,278,83,385,133,,,,,,,0.13,0.0,0.05,0.18,1.11,0.87,512,94,157,45,251,81,561,195,1.31,0.44,4,0,,15,0,Newcastle,0,0,5,NEW,4,,False,0,1220,1255,1150,1170,1290,1340,23,2,Defenders,DEF,Defender,DEF,5,,,3,5,False,[],268
True,False,100.0,100.0,78916,0,0,1,-1,2,2,7.3,4.5,2,Dan,4.0,395,False,,2025-02-10T09:30:07.448812Z,46,78916.jpg,3.1,False,Burn,12.6,False,,a,15,4,115,1915239,0,2106902,0,0.9,25.0,Burn,241.0,2022-01-31,1992-05-09,False,p78916,3330,1,1,13,45,2,0,0,11,0,0,9,476,736.6,123.6,297.0,115.8,37,1.97,1.09,3.06,45.22,0,0,0,0,0,0,0,47,19,274,77,117,10,122,29,,,,,,,0.05,0.0,0.03,0.08,1.22,1.22,347,48,62,17,134,37,33,12,1.0,0.35,4,0,,15,0,Newcastle,0,0,5,NEW,4,,False,0,1220,1255,1150,1170,1290,1340,23,2,Defenders,DEF,Defender,DEF,5,,,3,5,False,[],268
True,False,0.0,0.0,487838,0,0,2,-2,2,2,0.0,0.0,0,Lewis,0.0,399,False,Foot injury - Expected back 01 Jun,2025-03-03T01:00:07.813261Z,47,487838.jpg,3.8,False,Hall,4.4,False,,i,15,4,102,3442627,0,3549842,0,0.0,21.7,Hall,241.0,2024-07-01,2004-09-08,False,p487838,2188,0,7,8,31,0,0,0,3,0,0,11,443,561.6,561.2,128.0,125.3,24,0.43,3.73,4.16,29.73,0,0,0,0,0,0,0,114,44,63,10,243,66,103,18,2.0,,,,,,0.02,0.0,0.15,0.17,1.22,1.28,337,45,705,255,61,6,86,30,0.99,0.33,4,0,,15,0,Newcastle,0,0,5,NEW,4,,False,0,1220,1255,1150,1170,1290,1340,23,2,Defenders,DEF,Defender,DEF,5,,,3,5,False,[],268
True,False,0.0,0.0,235530,0,0,-3,3,0,2,0.0,0.0,0,Lloyd,0.0,404,False,Loaned to Juventus,2025-02-04T10:29:36.512234Z,42,235530.jpg,1.2,False,Kelly,0.1,False,,u,15,4,12,10682,0,20855,0,0.0,2.9,Kelly,241.0,2024-07-01,,False,p235530,299,0,1,0,6,0,0,0,2,0,0,0,40,80.6,29.0,20.0,12.6,4,0.41,0.11,0.52,5.72,0,0,0,0,0,0,0,414,150,409,145,402,141,427,151,,,,,,,0.12,0.0,0.03,0.15,1.72,1.81,619,152,546,219,432,148,475,166,1.2,0.0,4,0,,15,0,Newcastle,0,0,5,NEW,4,,False,0,1220,1255,1150,1170,1290,1340,23,2,Defenders,DEF,Defender,DEF,5,,,3,5,False,[],268
True,False,100.0,100.0,111773,0,0,-2,2,0,2,0.7,0.7,0,Emil,0.2,405,False,,2024-11-11T16:00:06.953415Z,43,111773.jpg,1.4,False,Krafth,0.1,False,,a,15,4,17,13031,0,21107,0,0.0,4.0,Krafth,206.0,2019-08-08,1994-08-02,False,p111773,334,0,0,1,2,0,0,0,2,0,0,0,55,59.2,19.7,13.0,9.3,2,0.04,0.04,0.08,6.50,0,0,0,0,0,0,0,430,157,434,154,425,153,448,157,,,,,,,0.01,0.0,0.01,0.02,1.75,0.54,566,114,381,125,402,136,474,165,0.54,0.27,4,0,,15,0,Newcastle,0,0,5,NEW,4,,False,0,1220,1255,1150,1170,1290,1340,23,2,Defenders,DEF,Defender,DEF,5,,,3,5,False,[],268
True,False,100.0,100.0,101148,0,0,0,0,0,2,0.5,0.5,0,Jamaal,0.0,407,False,,2024-07-17T13:30:05.035452Z,45,101148.jpg,0.0,False,Lascelles,0.0,False,,a,15,4,0,1352,0,1207,0,0.0,0.0,Lascelles,241.0,2014-08-04,1993-11-11,False,p101148,0,0,0,0,0,0,0,0,0,0,0,0,0,0.0,0.0,0.0,0.0,0,0.00,0.00,0.00,0.00,0,0,0,0,0,0,0,689,261,684,260,661,258,689,261,,,,,,,0.0,0.0,0.0,0.0,0.0,0.0,364,56,598,240,694,260,731,249,0.0,0.0,4,0,,15,0,Newcastle,0,0,5,NEW,4,,False,0,1220,1255,1150,1170,1290,1340,23,2,Defenders,DEF,Defender,DEF,5,,,3,5,False,[],268
True,False,0.0,0.0,194799,0,0,0,0,0,2,0.0,0.0,0,Jamal,0.0,408,False,Loaned to  Sao Paulo,2024-09-05T10:35:35.180344Z,40,194799.jpg,0.0,False,Lewis,0.1,False,,u,15,4,0,11493,0,42382,0,0.0,0.0,Lewis,242.0,2020-09-09,1998-01-25,False,p194799,0,0,0,0,0,0,0,0,0,0,0,0,0,0.0,0.0,0.0,0.0,0,0.00,0.00,0.00,0.00,0,0,0,0,0,0,0,596,203,580,201,539,190,596,203,,,,,,,0.0,0.0,0.0,0.0,0.0,0.0,646,169,456,152,604,203,426,153,0.0,0.0,4,0,,15,0,Newcastle,0,0,5,NEW,4,,False,0,1220,1255,1150,1170,1290,1340,23,2,Defenders,DEF,Defender,DEF,5,,,3,5,False,[],268
True,False,100.0,100.0,441191,0,0,1,-1,1,2,4.7,3.7,2,Tino,3.2,409,False,,2024-12-27T02:00:09.792616Z,46,441191.jpg,2.8,False,Livramento,8.9,False,,a,15,4,105,1595407,0,772007,0,0.7,22.8,Livramento,241.0,2023-08-08,2002-11-12,False,p441191,2835,0,1,10,40,0,0,0,1,0,0,6,476,567.4,406.2,127.0,110.1,32,0.33,2.70,3.03,37.83,0,0,0,0,0,0,0,111,43,99,20,244,67,132,34,,,,,,,0.01,0.0,0.09,0.1,1.2,1.27,358,53,106,30,169,52,43,16,1.02,0.32,4,0,,15,0,Newcastle,0,0,5,NEW,4,,False,0,1220,1255,1150,1170,1290,1340,23,2,Defenders,DEF,Defender,DEF,5,,,3,5,False,[],268
True,False,100.0,100.0,119471,0,0,0,0,2,2,5.3,4.0,1,Fabian,3.5,415,False,,2025-05-05T07:30:08.372746Z,55,119471.jpg,3.5,False,Schär,5.0,False,,a,15,4,118,990239,0,663107,0,0.6,21.5,Schär,207.0,2018-07-26,1991-12-20,False,p119471,2935,4,2,11,42,0,0,0,9,1,0,4,440,743.2,111.5,346.0,119.6,33,3.94,1.01,4.95,37.26,0,0,0,0,0,0,0,45,17,283,82,98,6,115,24,,,2.0,,,,0.12,0.0,0.03,0.15,1.14,1.29,105,10,97,26,95,17,73,25,1.01,0.34,4,0,,15,0,Newcastle,0,0,5,NEW,4,,False,0,1220,1255,1150,1170,1290,1340,23,2,Defenders,DEF,Defender,DEF,5,,,3,5,False,[],268
True,False,50.0,50.0,169359,0,0,-1,1,0,2,0.2,0.2,0,Matt,0.0,416,False,Hamstring injury - 50% chance of playing,2025-04-27T12:00:08.343603Z,39,169359.jpg,1.0,False,Targett,0.3,False,,d,15,4,2,38664,0,62158,0,0.0,0.5,Targett,241.0,2022-07-01,1995-09-18,False,p169359,20,0,0,0,0,0,0,0,0,0,0,0,7,5.0,5.6,0.0,1.0,0,0.00,0.07,0.07,0.26,0,0,0,0,0,0,0,516,185,473,166,510,178,524,183,,,,,,,0.0,0.0,0.32,0.32,1.17,0.0,745,242,424,137,456,153,317,123,0.0,0.0,4,0,,15,0,Newcastle,0,0,5,NEW,4,,False,0,1220,1255,1150,1170,1290,1340,23,2,Defenders,DEF,Defender,DEF,5,,,3,5,False,[],268
True,False,100.0,50.0,77794,0,0,-4,4,2,2,2.4,0.7,1,Kieran,0.8,418,False,,2025-05-09T10:30:06.643856Z,56,77794.jpg,2.9,False,Trippier,4.4,False,,a,15,4,72,607647,0,1497328,0,0.1,12.9,Trippier,241.0,2022-01-07,1990-09-19,False,p77794,1299,0,3,6,18,0,0,0,1,0,0,8,287,319.4,406.8,33.0,76.1,14,0.12,1.44,1.56,17.05,0,0,0,0,0,0,0,231,85,98,19,372,127,214,65,1.0,,1.0,,,,0.01,0.0,0.1,0.11,1.18,1.25,100,9,316,94,156,43,85,29,0.97,0.42,4,0,,15,0,Newcastle,0,0,5,NEW,4,,False,0,1220,1255,1150,1170,1290,1340,23,2,Defenders,DEF,Defender,DEF,5,,,3,5,False,[],268
True,False,0.0,0.0,578512,0,0,0,0,0,2,0.0,0.0,0,Miodrag,0.0,574,False,Loaned to Willem II,2024-09-10T11:08:18.853575Z,40,578512.jpg,0.0,False,Pivaš,0.1,False,,u,15,4,0,2653,0,11837,0,0.0,0.0,Pivas,,,,False,p578512,0,0,0,0,0,0,0,0,0,0,0,0,0,0.0,0.0,0.0,0.0,0,0.00,0.00,0.00,0.00,0,0,0,0,0,0,0,643,238,631,237,592,228,643,238,,,,,,,0.0,0.0,0.0,0.0,0.0,0.0,710,218,514,196,650,237,539,187,0.0,0.0,4,0,,15,0,Newcastle,0,0,5,NEW,4,,False,0,1220,1255,1150,1170,1290,1340,23,2,Defenders,DEF,Defender,DEF,5,,,3,5,False,[],268
True,False,100.0,100.0,106468,0,0,-3,3,1,2,0.5,0.5,0,Álex,0.0,26,False,,2025-04-01T21:30:07.812085Z,42,106468.jpg,2.3,False,Moreno Lopera,0.4,False,,a,16,17,34,104187,0,141697,0,0.0,8.1,Alex Moreno,200.0,2024-08-21,1993-06-08,False,p106468,952,0,1,3,16,0,0,0,2,0,0,1,126,200.8,134.5,29.0,36.4,11,0.17,1.10,1.27,13.94,0,0,0,0,0,0,0,310,116,261,73,383,131,337,112,,,,,,,0.02,0.0,0.1,0.12,1.32,1.51,607,141,541,215,234,73,292,112,1.04,0.28,17,0,,16,0,Nott'm Forest,0,0,7,NFO,4,,False,0,1220,1290,1190,1330,1250,1250,15,2,Defenders,DEF,Defender,DEF,5,,,3,5,False,[],268
True,False,100.0,100.0,159506,0,0,8,-8,4,2,1.5,1.5,1,Ola,1.0,422,False,,2025-04-01T22:30:08.809939Z,53,159506.jpg,3.7,False,Aina,13.0,False,,a,16,17,128,5010441,0,3861843,0,0.2,24.2,Aina,157.0,2023-07-22,1996-10-08,False,p159506,2996,2,1,12,39,0,0,0,5,0,0,15,483,578.2,282.3,80.0,94.1,35,0.63,2.25,2.88,40.59,0,0,0,0,0,0,0,109,41,157,32,297,89,160,43,,,,,,,0.02,0.0,0.07,0.09,1.22,1.17,146,17,286,84,70,10,32,11,1.05,0.36,17,0,,16,0,Nott'm Forest,0,0,7,NFO,4,,False,0,1220,1290,1190,1330,1250,1250,15,2,Defenders,DEF,Defender,DEF,5,,,3,5,False,[],268
True,False,100.0,100.0,90585,0,0,-3,3,0,2,0.5,0.5,0,Willy,0.0,425,False,,2024-09-11T12:30:07.170970Z,42,90585.jpg,1.0,False,Boly,0.1,False,,a,16,17,6,11976,0,28480,0,0.0,1.4,Boly,54.0,2022-09-01,1991-02-03,False,p90585,146,0,0,0,1,0,0,0,1,0,0,0,26,51.0,0.4,17.0,6.8,1,0.07,0.00,0.07,2.68,0,0,0,0,0,0,0,439,159,506,186,409,144,467,166,,,,,,,0.04,0.0,0.0,0.04,1.65,0.62,606,140,540,214,476,170,449,160,0.62,0.0,17,0,,16,0,Nott'm Forest,0,0,7,NFO,4,,False,0,1220,1290,1190,1330,1250,1250,15,2,Defenders,DEF,Defender,DEF,5,,,3,5,False,[],268
True,False,100.0,75.0,575476,0,0,2,-2,3,2,2.6,2.5,2,Murillo,2.8,436,False,,2025-05-23T14:00:08.714469Z,47,575476.jpg,3.6,False,Santiago Costa dos Santos,4.1,False,,a,16,17,130,1100075,0,738435,0,0.6,27.7,Murillo,30.0,2023-08-31,2002-07-04,False,p575476,3188,2,0,12,44,0,0,0,6,0,0,18,541,927.2,211.2,201.0,134.0,36,1.47,1.15,2.62,47.42,0,0,0,0,0,0,0,15,3,200,44,176,29,92,14,,,3.0,,,,0.04,0.0,0.03,0.07,1.34,1.24,344,47,140,37,79,14,95,35,1.02,0.34,17,0,,16,0,Nott'm Forest,0,0,7,NFO,4,,False,0,1220,1290,1190,1330,1250,1250,15,2,Defenders,DEF,Defender,DEF,5,,,3,5,False,[],268
True,False,,,215136,0,0,0,0,2,2,3.0,2.9,2,Neco,2.4,437,False,,,45,215136.jpg,3.1,False,Williams,4.0,False,,a,16,17,109,748496,0,359156,0,0.5,24.2,N.Williams,244.0,2022-07-11,2001-04-13,False,p215136,2588,1,3,10,31,0,0,0,7,0,0,8,435,628.4,305.3,244.0,118.0,28,2.29,1.54,3.83,38.50,0,0,0,0,0,0,0,82,31,142,28,140,18,120,28,,,5.0,,,,0.08,0.0,0.05,0.13,1.34,1.08,379,64,166,48,133,36,97,36,0.97,0.35,17,0,,16,0,Nott'm Forest,0,0,7,NFO,4,,False,0,1220,1290,1190,1330,1250,1250,15,2,Defenders,DEF,Defender,DEF,5,,,3,5,False,[],268
True,False,0.0,0.0,204822,0,0,0,0,0,2,0.0,0.0,0,Omar,0.0,438,False,Loaned to Rio Ave,2024-08-22T11:19:23.101534Z,45,204822.jpg,0.0,False,Richards,0.0,False,,u,16,17,0,33,0,4929,0,0.0,0.0,O.Richards,,,,False,p204822,0,0,0,0,0,0,0,0,0,0,0,0,0,0.0,0.0,0.0,0.0,0,0.00,0.00,0.00,0.00,0,0,0,0,0,0,0,693,263,689,262,668,260,693,263,,,,,,,0.0,0.0,0.0,0.0,0.0,0.0,375,61,603,243,698,262,674,228,0.0,0.0,17,0,,16,0,Nott'm Forest,0,0,7,NFO,4,,False,0,1220,1290,1190,1330,1250,1250,15,2,Defenders,DEF,Defender,DEF,5,,,3,5,False,[],268
True,False,0.0,0.0,466404,0,0,-3,3,0,2,0.0,0.0,0,Andrew,0.0,440,False,Loaned to Strasbourg,2025-01-27T09:57:41.248653Z,42,466404.jpg,0.0,False,Omobamidele,0.0,False,,u,16,17,0,1747,0,6737,0,0.0,0.0,Omobamidele,104.0,2023-09-01,,False,p466404,0,0,0,0,0,0,0,0,0,0,0,0,0,0.0,0.0,0.0,0.0,0,0.00,0.00,0.00,0.00,0,0,0,0,0,0,0,665,254,656,253,622,247,665,254,,,,,,,0.0,0.0,0.0,0.0,0.0,0.0,624,157,548,221,672,253,575,200,0.0,0.0,17,0,,16,0,Nott'm Forest,0,0,7,NFO,4,,False,0,1220,1290,1190,1330,1250,1250,15,2,Defenders,DEF,Defender,DEF,5,,,3,5,False,[],268
True,False,0.0,0.0,209035,0,0,0,0,0,2,0.0,0.0,0,Jonathan,0.0,441,False,On a season long loan to Rio Ave,2024-07-18T09:44:17.568948Z,40,209035.jpg,0.0,False,Panzo,0.0,False,,u,16,17,0,0,0,140,0,0.0,0.0,Panzo,,,,False,p209035,0,0,0,0,0,0,0,0,0,0,0,0,0,0.0,0.0,0.0,0.0,0,0.00,0.00,0.00,0.00,0,0,0,0,0,0,0,599,205,583,203,542,192,599,205,,,,,,,0.0,0.0,0.0,0.0,0.0,0.0,650,172,460,155,607,205,796,266,0.0,0.0,17,0,,16,0,Nott'm Forest,0,0,7,NFO,4,,False,0,1220,1290,1190,1330,1250,1250,15,2,Defenders,DEF,Defender,DEF,5,,,3,5,False,[],268
True,False,,,114241,0,0,-3,3,0,2,0.5,0.5,0,Harry,0.0,444,False,,,42,114241.jpg,1.0,False,Toffolo,0.1,False,,a,16,17,4,3270,0,8235,0,0.0,1.0,Toffolo,241.0,2022-07-20,1995-08-19,False,p114241,135,0,0,0,2,0,0,0,1,0,0,0,18,40.2,4.1,6.0,5.1,1,0.02,0.01,0.03,2.88,0,0,0,0,0,0,0,450,165,480,170,448,165,483,169,,,,,,,0.01,0.0,0.01,0.02,1.92,1.33,610,143,543,216,477,171,543,188,0.67,0.0,17,0,,16,0,Nott'm Forest,0,0,7,NFO,4,,False,0,1220,1290,1190,1330,1250,1250,15,2,Defenders,DEF,Defender,DEF,5,,,3,5,False,[],268
True,False,0.0,0.0,208912,0,0,0,0,0,2,0.0,0.0,0,Joe,0.0,448,False,Transferred to Burnley,2024-08-26T10:09:19.430328Z,45,208912.jpg,0.0,False,Worrall,0.0,False,,u,16,17,0,71,0,5359,0,0.0,0.0,Worrall,,,,False,p208912,0,0,0,0,0,0,0,0,0,0,0,0,0,0.0,0.0,0.0,0.0,0,0.00,0.00,0.00,0.00,0,0,0,0,0,0,0,694,264,690,263,669,261,694,264,,,,,,,0.0,0.0,0.0,0.0,0.0,0.0,376,62,604,244,699,263,664,225,0.0,0.0,17,0,,16,0,Nott'm Forest,0,0,7,NFO,4,,False,0,1220,1290,1190,1330,1250,1250,15,2,Defenders,DEF,Defender,DEF,5,,,3,5,False,[],268
True,False,,,227444,0,0,7,-7,1,2,3.5,3.3,2,Nikola,2.8,573,True,,,52,227444.jpg,3.9,False,Milenković,18.0,False,,a,16,17,145,3058362,0,1081740,0,0.5,27.9,Milenković,190.0,2024-07-18,1997-10-12,False,p227444,3330,5,2,13,45,0,0,0,4,0,0,2,499,805.2,107.9,361.0,127.2,37,4.05,0.73,4.78,48.95,0,0,0,0,0,0,0,33,13,290,87,93,4,101,16,,,,,,,0.11,0.0,0.02,0.13,1.32,1.22,170,21,145,39,52,4,20,6,1.0,0.35,17,0,,16,0,Nott'm Forest,0,0,7,NFO,4,,False,0,1220,1290,1190,1330,1250,1250,15,2,Defenders,DEF,Defender,DEF,5,,,3,5,False,[],268
True,False,,,485047,0,0,0,0,0,2,0.5,0.5,0,Felipe,0.0,653,False,,,45,485047.jpg,1.4,False,Rodrigues da Silva,0.1,False,,a,16,17,36,16580,0,12184,0,0.0,8.0,Morato,30.0,2024-08-30,2001-06-30,False,p485047,891,0,0,3,14,0,0,0,5,0,0,2,125,205.2,10.8,22.0,24.0,6,0.18,0.03,0.21,14.21,0,0,0,0,0,0,0,306,112,457,161,396,139,384,132,,,,,,,0.02,0.0,0.0,0.02,1.44,1.41,408,72,628,248,409,141,460,161,0.61,0.3,17,0,,16,0,Nott'm Forest,0,0,7,NFO,4,,False,0,1220,1290,1190,1330,1250,1250,15,2,Defenders,DEF,Defender,DEF,5,,,3,5,False,[],268
True,False,,,549067,0,0,0,0,0,2,0.5,0.5,0,Zach,0.0,706,False,,,40,549067.jpg,0.0,False,Abbott,0.0,False,,a,16,17,0,6093,0,3392,0,0.0,0.0,Abbott,241.0,2022-08-22,2006-05-13,False,p549067,0,0,0,0,0,0,0,0,0,0,0,0,0,0.0,0.0,0.0,0.0,0,0.00,0.00,0.00,0.00,0,0,0,0,0,0,0,639,235,627,234,588,225,639,235,,,,,,,0.0,0.0,0.0,0.0,0.0,0.0,703,212,508,191,646,234,582,203,0.0,0.0,17,0,,16,0,Nott'm Forest,0,0,7,NFO,4,,False,0,1220,1290,1190,1330,1250,1250,15,2,Defenders,DEF,Defender,DEF,5,,,3,5,False,[],268
True,False,25.0,25.0,171771,0,0,0,0,0,2,0.2,0.1,0,Jan,2.0,455,False,Knee injury - 25% chance of playing,2025-05-18T20:30:07.797324Z,40,171771.jpg,2.0,False,Bednarek,1.9,False,,d,17,20,60,656501,0,608177,0,0.5,15.0,Bednarek,172.0,2023-01-23,1996-04-12,False,p171771,2531,2,0,3,57,0,0,0,7,0,0,3,283,770.6,78.3,71.0,91.9,30,0.65,0.84,1.49,57.80,0,0,0,0,0,0,0,39,16,324,103,306,94,165,46,,,,,,,0.02,0.0,0.03,0.05,2.06,2.03,643,166,184,53,289,92,143,55,1.07,0.11,20,0,,17,0,Southampton,0,0,20,SOU,2,,False,0,975,975,1000,1000,990,990,20,2,Defenders,DEF,Defender,DEF,5,,,3,5,False,[],268
True,False,,,477386,0,0,-1,1,0,2,-1.5,-1.5,0,Armel,0.0,456,False,,,39,477386.jpg,0.5,False,Bella-Kotchap,0.4,False,,a,17,20,2,61408,0,64327,0,0.0,0.5,Bella-Kotchap,80.0,2022-06-21,2001-12-11,False,p477386,329,0,0,0,13,0,0,0,0,0,0,0,7,64.6,2.3,4.0,7.0,2,0.32,0.01,0.33,10.67,0,0,0,0,0,0,0,428,156,487,176,459,167,464,164,,,,,,,0.09,0.0,0.0,0.09,2.92,3.56,763,251,435,139,551,190,291,111,0.55,0.0,20,0,,17,0,Southampton,0,0,20,SOU,2,,False,0,975,975,1000,1000,990,990,20,2,Defenders,DEF,Defender,DEF,5,,,3,5,False,[],268
True,False,100.0,100.0,184386,0,0,-1,1,0,2,0.5,0.3,0,James,1.8,457,False,,2025-03-06T23:00:09.750819Z,39,184386.jpg,1.4,False,Bree,0.3,False,,a,17,20,23,67204,0,58176,0,0.5,5.9,Bree,241.0,2023-01-26,1997-12-11,False,p184386,1070,0,1,1,31,0,0,0,0,0,0,0,95,187.4,159.4,43.0,39.0,13,0.11,0.71,0.82,32.05,0,0,0,0,0,0,0,323,121,240,62,352,118,329,109,,,,,,,0.01,0.0,0.06,0.07,2.7,2.61,749,244,201,61,396,130,307,118,1.09,0.08,20,0,,17,0,Southampton,0,0,20,SOU,2,,False,0,975,975,1000,1000,990,990,20,2,Defenders,DEF,Defender,DEF,5,,,3,5,False,[],268
True,False,0.0,0.0,500926,0,0,-1,1,0,2,0.0,0.0,0,Ronnie,0.0,460,False,Season-long loan to QPR,2025-01-06T22:34:19.628107Z,39,500926.jpg,1.0,False,Edwards,0.2,False,,u,17,20,1,41084,0,45255,0,0.0,0.3,Edwards,241.0,2024-07-03,,False,p500926,12,0,0,0,1,0,0,0,0,0,0,0,-1,5.0,0.1,0.0,0.5,0,0.00,0.00,0.00,0.32,0,0,0,0,0,0,0,517,186,524,193,522,180,534,189,,,,,,,0.0,0.0,0.0,0.0,2.4,7.5,766,253,438,141,457,154,361,138,0.0,0.0,20,0,,17,0,Southampton,0,0,20,SOU,2,,False,0,975,975,1000,1000,990,990,20,2,Defenders,DEF,Defender,DEF,5,,,3,5,False,[],268
True,False,0.0,0.0,245719,0,0,-1,1,0,2,0.0,0.0,0,Taylor,1.8,461,False,Ankle injury - Expected back 01 Jun,2025-05-18T20:30:07.810049Z,39,245719.jpg,1.6,False,Harwood-Bellis,4.1,False,,i,17,20,55,842314,0,1404432,0,0.5,14.1,Harwood-Bellis,241.0,2024-07-01,2002-01-30,False,p245719,2824,1,0,3,65,0,0,0,9,0,0,2,268,727.0,218.3,252.0,119.9,32,1.78,0.68,2.46,68.50,0,0,0,0,0,0,0,52,20,192,41,136,16,114,23,,,,,,,0.06,0.0,0.02,0.08,2.18,2.07,756,248,202,62,361,115,93,34,1.02,0.1,20,0,,17,0,Southampton,0,0,20,SOU,2,,False,0,975,975,1000,1000,990,990,20,2,Defenders,DEF,Defender,DEF,5,,,3,5,False,[],268
True,False,100.0,100.0,515571,0,0,-1,1,0,2,-1.5,-1.5,0,Juan,0.0,464,False,,2024-11-29T12:00:07.896449Z,39,515571.jpg,0.0,False,Larios López,0.1,False,,a,17,20,0,6348,0,10837,0,0.0,0.0,Larios,200.0,2022-09-01,2004-01-12,False,p515571,0,0,0,0,0,0,0,0,0,0,0,0,0,0.0,0.0,0.0,0.0,0,0.00,0.00,0.00,0.00,0,0,0,0,0,0,0,587,197,568,195,524,181,587,197,,,,,,,0.0,0.0,0.0,0.0,0.0,0.0,768,254,440,142,597,199,505,179,0.0,0.0,20,0,,17,0,Southampton,0,0,20,SOU,2,,False,0,975,975,1000,1000,990,990,20,2,Defenders,DEF,Defender,DEF,5,,,3,5,False,[],268
True,False,100.0,100.0,204863,0,0,-2,2,0,2,0.0,-1.0,0,Ryan,0.5,467,False,,2025-04-03T09:30:07.442210Z,43,204863.jpg,1.4,False,Manning,0.1,False,,a,17,20,34,8094,0,11769,0,0.1,7.9,Manning,104.0,2023-07-12,1996-06-14,False,p204863,1458,0,2,1,35,0,0,0,2,0,0,0,162,307.4,498.3,71.0,87.6,18,0.34,2.80,3.14,36.45,0,0,0,0,0,0,0,237,88,76,15,307,95,175,51,1.0,,,,,,0.02,0.0,0.17,0.19,2.25,2.16,572,119,337,103,403,137,508,181,1.11,0.06,20,0,,17,0,Southampton,0,0,20,SOU,2,,False,0,975,975,1000,1000,990,990,20,2,Defenders,DEF,Defender,DEF,5,,,3,5,False,[],268
True,False,100.0,100.0,88900,0,0,0,0,0,2,2.0,0.3,0,Jack,1.8,472,False,,2025-02-01T22:30:08.453428Z,40,88900.jpg,1.6,False,Stephens,0.3,False,,a,17,20,31,124102,0,131833,0,0.4,7.8,Stephens,241.0,2011-07-01,1994-01-27,False,p88900,1389,1,0,2,31,0,0,0,2,2,0,2,112,291.8,71.6,51.0,41.5,17,0.58,0.26,0.84,31.75,0,0,0,0,0,0,0,246,91,332,107,336,112,314,101,,,,,,,0.04,0.0,0.02,0.06,2.06,2.01,639,163,203,63,362,116,296,115,1.1,0.13,20,0,,17,0,Southampton,0,0,20,SOU,2,,False,0,975,975,1000,1000,990,990,20,2,Defenders,DEF,Defender,DEF,5,,,3,5,False,[],268
True,False,100.0,100.0,219279,0,0,-3,3,1,2,-1.5,-1.3,1,Sugawara,0.2,474,False,,2024-10-20T11:00:06.390070Z,42,219279.jpg,1.4,False,Yukinari,0.1,False,,a,17,20,43,36209,0,44201,0,0.0,10.2,Sugawara,108.0,2024-07-14,2000-06-28,False,p219279,1548,1,1,2,46,0,0,0,4,0,0,0,116,315.4,291.3,137.0,74.2,16,0.48,2.47,2.95,41.15,0,0,0,0,0,0,0,234,87,151,31,233,60,223,69,,,2.0,,,,0.03,0.0,0.14,0.17,2.39,2.67,616,149,379,123,399,133,410,147,0.93,0.12,20,0,,17,0,Southampton,0,0,20,SOU,2,,False,0,975,975,1000,1000,990,990,20,2,Defenders,DEF,Defender,DEF,5,,,3,5,False,[],268
True,False,100.0,100.0,103914,0,0,-1,1,0,2,-1.5,-1.3,1,Charlie,0.2,475,False,,2025-04-11T00:00:08.771183Z,39,103914.jpg,0.8,False,Taylor,3.0,False,,a,17,20,6,419661,0,650430,0,0.1,1.5,Taylor,241.0,2024-07-01,1993-09-18,False,p103914,353,0,0,0,12,0,0,0,1,0,0,0,26,102.0,27.8,4.0,13.5,3,0.00,0.14,0.14,9.81,0,0,0,0,0,0,0,399,142,411,147,458,166,424,148,,,,,,,0.0,0.0,0.04,0.04,2.5,3.06,740,239,368,113,536,179,111,42,0.76,0.0,20,0,,17,0,Southampton,0,0,20,SOU,2,,False,0,975,975,1000,1000,990,990,20,2,Defenders,DEF,Defender,DEF,5,,,3,5,False,[],268
True,False,25.0,25.0,158534,0,0,-3,3,0,2,-0.2,-0.3,0,Kyle,0.2,476,False,Illness - 25% chance of playing,2025-05-11T00:30:08.181283Z,42,158534.jpg,1.6,False,Walker-Peters,0.3,False,,d,17,20,54,58561,0,82157,0,0.0,12.9,Walker-Peters,241.0,2020-08-11,1997-04-13,False,p158534,2918,0,3,2,77,0,0,0,5,0,0,3,240,503.8,406.8,237.0,114.4,33,0.85,2.30,3.14,76.26,0,0,0,0,0,0,0,142,52,97,18,146,20,126,31,,,,,,,0.03,0.0,0.07,0.1,2.35,2.37,612,145,377,121,363,117,321,125,1.02,0.06,20,0,,17,0,Southampton,0,0,20,SOU,2,,False,0,975,975,1000,1000,990,990,20,2,Defenders,DEF,Defender,DEF,5,,,3,5,False,[],268
True,False,100.0,100.0,244845,0,0,-1,1,0,2,-1.5,-1.3,1,Nathan,0.2,477,False,,2025-01-31T16:00:09.413287Z,39,244845.jpg,1.3,False,Wood-Gordon,1.0,False,,a,17,20,14,126645,0,158030,0,0.1,3.6,Wood,241.0,2024-07-05,2002-05-31,False,p244845,771,0,0,1,20,0,0,0,2,0,0,2,54,137.8,20.3,16.0,17.6,9,0.23,0.04,0.27,21.73,0,0,0,0,0,0,0,363,129,428,153,414,145,405,141,,,,,,,0.03,0.0,0.0,0.03,2.54,2.33,755,247,371,115,419,143,202,79,1.05,0.12,20,0,,17,0,Southampton,0,0,20,SOU,2,,False,0,975,975,1000,1000,990,990,20,2,Defenders,DEF,Defender,DEF,5,,,3,5,False,[],268
True,False,,,500016,0,0,0,0,0,2,0.3,0.5,1,Welington Damascena,2.0,718,False,,,40,500016.jpg,1.4,False,Santos,0.0,False,,a,17,20,14,1520,0,1027,0,0.5,3.5,Welington,30.0,2025-01-01,2001-02-19,False,p500016,478,0,0,1,10,0,0,0,1,0,0,0,53,120.2,58.4,11.0,19.0,6,0.04,0.16,0.20,11.63,0,0,0,0,0,0,0,373,132,348,114,432,156,400,137,,,,,,,0.01,0.0,0.03,0.04,2.19,1.88,680,191,185,54,398,132,693,238,1.13,0.19,20,0,,17,0,Southampton,0,0,20,SOU,2,,False,0,975,975,1000,1000,990,990,20,2,Defenders,DEF,Defender,DEF,5,,,3,5,False,[],268
True,False,,,620408,0,0,0,0,0,2,-1.3,-1.0,1,Joachim,0.5,719,False,,,40,620408.jpg,1.0,False,Kayi-Sanda,0.0,False,,a,17,20,2,817,0,665,0,0.1,0.5,Kayi Sanda,73.0,2025-01-09,2006-11-29,False,p620408,12,0,0,0,1,0,0,0,0,0,0,0,3,3.2,0.3,2.0,0.6,0,0.00,0.00,0.00,0.22,0,0,0,0,0,0,0,527,188,511,189,471,175,532,188,,,,,,,0.0,0.0,0.0,0.0,1.65,7.5,728,233,330,98,474,168,719,244,0.0,0.0,20,0,,17,0,Southampton,0,0,20,SOU,2,,False,0,975,975,1000,1000,990,990,20,2,Defenders,DEF,Defender,DEF,5,,,3,5,False,[],268
True,False,,,494551,0,0,0,0,0,2,,-0.1,0,Jayden,0.0,804,False,,,40,494551.jpg,0.0,False,Moore,0.0,False,,a,17,20,0,0,0,0,0,0.0,0.0,Moore,241.0,2024-08-27,2006-12-12,False,p494551,0,0,0,0,0,0,0,0,0,0,0,0,0,0.0,0.0,0.0,0.0,0,0.00,0.00,0.00,0.00,0,0,0,0,0,0,0,618,217,605,215,564,204,618,217,,,,,,,0.0,0.0,0.0,0.0,0.0,0.0,675,187,483,169,625,216,803,268,0.0,0.0,20,0,,17,0,Southampton,0,0,20,SOU,2,,False,0,975,975,1000,1000,990,990,20,2,Defenders,DEF,Defender,DEF,5,,,3,5,False,[],268
True,False,0.0,0.0,548308,0,0,0,0,0,2,0.0,0.0,0,Ashley,0.0,478,False,Loaned to Stoke City,2024-08-26T10:10:07.966773Z,40,548308.jpg,0.0,False,Phillips,0.1,False,,u,18,6,0,8361,0,44512,0,0.0,0.0,A.Phillips,,,,False,p548308,0,0,0,0,0,0,0,0,0,0,0,0,0,0.0,0.0,0.0,0.0,0,0.00,0.00,0.00,0.00,0,0,0,0,0,0,0,638,234,626,233,587,224,638,234,,,,,,,0.0,0.0,0.0,0.0,0.0,0.0,702,211,507,190,645,233,406,146,0.0,0.0,6,0,,18,0,Spurs,0,0,17,TOT,3,,False,0,1100,1170,1060,1070,1210,1270,21,2,Defenders,DEF,Defender,DEF,5,,,3,5,False,[],268
True,False,100.0,100.0,115556,0,0,-2,2,0,2,0.8,0.5,-1,Ben,0.5,484,False,,2025-02-25T12:30:09.810172Z,43,115556.jpg,1.6,False,Davies,0.2,False,,a,18,6,28,19940,0,32145,0,0.1,6.5,Davies,244.0,2014-07-23,1993-04-24,False,p115556,1329,0,0,3,26,0,0,0,5,0,0,0,154,343.6,42.1,49.0,43.7,14,0.27,0.50,0.77,25.79,0,0,0,0,0,0,0,216,79,377,131,342,114,309,98,,,,,,,0.02,0.0,0.03,0.05,1.75,1.76,567,115,336,102,365,119,397,143,0.95,0.2,6,0,,18,0,Spurs,0,0,17,TOT,3,,False,0,1100,1170,1060,1070,1210,1270,21,2,Defenders,DEF,Defender,DEF,5,,,3,5,False,[],268
True,False,0.0,0.0,493125,0,0,-2,2,0,2,0.0,0.0,0,Radu,0.0,486,False,Knee injury - Expected back 01 Jun,2025-01-31T15:00:09.267677Z,43,493125.jpg,1.5,False,Drăgușin,0.1,False,,i,18,6,24,56205,0,70397,0,0.0,5.6,Dragusin,177.0,2024-01-11,2002-02-03,False,p493125,1250,0,0,2,29,0,0,0,1,0,0,0,96,256.4,58.1,47.0,36.2,14,0.13,0.16,0.29,28.59,0,0,0,0,0,0,0,269,100,349,115,344,116,339,113,,,,,,,0.01,0.0,0.01,0.02,2.06,2.09,590,132,562,230,381,126,404,145,1.01,0.14,6,0,,18,0,Spurs,0,0,17,TOT,3,,False,0,1100,1170,1060,1070,1210,1270,21,2,Defenders,DEF,Defender,DEF,5,,,3,5,False,[],268
True,False,0.0,0.0,241157,0,0,0,0,0,2,0.0,0.0,0,Emerson,0.0,487,False,Transferred to AC Milan,2024-08-13T07:06:12.490889Z,45,241157.jpg,0.0,False,Leite de Souza Junior,0.0,False,,u,18,6,0,0,0,2708,0,0.0,0.0,E.Royal,,,,False,p241157,0,0,0,0,0,0,0,0,0,0,0,0,0,0.0,0.0,0.0,0.0,0,0.00,0.00,0.00,0.00,0,0,0,0,0,0,0,696,265,692,264,672,262,696,265,,,,,,,0.0,0.0,0.0,0.0,0.0,0.0,383,66,607,245,701,264,726,246,0.0,0.0,6,0,,18,0,Spurs,0,0,17,TOT,3,,False,0,1100,1170,1060,1070,1210,1270,21,2,Defenders,DEF,Defender,DEF,5,,,3,5,False,[],268
True,False,100.0,100.0,441164,0,0,-3,3,2,2,0.0,-0.2,-1,Pedro,-0.2,495,False,,2024-08-19T23:00:06.196679Z,52,441164.jpg,3.0,False,Porro,16.5,False,,a,18,6,98,2929653,0,4727393,0,0.0,18.8,Pedro Porro,200.0,2023-07-01,1999-09-13,False,p441164,2606,2,6,6,47,0,0,0,5,0,0,6,456,778.4,932.9,200.0,191.2,28,1.63,4.71,6.34,49.37,0,0,0,0,0,0,0,37,15,10,1,178,30,40,2,2.0,,1.0,,,,0.06,0.0,0.16,0.22,1.71,1.62,174,23,804,268,145,39,23,8,0.97,0.21,6,0,,18,0,Spurs,0,0,17,TOT,3,,False,0,1100,1170,1060,1070,1210,1270,21,2,Defenders,DEF,Defender,DEF,5,,,3,5,False,[],268
True,False,,,199249,0,0,-4,4,0,2,0.2,0.2,0,Sergio,0.2,496,False,,,41,199249.jpg,0.5,False,Reguilón,0.2,False,,a,18,6,2,15797,0,34314,0,0.0,0.5,Reguilón,200.0,2020-09-19,1996-12-16,False,p199249,194,0,0,0,3,0,0,0,2,0,0,0,20,33.4,25.2,13.0,7.2,1,0.12,0.24,0.36,2.47,0,0,0,0,0,0,0,462,169,419,150,424,152,461,162,,,,,,,0.06,0.0,0.11,0.17,1.15,1.39,630,160,376,120,553,192,393,142,0.46,0.0,6,0,,18,0,Spurs,0,0,17,TOT,3,,False,0,1100,1170,1060,1070,1210,1270,21,2,Defenders,DEF,Defender,DEF,5,,,3,5,False,[],268
True,False,0.0,0.0,221632,0,0,-1,1,1,2,0.0,0.0,0,Cristian,0.0,498,False,Toe Injury - Expected back 01 Jun,2025-05-24T20:00:08.677502Z,49,221632.jpg,2.7,False,Romero,3.5,False,,i,18,6,49,976569,0,1299371,0,0.0,10.0,Romero,10.0,2022-08-30,1998-04-27,False,p221632,1416,1,1,3,22,0,0,0,3,0,0,3,245,343.2,113.1,232.0,69.0,18,1.52,0.81,2.33,19.31,0,0,0,0,0,0,0,217,80,282,81,152,22,237,75,,,,,,,0.1,0.0,0.05,0.15,1.23,1.4,256,31,728,259,186,57,104,39,1.14,0.19,6,0,,18,0,Spurs,0,0,17,TOT,3,,False,0,1100,1170,1060,1070,1210,1270,21,2,Defenders,DEF,Defender,DEF,5,,,3,5,False,[],268
True,False,100.0,100.0,232859,0,0,-1,1,2,2,1.0,1.0,0,Djed,1.0,504,False,,2025-01-24T12:30:09.092907Z,44,232859.jpg,2.0,False,Spence,0.7,False,,a,18,6,51,171614,0,107909,0,0.2,11.6,Spence,241.0,2022-07-19,2000-08-09,False,p232859,1790,1,2,3,39,1,0,0,2,1,0,6,216,433.0,226.6,100.0,76.1,19,0.58,1.41,1.99,34.79,0,0,0,0,0,0,0,167,60,188,39,274,80,213,64,,,,,,,0.03,0.0,0.07,0.1,1.75,1.96,523,101,270,79,293,95,237,93,0.96,0.15,6,0,,18,0,Spurs,0,0,17,TOT,3,,False,0,1100,1170,1060,1070,1210,1270,21,2,Defenders,DEF,Defender,DEF,5,,,3,5,False,[],268
True,False,100.0,100.0,487053,0,0,-2,2,0,2,-0.5,0.0,0,Destiny,0.0,505,False,,2024-12-30T09:30:07.165603Z,48,487053.jpg,1.7,False,Udogie,1.5,False,,a,18,6,43,342074,0,599230,0,0.0,9.0,Udogie,106.0,2022-08-16,2002-11-28,False,p487053,1923,0,1,2,35,1,0,0,2,0,0,0,233,354.8,256.5,132.0,74.5,24,0.31,1.22,1.53,33.28,0,0,0,0,0,0,0,209,75,172,36,238,63,220,66,,,,,,,0.01,0.0,0.06,0.07,1.56,1.64,315,40,722,258,352,113,163,65,1.12,0.09,6,0,,18,0,Spurs,0,0,17,TOT,3,,False,0,1100,1170,1060,1070,1210,1270,21,2,Defenders,DEF,Defender,DEF,5,,,3,5,False,[],268
True,False,100.0,100.0,491279,0,0,0,0,1,2,0.0,0.2,1,Micky,0.2,506,False,,2025-02-14T14:30:08.767065Z,45,491279.jpg,2.5,False,van de Ven,2.4,False,,a,18,6,32,1059189,0,1529132,0,0.0,7.1,Van de Ven,152.0,2023-08-08,2001-04-19,False,p491279,1014,0,2,2,17,0,0,0,4,0,0,2,139,212.0,39.4,57.0,30.9,12,0.54,0.70,1.24,13.28,0,0,0,0,0,0,0,300,109,382,132,326,104,361,121,,,,,,,0.05,0.0,0.06,0.11,1.18,1.51,415,74,390,130,209,67,127,47,1.07,0.18,6,0,,18,0,Spurs,0,0,17,TOT,3,,False,0,1100,1170,1060,1070,1210,1270,21,2,Defenders,DEF,Defender,DEF,5,,,3,5,False,[],268
True,False,,,611920,0,0,0,0,0,2,0.0,0.0,0,Malachi,0.0,684,False,,,40,611920.jpg,0.0,False,Hardy,0.0,False,,a,18,6,0,3158,0,2536,0,0.0,0.0,Hardy,241.0,2024-11-22,2008-03-10,False,p611920,0,0,0,0,0,0,0,0,0,0,0,0,0,0.0,0.0,0.0,0.0,0,0.00,0.00,0.00,0.00,0,0,0,0,0,0,0,652,246,640,245,602,237,652,246,,,,,,,0.0,0.0,0.0,0.0,0.0,0.0,721,228,524,205,659,245,609,210,0.0,0.0,6,0,,18,0,Spurs,0,0,17,TOT,3,,False,0,1100,1170,1060,1070,1210,1270,21,2,Defenders,DEF,Defender,DEF,5,,,3,5,False,[],268
True,False,0.0,0.0,519321,0,0,0,0,0,2,0.0,0.0,0,Alfie,0.0,699,False,Loaned to Aberdeen,2025-01-17T12:26:25.866937Z,40,519321.jpg,1.0,False,Dorrington,0.0,False,,u,18,6,1,1051,0,1123,0,0.0,0.2,Dorrington,241.0,2022-12-08,,False,p519321,13,0,0,0,0,0,0,0,0,0,0,0,4,1.0,0.2,0.0,0.1,0,0.00,0.00,0.00,0.04,0,0,0,0,0,0,0,545,193,519,191,577,215,549,195,,,,,,,0.0,0.0,0.0,0.0,0.28,0.0,690,200,496,180,469,163,743,253,0.0,0.0,6,0,,18,0,Spurs,0,0,17,TOT,3,,False,0,1100,1170,1060,1070,1210,1270,21,2,Defenders,DEF,Defender,DEF,5,,,3,5,False,[],268
True,False,,,592736,0,0,0,0,0,2,0.0,0.0,0,Maeson,0.0,700,False,,,40,592736.jpg,0.0,False,King,0.0,False,,a,18,6,0,2528,0,1748,0,0.0,0.0,King,241.0,2024-11-27,,False,p592736,0,0,0,0,0,0,0,0,0,0,0,0,0,0.0,0.0,0.0,0.0,0,0.00,0.00,0.00,0.00,0,0,0,0,0,0,0,649,243,637,242,599,234,649,243,,,,,,,0.0,0.0,0.0,0.0,0.0,0.0,717,224,521,202,656,242,631,219,0.0,0.0,6,0,,18,0,Spurs,0,0,17,TOT,3,,False,0,1100,1170,1060,1070,1210,1270,21,2,Defenders,DEF,Defender,DEF,5,,,3,5,False,[],268
True,False,,,501620,0,0,0,0,0,2,0.0,0.0,0,Dante,0.0,760,False,,,40,501620.jpg,0.0,False,Cassanova,0.0,False,,a,18,6,0,761,0,420,0,0.0,0.0,Cassanova,107.0,2024-10-02,2004-06-21,False,p501620,0,0,0,0,0,0,0,0,0,0,0,0,0,0.0,0.0,0.0,0.0,0,0.00,0.00,0.00,0.00,0,0,0,0,0,0,0,622,220,609,218,569,208,622,220,,,,,,,0.0,0.0,0.0,0.0,0.0,0.0,681,192,488,173,629,219,718,243,0.0,0.0,6,0,,18,0,Spurs,0,0,17,TOT,3,,False,0,1100,1170,1060,1070,1210,1270,21,2,Defenders,DEF,Defender,DEF,5,,,3,5,False,[],268
True,False,100.0,100.0,135720,0,0,-1,1,0,2,1.0,1.0,0,Kevin,1.0,767,False,,2025-03-12T22:00:09.466097Z,44,135720.jpg,1.6,False,Danso,0.0,False,,a,18,6,16,9931,0,7767,0,0.2,3.6,Danso,14.0,2025-02-02,1998-09-19,False,p135720,842,0,0,1,18,0,0,0,0,0,0,0,104,242.0,34.4,72.0,34.9,9,0.40,0.12,0.52,17.19,0,0,0,0,0,0,0,275,104,391,137,304,93,343,115,,,,,,,0.04,0.0,0.01,0.05,1.84,1.92,501,87,269,78,366,120,617,213,0.96,0.11,6,0,,18,0,Spurs,0,0,17,TOT,3,,False,0,1100,1170,1060,1070,1210,1270,21,2,Defenders,DEF,Defender,DEF,5,,,3,5,False,[],268
True,False,100.0,100.0,214590,0,0,0,0,4,2,5.7,6.7,5,Aaron,6.2,388,False,,2025-04-17T16:00:08.340512Z,45,214590.jpg,3.3,False,Wan-Bissaka,6.4,False,,a,19,21,118,1500048,0,1043373,0,1.4,26.2,Wan-Bissaka,241.0,2024-08-13,1997-11-26,False,p214590,3154,2,6,6,59,1,0,0,1,0,0,15,496,807.4,531.5,188.0,152.7,35,1.18,2.75,3.93,56.95,0,0,0,0,0,0,0,31,12,67,12,191,35,72,8,,,,,,,0.03,0.0,0.08,0.11,1.63,1.68,377,63,17,4,112,24,58,20,1.0,0.17,21,0,,19,0,West Ham,0,0,14,WHU,3,,False,0,1090,1100,1090,1090,1090,1110,25,2,Defenders,DEF,Defender,DEF,5,,,3,5,False,[],268
True,False,100.0,100.0,164555,0,0,-4,4,0,2,2.3,2.5,1,Vladimír,2.0,516,False,,2025-02-21T03:30:10.428614Z,41,164555.jpg,1.2,False,Coufal,0.4,False,,a,19,21,27,43051,0,91093,0,0.5,6.6,Coufal,57.0,2020-10-02,1992-08-22,False,p164555,1056,0,0,2,21,1,0,0,5,0,0,1,89,204.0,142.0,70.0,41.3,11,0.37,0.89,1.25,19.80,0,0,0,0,0,0,0,308,114,258,72,309,96,317,102,,,,,,,0.03,0.0,0.08,0.11,1.69,1.79,629,159,187,56,431,147,283,108,0.94,0.17,21,0,,19,0,West Ham,0,0,14,WHU,3,,False,0,1090,1100,1090,1090,1090,1110,25,2,Defenders,DEF,Defender,DEF,5,,,3,5,False,[],268
True,False,100.0,100.0,55459,0,0,-1,1,1,2,2.5,2.7,1,Aaron,2.2,517,False,,2024-08-30T04:00:05.718151Z,39,55459.jpg,2.0,False,Cresswell,1.7,False,,a,19,21,36,258242,0,319638,0,0.6,9.2,Cresswell,241.0,2014-07-03,1989-12-15,False,p55459,818,0,0,3,8,0,0,0,3,0,0,3,159,148.4,152.3,14.0,31.4,10,0.23,1.89,2.12,13.03,0,0,0,0,0,0,0,351,128,243,65,420,149,359,120,,,2.0,,,,0.03,0.0,0.21,0.24,1.43,0.88,736,237,167,49,288,91,150,58,1.1,0.33,21,0,,19,0,West Ham,0,0,14,WHU,3,,False,0,1090,1100,1090,1090,1090,1110,25,2,Defenders,DEF,Defender,DEF,5,,,3,5,False,[],268
True,False,100.0,100.0,109533,0,0,-1,1,2,2,1.7,1.3,0,Emerson,0.8,520,False,,2025-01-04T22:00:07.811285Z,44,109533.jpg,2.5,False,Palmieri dos Santos,0.6,False,,a,19,21,76,151170,0,172254,0,0.2,17.3,Emerson,106.0,2022-08-23,1994-08-03,False,p109533,2108,2,1,5,41,0,0,0,5,0,0,4,219,420.4,310.9,173.0,90.4,26,1.95,2.19,4.14,37.51,0,0,0,0,0,0,0,172,65,138,27,202,41,169,49,3.0,,1.0,,,,0.08,0.0,0.09,0.17,1.6,1.75,500,86,299,89,207,65,252,97,1.11,0.21,21,0,,19,0,West Ham,0,0,14,WHU,3,,False,0,1090,1100,1090,1090,1090,1110,25,2,Defenders,DEF,Defender,DEF,5,,,3,5,False,[],268
True,False,100.0,100.0,214048,0,0,-2,2,1,2,3.0,3.0,1,Max,2.5,524,False,,2024-12-27T02:00:09.960422Z,43,214048.jpg,2.2,False,Kilman,1.3,False,,a,19,21,82,415682,0,407010,0,0.6,19.1,Kilman,241.0,2024-07-05,1997-05-23,False,p214048,3348,0,1,6,62,0,0,0,5,0,0,5,395,832.6,203.3,149.0,118.8,38,1.55,1.19,2.74,59.71,0,0,0,0,0,0,0,26,8,208,47,222,55,117,25,,,,,,,0.04,0.0,0.03,0.07,1.61,1.67,574,120,156,44,249,79,175,69,1.02,0.16,21,0,,19,0,West Ham,0,0,14,WHU,3,,False,0,1090,1100,1090,1090,1090,1110,25,2,Defenders,DEF,Defender,DEF,5,,,3,5,False,[],268
True,False,100.0,100.0,233963,0,0,-2,2,0,2,1.0,1.5,2,Konstantinos,1.0,528,False,,2025-01-18T19:00:08.794269Z,43,233963.jpg,1.4,False,Mavropanos,0.1,False,,a,19,21,45,22023,0,27969,0,0.2,10.5,Mavropanos,83.0,2023-08-22,1997-12-11,False,p233963,2035,0,0,2,39,0,0,0,4,1,0,4,234,497.0,74.9,160.0,73.2,21,1.61,0.39,2.00,37.11,0,0,0,0,0,0,0,144,54,329,106,210,48,225,71,,,,,,,0.07,0.0,0.02,0.09,1.64,1.72,581,127,267,76,405,139,430,154,0.93,0.09,21,0,,19,0,West Ham,0,0,14,WHU,3,,False,0,1090,1100,1090,1090,1090,1110,25,2,Defenders,DEF,Defender,DEF,5,,,3,5,False,[],268
True,False,0.0,0.0,210494,0,0,-1,1,0,2,0.0,0.0,0,Nayef,0.0,529,False,On loan to Real Sociedad for the season,2024-09-01T09:10:50.538029Z,44,210494.jpg,0.0,False,Aguerd,0.0,False,,u,19,21,0,1368,0,13432,0,0.0,0.0,N.Aguerd,,,,False,p210494,0,0,0,0,0,0,0,0,0,0,0,0,0,0.0,0.0,0.0,0.0,0,0.00,0.00,0.00,0.00,0,0,0,0,0,0,0,672,257,666,256,638,253,672,257,,,,,,,0.0,0.0,0.0,0.0,0.0,0.0,511,93,569,233,679,256,581,202,0.0,0.0,21,0,,19,0,West Ham,0,0,14,WHU,3,,False,0,1090,1100,1090,1090,1090,1110,25,2,Defenders,DEF,Defender,DEF,5,,,3,5,False,[],268
True,False,0.0,0.0,103192,0,0,-1,1,0,2,0.0,0.0,0,Kurt,0.0,532,False,On loan to Al-Orobah for the rest of the season,2024-09-02T10:44:47.323774Z,44,103192.jpg,0.0,False,Zouma,0.1,False,,u,19,21,0,5376,0,51235,0,0.0,0.0,Zouma,,,,False,p103192,0,0,0,0,0,0,0,0,0,0,0,0,0,0.0,0.0,0.0,0.0,0,0.00,0.00,0.00,0.00,0,0,0,0,0,0,0,670,256,664,255,635,252,670,256,,,,,,,0.0,0.0,0.0,0.0,0.0,0.0,499,85,566,232,677,255,434,156,0.0,0.0,21,0,,19,0,West Ham,0,0,14,WHU,3,,False,0,1090,1100,1090,1090,1090,1110,25,2,Defenders,DEF,Defender,DEF,5,,,3,5,False,[],268
True,False,100.0,100.0,462116,0,0,-3,3,0,2,2.7,3.0,2,Jean-Clair,2.5,591,False,,2025-01-04T22:00:07.950161Z,42,462116.jpg,2.0,False,Todibo,0.3,False,,a,19,21,54,33130,0,55887,0,0.6,12.9,Todibo,73.0,2024-08-10,1999-12-30,False,p462116,1824,0,0,5,33,0,0,0,3,0,0,1,233,373.0,37.1,35.0,44.5,20,0.36,0.06,0.42,29.86,0,0,0,0,0,0,0,198,72,388,135,364,124,305,96,,,,,,,0.02,0.0,0.0,0.02,1.47,1.63,623,156,154,42,291,94,322,126,0.99,0.25,21,0,,19,0,West Ham,0,0,14,WHU,3,,False,0,1090,1100,1090,1090,1090,1110,25,2,Defenders,DEF,Defender,DEF,5,,,3,5,False,[],268
True,False,100.0,100.0,518438,0,0,0,0,0,2,0.5,0.5,0,Kaelan,0.0,643,False,,2024-11-30T22:00:08.284898Z,40,518438.jpg,1.0,False,Casey,0.2,False,,a,19,21,1,27858,0,22590,0,0.0,0.2,Casey,241.0,2022-11-01,2004-10-28,False,p518438,1,0,0,0,0,0,0,0,0,0,0,0,3,2.0,0.0,0.0,0.2,0,0.00,0.00,0.00,0.09,0,0,0,0,0,0,0,540,191,616,224,576,214,545,192,,,,,,,0.0,0.0,0.0,0.0,8.1,0.0,689,199,495,179,468,162,400,144,0.0,0.0,21,0,,19,0,West Ham,0,0,14,WHU,3,,False,0,1090,1100,1090,1090,1090,1110,25,2,Defenders,DEF,Defender,DEF,5,,,3,5,False,[],268
True,False,,,536109,0,0,0,0,0,2,0.5,1.0,2,Ollie,0.5,677,False,,,40,536109.jpg,1.9,False,Scarles,0.1,False,,a,19,21,29,29121,0,16993,0,0.1,7.2,Scarles,241.0,2022-10-01,2005-12-12,False,p536109,659,0,0,2,9,0,0,0,1,0,0,2,98,106.4,54.3,24.0,18.6,7,0.11,0.18,0.29,10.12,0,0,0,0,0,0,0,391,138,357,121,391,135,401,138,,,,,,,0.02,0.0,0.02,0.04,1.38,1.23,693,202,329,97,308,98,420,151,0.96,0.27,21,0,,19,0,West Ham,0,0,14,WHU,3,,False,0,1090,1100,1090,1090,1090,1110,25,2,Defenders,DEF,Defender,DEF,5,,,3,5,False,[],268
True,False,,,602903,0,0,0,0,0,2,0.5,0.5,0,Ezra,0.0,686,False,,,40,602903.jpg,0.0,False,Mayers,0.0,False,,a,19,21,0,3113,0,2552,0,0.0,0.0,Mayers,241.0,2024-11-29,2007-01-16,False,p602903,0,0,0,0,0,0,0,0,0,0,0,0,0,0.0,0.0,0.0,0.0,0,0.00,0.00,0.00,0.00,0,0,0,0,0,0,0,650,244,638,243,600,235,650,244,,,,,,,0.0,0.0,0.0,0.0,0.0,0.0,718,225,522,203,657,243,628,218,0.0,0.0,21,0,,19,0,West Ham,0,0,14,WHU,3,,False,0,1090,1100,1090,1090,1090,1110,25,2,Defenders,DEF,Defender,DEF,5,,,3,5,False,[],268
True,False,100.0,100.0,448514,0,0,6,-6,5,2,3.5,1.2,2,Rayan,1.2,533,False,,2024-12-14T21:30:08.057496Z,51,448514.jpg,3.4,False,Aït-Nouri,15.0,False,,a,20,39,125,3944482,0,2534119,0,0.2,24.5,Aït-Nouri,3.0,2021-07-09,2001-06-06,False,p448514,3112,4,7,7,67,0,0,0,5,1,0,13,447,778.4,694.3,435.0,191.0,37,2.69,3.98,6.67,53.27,0,0,0,0,0,0,0,36,14,37,5,75,3,41,3,,,,,,,0.08,0.0,0.12,0.2,1.54,1.94,188,25,259,74,107,22,26,10,1.07,0.2,39,0,,20,0,Wolves,0,0,16,WOL,3,,False,0,1125,1145,1100,1120,1150,1170,38,2,Defenders,DEF,Defender,DEF,5,,,3,5,False,[],268
True,False,100.0,100.0,60232,0,0,-3,3,0,2,0.0,0.0,0,Craig,0.0,542,False,,2025-01-07T00:00:08.842045Z,42,60232.jpg,1.1,False,Dawson,0.1,False,,a,20,39,17,23717,0,33757,0,0.0,4.0,Dawson,241.0,2023-01-22,1990-05-06,False,p60232,969,0,1,1,25,2,0,0,2,0,0,1,57,204.2,31.3,55.0,29.1,10,0.50,0.07,0.57,18.56,0,0,0,0,0,0,0,307,113,399,142,330,106,368,124,,,,,,,0.05,0.0,0.01,0.06,1.72,2.32,602,138,538,213,445,149,436,157,0.93,0.09,39,0,,20,0,Wolves,0,0,16,WOL,3,,False,0,1125,1145,1100,1120,1150,1170,38,2,Defenders,DEF,Defender,DEF,5,,,3,5,False,[],268
True,False,100.0,100.0,87835,0,0,-2,2,0,2,2.2,1.2,2,Matt,1.2,543,False,,2025-04-14T08:30:08.200855Z,43,87835.jpg,2.5,False,Doherty,0.3,False,,a,20,39,75,68787,0,59466,0,0.3,17.4,Doherty,104.0,2023-07-20,1992-01-16,False,p87835,2105,2,1,6,38,1,0,0,6,0,0,4,307,502.2,179.9,135.0,81.8,25,1.12,1.24,2.36,32.68,0,0,0,0,0,0,0,143,53,223,53,236,61,196,61,,,,,,,0.05,0.0,0.05,0.1,1.4,1.62,561,111,250,73,204,63,299,116,1.07,0.26,39,0,,20,0,Wolves,0,0,16,WOL,3,,False,0,1125,1145,1100,1120,1150,1170,38,2,Defenders,DEF,Defender,DEF,5,,,3,5,False,[],268
True,False,0.0,0.0,490721,0,0,0,0,0,2,0.0,0.0,0,Hugo,0.0,549,False,Loaned to Feyenoord,2024-08-14T08:32:21.592368Z,45,490721.jpg,0.0,False,Bueno López,0.0,False,,u,20,39,0,0,0,1842,0,0.0,0.0,H.Bueno,,,,False,p490721,0,0,0,0,0,0,0,0,0,0,0,0,0,0.0,0.0,0.0,0.0,0,0.00,0.00,0.00,0.00,0,0,0,0,0,0,0,714,267,711,266,692,265,714,267,,,,,,,0.0,0.0,0.0,0.0,0.0,0.0,412,73,630,249,719,266,738,250,0.0,0.0,39,0,,20,0,Wolves,0,0,16,WOL,3,,False,0,1125,1145,1100,1120,1150,1170,38,2,Defenders,DEF,Defender,DEF,5,,,3,5,False,[],268
True,False,0.0,0.0,441271,0,0,0,0,0,2,0.0,0.0,0,Ki-Jana,0.0,552,False,Loaned to Auxerre,2024-08-26T10:11:13.033350Z,40,441271.jpg,0.0,False,Hoever,0.1,False,,u,20,39,0,3224,0,26210,0,0.0,0.0,Hoever,,,,False,p441271,0,0,0,0,0,0,0,0,0,0,0,0,0,0.0,0.0,0.0,0.0,0,0.00,0.00,0.00,0.00,0,0,0,0,0,0,0,605,209,592,207,551,196,605,209,,,,,,,0.0,0.0,0.0,0.0,0.0,0.0,660,177,469,160,612,208,461,162,0.0,0.0,39,0,,20,0,Wolves,0,0,16,WOL,3,,False,0,1125,1145,1100,1120,1150,1170,38,2,Defenders,DEF,Defender,DEF,5,,,3,5,False,[],268
True,False,0.0,0.0,501837,0,0,-2,2,0,2,0.0,0.0,0,Yerson,0.0,558,False,Knee injury - Expected back 01 Jun,2024-09-21T20:30:06.017799Z,38,501837.jpg,0.6,False,Mosquera,0.7,False,,i,20,39,3,217261,0,203437,0,0.0,0.8,Mosquera,48.0,2021-06-17,2001-05-02,False,p501837,441,0,0,0,12,0,0,0,2,0,0,0,24,110.2,27.3,21.0,16.0,5,0.33,0.03,0.36,5.63,0,0,0,0,0,0,0,388,136,413,148,398,140,416,144,,,,,,,0.07,0.0,0.01,0.08,1.15,2.45,784,268,415,133,549,188,236,92,1.02,0.0,39,0,,20,0,Wolves,0,0,16,WOL,3,,False,0,1125,1145,1100,1120,1150,1170,38,2,Defenders,DEF,Defender,DEF,5,,,3,5,False,[],268
True,False,100.0,100.0,200402,0,0,0,0,0,2,2.2,1.0,1,Nélson,1.0,559,False,,2025-01-07T00:00:08.891873Z,45,200402.jpg,2.5,False,Cabral Semedo,0.6,False,,a,20,39,84,172547,0,121966,0,0.2,18.7,N.Semedo,173.0,2020-09-23,1993-11-16,False,p200402,2889,0,4,8,49,0,0,0,8,0,0,0,302,504.6,404.9,149.0,106.0,32,1.05,1.71,2.76,47.76,0,0,0,0,0,0,0,140,50,101,21,223,56,141,39,,,,,,,0.03,0.0,0.05,0.08,1.49,1.53,372,59,272,80,208,66,250,96,1.0,0.25,39,0,,20,0,Wolves,0,0,16,WOL,3,,False,0,1125,1145,1100,1120,1150,1170,38,2,Defenders,DEF,Defender,DEF,5,,,3,5,False,[],268
True,False,100.0,100.0,641221,0,0,-1,1,0,2,0.0,0.0,0,Pedro,0.0,561,False,,2025-04-11T14:00:07.039617Z,39,641221.jpg,0.7,False,Cardoso de Lima,1.2,False,,a,20,39,2,140721,0,183497,0,0.0,0.5,Pedro Lima,30.0,2024-07-02,2006-07-01,False,p641221,69,0,0,0,2,0,0,0,0,0,0,0,9,23.4,34.8,11.0,6.9,1,0.06,0.10,0.16,0.77,0,0,0,0,0,0,0,473,171,390,136,431,155,466,165,,,,,,,0.08,0.0,0.13,0.21,1.0,2.61,776,261,447,148,544,185,190,76,1.3,0.0,39,0,,20,0,Wolves,0,0,16,WOL,3,,False,0,1125,1145,1100,1120,1150,1170,38,2,Defenders,DEF,Defender,DEF,5,,,3,5,False,[],268
True,False,100.0,100.0,231480,0,0,-2,2,0,2,0.5,0.5,1,Santiago,0.5,564,False,,2024-11-21T08:30:09.504880Z,43,231480.jpg,1.8,False,Bueno,0.1,False,,a,20,39,52,8237,0,11783,0,0.1,12.1,S.Bueno,230.0,2023-08-31,1998-11-09,False,p231480,1678,0,0,5,34,0,0,0,2,0,0,2,174,345.4,15.8,80.0,44.2,18,0.45,0.10,0.55,29.40,0,0,0,0,0,0,0,214,78,439,156,296,88,306,97,,,,,,,0.02,0.0,0.01,0.03,1.58,1.82,579,125,338,104,329,107,490,173,0.97,0.27,39,0,,20,0,Wolves,0,0,16,WOL,3,,False,0,1125,1145,1100,1120,1150,1170,38,2,Defenders,DEF,Defender,DEF,5,,,3,5,False,[],268
True,False,100.0,100.0,510362,0,0,-2,2,1,2,1.8,1.0,2,Toti António,1.0,567,False,,2024-12-30T09:30:07.264222Z,43,510362.jpg,2.5,False,Gomes,0.3,False,,a,20,39,79,71908,0,68649,0,0.2,18.4,Toti,173.0,2022-01-14,1999-01-16,False,p510362,2613,0,1,8,45,0,0,0,7,0,0,8,370,617.2,144.2,102.0,86.5,30,0.73,0.60,1.33,41.65,0,0,0,0,0,0,0,91,35,255,71,272,78,182,55,,,,,,,0.03,0.0,0.02,0.05,1.43,1.55,594,133,268,77,206,64,315,121,1.03,0.28,39,0,,20,0,Wolves,0,0,16,WOL,3,,False,0,1125,1145,1100,1120,1150,1170,38,2,Defenders,DEF,Defender,DEF,5,,,3,5,False,[],268
True,False,100.0,100.0,560248,0,0,-1,1,0,2,0.0,0.0,0,Bastien,0.0,637,False,,2024-09-15T23:00:06.387765Z,39,560248.jpg,0.0,False,Meupiyou,0.2,False,,a,20,39,0,44880,0,31895,0,0.0,0.0,Meupiyou,73.0,2024-08-29,2006-03-19,False,p560248,0,0,0,0,0,0,0,0,0,0,0,0,0,0.0,0.0,0.0,0.0,0,0.00,0.00,0.00,0.00,0,0,0,0,0,0,0,589,199,570,197,526,183,589,199,,,,,,,0.0,0.0,0.0,0.0,0.0,0.0,771,257,443,145,598,200,346,132,0.0,0.0,39,0,,20,0,Wolves,0,0,16,WOL,3,,False,0,1125,1145,1100,1120,1150,1170,38,2,Defenders,DEF,Defender,DEF,5,,,3,5,False,[],268
True,False,,,517179,0,0,-1,1,0,2,0.0,0.0,0,Alfie,0.0,664,False,,,39,517179.jpg,1.0,False,Pond,0.7,False,,a,20,39,1,163984,0,105587,0,0.0,0.3,Pond,241.0,2024-09-17,2004-03-01,False,p517179,1,0,0,0,0,0,0,0,0,0,0,0,3,0.0,0.0,0.0,0.0,0,0.00,0.00,0.00,0.00,0,0,0,0,0,0,0,588,198,569,196,525,182,588,198,,,,,,,0.0,0.0,0.0,0.0,0.0,0.0,770,256,442,144,459,155,239,94,0.0,0.0,39,0,,20,0,Wolves,0,0,16,WOL,3,,False,0,1125,1145,1100,1120,1150,1170,38,2,Defenders,DEF,Defender,DEF,5,,,3,5,False,[],268
True,False,,,613467,0,0,0,0,0,2,0.0,0.0,0,Wes,0.0,711,False,,,40,613467.jpg,0.0,False,Okoduwa,0.0,False,,a,20,39,0,2332,0,1359,0,0.0,0.0,Okoduwa,241.0,2024-03-02,2008-05-12,False,p613467,0,0,0,0,0,0,0,0,0,0,0,0,0,0.0,0.0,0.0,0.0,0,0.00,0.00,0.00,0.00,0,0,0,0,0,0,0,656,249,644,248,606,240,656,249,,,,,,,0.0,0.0,0.0,0.0,0.0,0.0,725,231,528,208,663,248,658,223,0.0,0.0,39,0,,20,0,Wolves,0,0,16,WOL,3,,False,0,1125,1145,1100,1120,1150,1170,38,2,Defenders,DEF,Defender,DEF,5,,,3,5,False,[],268
True,False,100.0,100.0,516939,0,0,0,0,0,2,3.5,2.5,2,Emmanuel,2.5,720,False,,2025-02-17T10:00:10.280621Z,40,516939.jpg,2.8,False,Agbadou,0.4,False,,a,20,39,45,76487,0,30459,0,0.6,11.2,Agbadou,54.0,2025-01-09,1997-06-17,False,p516939,1410,1,0,4,22,0,0,0,3,0,0,1,223,395.2,57.3,67.0,52.0,16,0.90,0.32,1.22,23.12,0,0,0,0,0,0,0,184,68,351,117,314,98,290,87,,,,,,,0.06,0.0,0.02,0.08,1.48,1.4,687,197,153,41,161,45,276,107,1.02,0.26,39,0,,20,0,Wolves,0,0,16,WOL,3,,False,0,1125,1145,1100,1120,1150,1170,38,2,Defenders,DEF,Defender,DEF,5,,,3,5,False,[],268
True,False,,,531170,0,0,0,0,0,2,0.0,0.0,0,Nasser,0.0,769,False,,,45,531170.jpg,0.8,False,Djiga,0.0,False,,a,20,39,4,1745,0,1066,0,0.0,0.9,Djiga,35.0,2025-02-03,2002-11-15,False,p531170,65,0,0,0,2,0,0,0,0,0,0,0,11,5.6,2.1,0.0,0.8,1,0.00,0.01,0.01,1.23,0,0,0,0,0,0,0,512,183,492,181,713,266,529,185,,,,,,,0.0,0.0,0.01,0.01,1.7,2.77,442,76,654,250,540,183,685,235,1.38,0.0,39,0,,20,0,Wolves,0,0,16,WOL,3,,False,0,1125,1145,1100,1120,1150,1170,38,2,Defenders,DEF,Defender,DEF,5,,,3,5,False,[],268
