can_transact,can_select,chance_of_playing_next_round,chance_of_playing_this_round,code,cost_change_event,cost_change_event_fall,cost_change_start,cost_change_start_fall,dreamteam_count,element_type,ep_next,ep_this,event_points,first_name,form,id,in_dreamteam,news,news_added,now_cost,photo,points_per_game,removed,second_name,selected_by_percent,special,squad_number,status,team,team_code,total_points,transfers_in,transfers_in_event,transfers_out,transfers_out_event,value_form,value_season,web_name,region,team_join_date,birth_date,has_temporary_code,opta_code,minutes,goals_scored,assists,clean_sheets,goals_conceded,own_goals,penalties_saved,penalties_missed,yellow_cards,red_cards,saves,bonus,bps,influence,creativity,threat,ict_index,starts,expected_goals,expected_assists,expected_goal_involvements,expected_goals_conceded,mng_win,mng_draw,mng_loss,mng_underdog_win,mng_underdog_draw,mng_clean_sheets,mng_goals_scored,influence_rank,influence_rank_type,creativity_rank,creativity_rank_type,threat_rank,threat_rank_type,ict_index_rank,ict_index_rank_type,corners_and_indirect_freekicks_order,corners_and_indirect_freekicks_text,direct_freekicks_order,direct_freekicks_text,penalties_order,penalties_text,expected_goals_per_90,saves_per_90,expected_assists_per_90,expected_goal_involvements_per_90,expected_goals_conceded_per_90,goals_conceded_per_90,now_cost_rank,now_cost_rank_type,form_rank,form_rank_type,points_per_game_rank,points_per_game_rank_type,selected_rank,selected_rank_type,starts_per_90,clean_sheets_per_90,code_team,draw,form_team,id_team,loss,name,played,points,position,short_name,strength,team_division,unavailable,win,strength_overall_home,strength_overall_away,strength_attack_home,strength_attack_away,strength_defence_home,strength_defence_away,pulse_id,id_position,plural_name,plural_name_short,singular_name,singular_name_short,squad_select,squad_min_select,squad_max_select,squad_min_play,squad_max_play,ui_shirt_specific,sub_positions_locked,element_count
True,False,0.0,0.0,438098,0,0,-1,1,0,3,0.0,0.0,0,Fábio,0.0,1,False,Has joined Portuguese side FC Porto on loan for the 2024/25 season,2024-08-29T11:06:25.241953Z,54,438098.jpg,0.0,False,Ferreira Vieira,0.0,False,,u,1,3,0,439,0,2825,0,0.0,0.0,Fábio Vieira,,,,False,p438098,0,0,0,0,0,0,0,0,0,0,0,0,0,0.0,0.0,0.0,0.0,0,0.00,0.00,0.00,0.00,0,0,0,0,0,0,0,795,343,795,343,791,341,795,343,,,,,,,0.0,0.0,0.0,0.0,0.0,0.0,134,82,773,331,794,343,714,295,0.0,0.0,3,0,,1,0,Arsenal,0,0,2,ARS,5,,False,0,1350,1350,1390,1400,1310,1300,1,3,Midfielders,MID,Midfielder,MID,5,,,2,5,False,[],347
True,False,100.0,100.0,85955,0,0,-4,4,0,3,1.8,1.7,0,Jorge Luiz,0.2,7,False,,2025-04-12T20:00:08.048837Z,46,85955.jpg,1.3,False,Frello Filho,0.2,False,,a,1,3,20,30982,0,50584,0,0.0,4.3,Jorginho,106.0,2023-01-31,1991-12-20,False,p85955,701,0,0,2,7,0,0,0,5,0,0,0,112,44.8,88.8,8.0,14.2,9,0.06,0.59,0.65,6.05,0,0,0,0,0,0,0,444,201,311,182,443,225,422,200,,,,,,,0.01,0.0,0.08,0.09,0.78,0.9,348,226,395,181,421,196,357,115,1.16,0.26,3,0,,1,0,Arsenal,0,0,2,ARS,5,,False,0,1350,1350,1390,1400,1310,1300,1,3,Midfielders,MID,Midfielder,MID,5,,,2,5,False,[],347
True,False,100.0,100.0,444145,0,0,-5,5,1,3,5.5,5.0,2,Gabriel,3.5,9,False,,2025-02-06T00:00:08.092348Z,65,444145.jpg,3.8,False,Martinelli Silva,3.1,False,,a,1,3,125,1360840,0,1378390,0,0.5,19.2,Martinelli,30.0,2019-07-15,2001-06-18,False,p444145,2284,8,4,10,25,0,0,0,1,0,0,6,422,559.8,587.8,912.0,206.1,25,7.13,4.46,11.59,26.22,0,0,0,0,0,0,0,115,40,56,47,16,8,26,21,,,,,,,0.28,0.0,0.18,0.46,1.03,0.99,46,24,101,43,65,31,110,35,0.99,0.39,3,0,,1,0,Arsenal,0,0,2,ARS,5,,False,0,1350,1350,1390,1400,1310,1300,1,3,Midfielders,MID,Midfielder,MID,5,,,2,5,False,[],347
True,False,100.0,100.0,499175,0,0,-2,2,0,3,1.8,2.3,2,Ethan,0.8,12,False,,2025-01-04T22:00:06.872110Z,43,499175.jpg,2.5,False,Nwaneri,1.5,False,,a,1,3,66,735728,0,604768,0,0.2,15.3,Nwaneri,241.0,2022-09-17,2007-03-21,False,p499175,882,4,2,4,4,0,0,0,1,0,0,4,251,293.2,282.8,255.0,83.0,11,1.19,1.78,2.97,5.38,0,0,0,0,0,0,0,244,110,156,109,133,88,191,101,,,,,,,0.12,0.0,0.18,0.3,0.55,0.41,592,344,298,138,205,86,165,53,1.12,0.41,3,0,,1,0,Arsenal,0,0,2,ARS,5,,False,0,1350,1350,1390,1400,1310,1300,1,3,Midfielders,MID,Midfielder,MID,5,,,2,5,False,[],347
True,False,100.0,100.0,184029,0,0,-3,3,0,3,7.8,8.0,7,Martin,6.5,13,False,,2024-09-10T00:30:06.311550Z,82,184029.jpg,3.9,False,Ødegaard,5.7,False,,a,1,3,116,1245059,0,2244119,0,0.8,14.1,Ødegaard,161.0,2021-08-20,1998-12-17,False,p184029,2321,3,9,11,21,0,0,0,4,0,0,11,529,524.6,968.7,493.0,198.8,26,4.85,6.68,11.53,22.16,0,0,0,0,0,0,0,128,48,7,7,66,42,32,25,3.0,,1.0,,2.0,,0.19,0.0,0.26,0.45,0.86,0.81,12,9,15,4,58,28,64,19,1.01,0.43,3,0,,1,0,Arsenal,0,0,2,ARS,5,,False,0,1350,1350,1390,1400,1310,1300,1,3,Midfielders,MID,Midfielder,MID,5,,,2,5,False,[],347
True,False,100.0,100.0,204480,0,0,-2,2,1,3,8.2,7.0,2,Declan,5.5,16,False,,2025-05-11T23:00:08.642302Z,63,204480.jpg,3.6,False,Rice,4.2,False,,a,1,3,127,593806,0,823007,0,0.9,20.2,Rice,241.0,2023-07-15,1999-01-14,False,p204480,2823,4,7,11,29,0,0,0,5,1,0,17,627,733.0,959.6,399.0,208.8,33,3.51,5.64,9.14,27.13,0,0,0,0,0,0,0,50,12,9,9,86,56,24,19,2.0,,2.0,,,,0.11,0.0,0.18,0.29,0.86,0.92,54,28,35,11,85,39,91,27,1.05,0.35,3,0,,1,0,Arsenal,0,0,2,ARS,5,,False,0,1350,1350,1390,1400,1310,1300,1,3,Midfielders,MID,Midfielder,MID,5,,,2,5,False,[],347
True,False,100.0,100.0,223340,0,0,4,-4,4,3,3.8,3.5,1,Bukayo,2.0,17,False,,2025-04-09T09:00:07.942776Z,104,223340.jpg,5.1,False,Saka,20.2,False,,a,1,3,127,8222595,0,9344351,0,0.2,12.2,Saka,241.0,2018-11-28,2001-09-05,False,p223340,1724,6,11,7,21,0,0,0,3,0,0,18,508,606.0,842.8,830.0,227.9,20,6.87,7.78,14.65,17.72,0,0,0,0,0,0,0,98,37,18,15,23,13,14,10,1.0,,,,1.0,,0.36,0.0,0.41,0.77,0.93,1.1,4,3,200,87,11,6,15,5,1.04,0.37,3,0,,1,0,Arsenal,0,0,2,ARS,5,,False,0,1350,1350,1390,1400,1310,1300,1,3,Midfielders,MID,Midfielder,MID,5,,,2,5,False,[],347
True,False,100.0,100.0,167199,0,0,-1,1,0,3,3.8,3.7,2,Thomas,2.2,20,False,,2025-04-12T20:00:08.101021Z,49,167199.jpg,3.1,False,Partey,0.7,False,,a,1,3,108,307818,0,289781,0,0.4,22.0,Thomas,81.0,2020-10-05,1993-06-13,False,p167199,2793,4,3,9,30,0,0,0,4,0,0,8,567,626.6,377.9,223.0,123.2,31,2.27,2.64,4.91,30.83,0,0,0,0,0,0,0,85,31,109,80,157,100,109,69,,,,,,,0.07,0.0,0.09,0.16,0.99,0.97,245,155,174,73,137,61,238,76,1.0,0.29,3,0,,1,0,Arsenal,0,0,2,ARS,5,,False,0,1350,1350,1390,1400,1310,1300,1,3,Midfielders,MID,Midfielder,MID,5,,,2,5,False,[],347
True,False,100.0,100.0,116216,0,0,-3,3,2,3,5.5,5.5,4,Leandro,4.0,23,False,,2025-05-11T23:00:08.708617Z,67,116216.jpg,4.0,False,Trossard,4.5,False,,a,1,3,152,1341936,0,1105621,0,0.6,22.7,Trossard,21.0,2023-01-20,1994-12-04,False,p116216,2546,8,8,11,27,0,0,0,2,1,0,18,561,609.0,617.6,798.0,202.1,28,6.74,4.12,10.86,24.76,0,0,0,0,0,0,0,95,34,54,45,25,14,29,23,4.0,,,,4.0,,0.24,0.0,0.15,0.39,0.88,0.95,39,18,70,27,47,24,84,25,0.99,0.39,3,0,,1,0,Arsenal,0,0,2,ARS,5,,False,0,1350,1350,1390,1400,1310,1300,1,3,Midfielders,MID,Midfielder,MID,5,,,2,5,False,[],347
True,False,100.0,100.0,103955,0,0,-3,3,0,3,1.8,2.3,2,Raheem,0.8,186,False,,2025-03-08T20:00:09.918533Z,67,103955.jpg,1.5,False,Sterling,0.8,False,,a,1,3,26,56881,0,165293,0,0.1,3.9,Sterling,241.0,2024-08-30,1994-12-08,False,p103955,490,0,2,1,4,0,0,0,1,0,0,0,64,67.2,125.5,122.0,31.3,7,1.43,0.48,1.91,4.33,0,0,0,0,0,0,0,423,195,271,167,248,139,360,180,,,3.0,,,,0.26,0.0,0.09,0.35,0.8,0.73,38,17,322,152,393,186,224,72,1.29,0.18,3,0,,1,0,Arsenal,0,0,2,ARS,5,,False,0,1350,1350,1390,1400,1310,1300,1,3,Midfielders,MID,Midfielder,MID,5,,,2,5,False,[],347
True,False,100.0,100.0,499169,0,0,0,0,0,3,3.5,3.3,1,Myles,1.8,597,False,,2025-02-22T21:00:10.286547Z,45,499169.jpg,1.6,False,Lewis-Skelly,0.4,False,,a,1,3,37,115370,0,79089,0,0.4,8.2,Lewis-Skelly,241.0,2022-12-04,2006-09-26,False,p499169,1362,1,0,5,16,0,0,0,3,2,0,0,237,176.0,170.7,57.0,40.0,15,0.16,0.51,0.67,16.65,0,0,0,0,0,0,0,333,151,230,150,327,179,324,164,,,,,,,0.01,0.0,0.03,0.04,1.1,1.06,423,263,207,89,369,170,277,85,0.99,0.33,3,0,,1,0,Arsenal,0,0,2,ARS,5,,False,0,1350,1350,1390,1400,1310,1300,1,3,Midfielders,MID,Midfielder,MID,5,,,2,5,False,[],347
True,False,100.0,100.0,195384,0,0,0,0,1,3,3.2,3.3,2,Mikel,1.8,633,False,,2025-05-11T23:00:09.594730Z,60,195384.jpg,3.3,False,Merino,1.5,False,,a,1,3,92,677828,0,522817,0,0.3,15.3,Merino,200.0,2024-08-27,1996-06-22,False,p195384,1575,7,2,4,17,0,0,0,2,1,0,8,326,456.8,265.8,511.0,123.3,17,5.75,1.18,6.93,15.71,0,0,0,0,0,0,0,157,60,164,114,61,40,108,68,,,,,,,0.33,0.0,0.07,0.4,0.9,0.97,76,48,224,103,118,53,164,52,0.97,0.23,3,0,,1,0,Arsenal,0,0,2,ARS,5,,False,0,1350,1350,1390,1400,1310,1300,1,3,Midfielders,MID,Midfielder,MID,5,,,2,5,False,[],347
True,False,,,498046,0,0,0,0,0,3,1.5,1.5,0,Salah-Eddine,0.0,638,False,,,45,498046.jpg,0.0,False,Oulad M'hand,0.0,False,,a,1,3,0,2791,0,2341,0,0.0,0.0,Oulad M'hand,152.0,2021-10-25,2003-08-20,False,p498046,0,0,0,0,0,0,0,0,0,0,0,0,0,0.0,0.0,0.0,0.0,0,0.00,0.00,0.00,0.00,0,0,0,0,0,0,0,722,292,719,292,700,283,722,292,,,,,,,0.0,0.0,0.0,0.0,0.0,0.0,422,262,639,243,727,293,675,276,0.0,0.0,3,0,,1,0,Arsenal,0,0,2,ARS,5,,False,0,1350,1350,1390,1400,1310,1300,1,3,Midfielders,MID,Midfielder,MID,5,,,2,5,False,[],347
True,False,,,588796,0,0,0,0,0,3,1.5,1.5,0,Ismeal,0.0,659,False,,,45,588796.jpg,0.0,False,Kabia,0.0,False,,a,1,3,0,3033,0,2565,0,0.0,0.0,Kabia,152.0,2024-09-14,2005-12-10,False,p588796,0,0,0,0,0,0,0,0,0,0,0,0,0,0.0,0.0,0.0,0.0,0,0.00,0.00,0.00,0.00,0,0,0,0,0,0,0,759,320,756,320,739,312,759,320,,,,,,,0.0,0.0,0.0,0.0,0.0,0.0,474,300,682,275,762,321,676,277,0.0,0.0,3,0,,1,0,Arsenal,0,0,2,ARS,5,,False,0,1350,1350,1390,1400,1310,1300,1,3,Midfielders,MID,Midfielder,MID,5,,,2,5,False,[],347
True,False,,,538182,0,0,0,0,0,3,1.5,1.5,0,Jimi,0.0,790,False,,,45,538182.jpg,0.0,False,Gower,0.0,False,,a,1,3,0,113,0,50,0,0.0,0.0,Gower,241.0,2024-07-24,2004-10-01,False,p538182,0,0,0,0,0,0,0,0,0,0,0,0,0,0.0,0.0,0.0,0.0,0,0.00,0.00,0.00,0.00,0,0,0,0,0,0,0,741,307,737,307,721,299,741,307,,,,,,,0.0,0.0,0.0,0.0,0.0,0.0,452,285,662,261,745,308,795,343,0.0,0.0,3,0,,1,0,Arsenal,0,0,2,ARS,5,,False,0,1350,1350,1390,1400,1310,1300,1,3,Midfielders,MID,Midfielder,MID,5,,,2,5,False,[],347
True,False,,,514307,0,0,0,0,0,3,1.5,1.5,0,Jack,0.0,793,False,,,45,514307.jpg,0.0,False,Henry-Francis,0.0,False,,a,1,3,0,78,0,28,0,0.0,0.0,Jack Henry-Francis,104.0,2021-07-12,2003-09-23,False,p514307,0,0,0,0,0,0,0,0,0,0,0,0,0,0.0,0.0,0.0,0.0,0,0.00,0.00,0.00,0.00,0,0,0,0,0,0,0,726,295,722,295,704,286,726,295,,,,,,,0.0,0.0,0.0,0.0,0.0,0.0,430,268,644,247,730,296,797,344,0.0,0.0,3,0,,1,0,Arsenal,0,0,2,ARS,5,,False,0,1350,1350,1390,1400,1310,1300,1,3,Midfielders,MID,Midfielder,MID,5,,,2,5,False,[],347
True,False,100.0,100.0,215711,0,0,-3,3,0,3,0.3,0.2,0,Leon,0.2,28,False,,2025-04-01T15:00:07.914260Z,62,215711.jpg,2.0,False,Bailey,0.8,False,,a,2,7,47,186480,0,472952,0,0.0,7.6,Bailey,107.0,2021-08-04,1997-08-09,False,p215711,1132,1,2,2,19,0,0,0,3,0,0,2,174,146.4,235.8,325.0,70.3,14,1.73,2.92,4.65,13.91,0,0,0,0,0,0,0,357,162,184,126,104,68,232,118,3.0,,4.0,,,,0.14,0.0,0.23,0.37,1.11,1.51,60,33,410,192,305,138,233,75,1.11,0.16,7,0,,2,0,Aston Villa,0,0,6,AVL,3,,False,0,1145,1240,1130,1180,1160,1300,2,3,Midfielders,MID,Midfielder,MID,5,,,2,5,False,[],347
True,False,100.0,100.0,88894,0,0,-3,3,1,3,0.7,0.8,1,Ross,0.8,29,False,,2025-01-11T01:30:08.379812Z,52,88894.jpg,2.2,False,Barkley,0.2,False,,a,2,7,44,26756,0,91758,0,0.2,8.5,Barkley,241.0,2024-07-01,1993-12-05,False,p88894,567,3,1,1,10,0,0,0,3,0,0,5,166,215.4,128.1,206.0,54.8,3,1.79,0.43,2.22,6.32,0,0,0,0,0,0,0,295,136,268,166,173,110,280,147,,,,,,,0.28,0.0,0.07,0.35,1.0,1.59,163,97,314,147,262,113,341,108,0.48,0.16,7,0,,2,0,Aston Villa,0,0,6,AVL,3,,False,0,1145,1240,1130,1180,1160,1300,2,3,Midfielders,MID,Midfielder,MID,5,,,2,5,False,[],347
True,False,0.0,0.0,491287,0,0,-1,1,0,3,0.0,0.0,0,Enzo,0.0,30,False,Loaned to Valencia CF,2024-08-31T06:33:47.934620Z,49,491287.jpg,0.0,False,Barrenechea,0.0,False,,u,2,7,0,872,0,5339,0,0.0,0.0,Barrenechea,,,,False,p491287,0,0,0,0,0,0,0,0,0,0,0,0,0,0.0,0.0,0.0,0.0,0,0.00,0.00,0.00,0.00,0,0,0,0,0,0,0,779,333,777,333,768,331,779,333,,,,,,,0.0,0.0,0.0,0.0,0.0,0.0,273,175,733,308,779,333,669,274,0.0,0.0,7,0,,2,0,Aston Villa,0,0,6,AVL,3,,False,0,1145,1240,1130,1180,1160,1300,2,3,Midfielders,MID,Midfielder,MID,5,,,2,5,False,[],347
True,False,0.0,0.0,195546,0,0,-4,4,0,3,0.0,0.0,0,Emiliano,0.0,31,False,Loaned to Bayer Leverkusen,2025-02-03T10:22:17.157838Z,51,195546.jpg,0.9,False,Buendía Stati,0.1,False,,u,2,7,11,6966,0,17063,0,0.0,2.2,Buendia,10.0,2021-06-10,,False,p195546,89,0,0,0,2,0,0,0,1,0,0,0,37,16.4,23.2,16.0,5.2,0,0.65,0.03,0.68,2.27,0,0,0,0,0,0,0,488,224,426,221,415,215,482,224,,,3.0,,,,0.66,0.0,0.03,0.69,2.3,2.02,182,108,759,325,533,250,516,192,0.0,0.0,7,0,,2,0,Aston Villa,0,0,6,AVL,3,,False,0,1145,1240,1130,1180,1160,1300,2,3,Midfielders,MID,Midfielder,MID,5,,,2,5,False,[],347
True,False,0.0,0.0,151589,0,0,0,0,0,3,0.0,0.0,0,Leander,0.0,33,False,On loan to Anderlecht for the rest of the season,2024-09-02T10:45:36.198316Z,45,151589.jpg,0.0,False,Dendoncker,0.2,False,,u,2,7,0,18187,0,94027,0,0.0,0.0,Dendoncker,,,,False,p151589,0,0,0,0,0,0,0,0,0,0,0,0,0,0.0,0.0,0.0,0.0,0,0.00,0.00,0.00,0.00,0,0,0,0,0,0,0,690,268,686,268,665,259,690,268,,,,,,,0.0,0.0,0.0,0.0,0.0,0.0,368,232,599,216,695,269,381,124,0.0,0.0,7,0,,2,0,Aston Villa,0,0,6,AVL,3,,False,0,1145,1240,1130,1180,1160,1300,2,3,Midfielders,MID,Midfielder,MID,5,,,2,5,False,[],347
True,False,0.0,0.0,243557,0,0,0,0,0,3,0.0,0.0,0,Moussa,0.0,34,False,Permanent transfer to Al Ittihad,2024-07-26T08:50:40.300928Z,65,243557.jpg,0.0,False,Diaby,0.0,False,,u,2,7,0,0,0,3420,0,0.0,0.0,Diaby,,,,False,p243557,0,0,0,0,0,0,0,0,0,0,0,0,0,0.0,0.0,0.0,0.0,0,0.00,0.00,0.00,0.00,0,0,0,0,0,0,0,802,347,802,347,802,347,802,347,,,,,,,0.0,0.0,0.0,0.0,0.0,0.0,45,23,796,345,801,347,688,280,0.0,0.0,7,0,,2,0,Aston Villa,0,0,6,AVL,3,,False,0,1145,1240,1130,1180,1160,1300,2,3,Midfielders,MID,Midfielder,MID,5,,,2,5,False,[],347
True,False,0.0,0.0,461421,0,0,0,0,0,3,0.0,0.0,0,Lewis,0.0,37,False,Permanent transfer to West Bromwich Albion,2024-08-07T08:21:33.016106Z,50,461421.jpg,0.0,False,Dobbin,0.0,False,,u,2,7,0,0,0,298,0,0.0,0.0,Dobbin,,,,False,p461421,0,0,0,0,0,0,0,0,0,0,0,0,0,0.0,0.0,0.0,0.0,0,0.00,0.00,0.00,0.00,0,0,0,0,0,0,0,786,338,785,338,778,336,786,338,,,,,,,0.0,0.0,0.0,0.0,0.0,0.0,221,139,747,319,786,338,788,337,0.0,0.0,7,0,,2,0,Aston Villa,0,0,6,AVL,3,,False,0,1145,1240,1130,1180,1160,1300,2,3,Midfielders,MID,Midfielder,MID,5,,,2,5,False,[],347
True,False,0.0,0.0,469247,0,0,-1,1,0,3,0.0,0.0,0,Samuel,0.0,41,False,Season long loan to Bologna,2024-08-29T11:07:04.555253Z,54,469247.jpg,0.0,False,Iling-Junior,0.0,False,,u,2,7,0,342,0,6767,0,0.0,0.0,Iling Jr,,,,False,p469247,0,0,0,0,0,0,0,0,0,0,0,0,0,0.0,0.0,0.0,0.0,0,0.00,0.00,0.00,0.00,0,0,0,0,0,0,0,796,344,796,344,792,342,796,344,,,,,,,0.0,0.0,0.0,0.0,0.0,0.0,137,85,775,333,795,344,661,271,0.0,0.0,7,0,,2,0,Aston Villa,0,0,6,AVL,3,,False,0,1145,1240,1130,1180,1160,1300,2,3,Midfielders,MID,Midfielder,MID,5,,,2,5,False,[],347
True,False,100.0,100.0,226944,0,0,0,0,0,3,5.3,4.5,2,Boubacar,4.5,42,False,,2025-02-18T22:00:09.222622Z,50,226944.jpg,2.2,False,Kamara,0.1,False,,a,2,7,57,14163,0,9157,0,0.9,11.4,Kamara,73.0,2022-06-11,1999-11-23,False,p226944,1720,1,0,6,22,0,0,0,2,0,0,3,296,326.6,191.0,83.0,60.2,20,0.82,0.83,1.65,23.03,0,0,0,0,0,0,0,228,102,215,144,294,165,267,139,,,,,,,0.04,0.0,0.04,0.08,1.21,1.15,211,131,49,16,259,111,496,180,1.05,0.31,7,0,,2,0,Aston Villa,0,0,6,AVL,3,,False,0,1145,1240,1130,1180,1160,1300,2,3,Midfielders,MID,Midfielder,MID,5,,,2,5,False,[],347
True,False,100.0,100.0,122806,0,0,-3,3,0,3,3.3,3.2,3,John,3.2,48,False,,2025-01-04T19:30:07.992156Z,52,122806.jpg,2.3,False,McGinn,0.7,False,,a,2,7,78,117567,0,274860,0,0.6,15.0,McGinn,243.0,2018-08-08,1994-10-18,False,p122806,2217,1,4,8,34,0,0,0,7,0,0,1,360,277.2,500.6,263.0,103.7,27,3.10,2.70,5.80,35.03,0,0,0,0,0,0,0,253,115,75,58,129,86,144,83,,,,,,,0.13,0.0,0.11,0.24,1.42,1.38,167,100,108,45,244,105,245,78,1.1,0.32,7,0,,2,0,Aston Villa,0,0,6,AVL,3,,False,0,1145,1240,1130,1180,1160,1300,2,3,Midfielders,MID,Midfielder,MID,5,,,2,5,False,[],347
True,False,100.0,100.0,232653,0,0,-1,1,0,3,0.3,0.5,1,Jacob,0.5,53,False,,2025-05-11T00:30:07.633320Z,54,232653.jpg,2.3,False,Ramsey,0.3,False,,a,2,7,66,112424,0,123002,0,0.1,12.2,Ramsey,241.0,2019-02-12,2001-05-28,False,p232653,1616,1,4,5,26,0,0,0,2,1,0,3,265,235.4,307.9,245.0,78.7,19,1.59,2.18,3.77,23.99,0,0,0,0,0,0,0,278,127,141,100,139,90,206,107,,,,,,,0.09,0.0,0.12,0.21,1.34,1.45,132,80,357,169,246,106,311,95,1.06,0.28,7,0,,2,0,Aston Villa,0,0,6,AVL,3,,False,0,1145,1240,1130,1180,1160,1300,2,3,Midfielders,MID,Midfielder,MID,5,,,2,5,False,[],347
True,False,100.0,100.0,244850,0,0,8,-8,4,3,5.0,4.0,1,Morgan,4.0,54,False,,2025-02-22T21:30:09.096177Z,58,244850.jpg,4.4,False,Rogers,25.8,False,,a,2,7,161,7532072,0,5583080,0,0.7,27.8,Rogers,241.0,2024-02-01,2002-07-26,False,p244850,3115,8,11,10,40,0,0,0,10,0,0,15,534,730.6,722.7,689.0,214.2,37,6.49,5.24,11.73,43.70,0,0,0,0,0,0,0,51,13,35,30,39,24,19,14,,,,,,,0.19,0.0,0.15,0.34,1.26,1.16,90,58,67,24,27,14,9,4,1.07,0.29,7,0,,2,0,Aston Villa,0,0,6,AVL,3,,False,0,1145,1240,1130,1180,1160,1300,2,3,Midfielders,MID,Midfielder,MID,5,,,2,5,False,[],347
True,False,100.0,75.0,166989,0,0,0,0,1,3,2.8,2.2,1,Youri,3.0,57,False,,2025-05-08T16:30:07.959472Z,55,166989.jpg,3.4,False,Tielemans,1.1,False,,a,2,7,121,396166,0,395518,0,0.5,22.0,Tielemans,21.0,2023-06-14,1997-05-07,False,p166989,3025,3,7,7,46,0,0,1,4,0,0,15,686,799.6,963.1,333.0,209.6,35,3.31,5.83,9.14,43.87,0,0,0,0,0,0,0,34,7,8,8,103,67,23,18,1.0,,,,2.0,,0.1,0.0,0.17,0.27,1.31,1.37,106,66,132,56,109,49,198,62,1.04,0.21,7,0,,2,0,Aston Villa,0,0,6,AVL,3,,False,0,1145,1240,1130,1180,1160,1300,2,3,Midfielders,MID,Midfielder,MID,5,,,2,5,False,[],347
True,False,100.0,100.0,449871,0,0,-2,2,0,3,2.3,2.5,3,Amadou,2.5,233,False,,2025-02-14T15:00:07.725990Z,48,449871.jpg,2.5,False,Onana,2.1,False,,a,2,7,65,1449424,0,1485790,0,0.5,13.5,Onana,21.0,2024-07-22,2001-08-16,False,p449871,1613,3,0,6,23,0,0,0,4,0,0,5,324,358.0,194.8,215.0,77.0,20,2.12,0.84,2.96,23.66,0,0,0,0,0,0,0,203,88,213,143,165,105,211,110,,,,,,,0.12,0.0,0.05,0.17,1.32,1.28,312,202,159,65,210,87,136,45,1.12,0.33,7,0,,2,0,Aston Villa,0,0,6,AVL,3,,False,0,1145,1240,1130,1180,1160,1300,2,3,Midfielders,MID,Midfielder,MID,5,,,2,5,False,[],347
True,False,100.0,0.0,176297,0,0,-4,4,1,3,0.0,0.0,0,Marcus,0.0,385,False,,2025-04-27T12:00:08.307285Z,66,176297.jpg,3.8,False,Rashford,3.7,False,,a,2,7,95,1845004,0,1964955,0,0.0,14.4,Rashford,241.0,2025-02-02,1997-10-31,False,p176297,1414,6,4,7,15,0,0,0,2,0,0,9,333,398.4,451.1,369.0,122.1,16,4.67,3.43,8.10,21.68,0,0,0,0,0,0,0,181,76,87,68,91,60,110,70,,,2.0,,3.0,,0.3,0.0,0.22,0.52,1.38,0.95,40,19,798,346,66,32,102,32,1.02,0.45,7,0,,2,0,Aston Villa,0,0,6,AVL,3,,False,0,1145,1240,1130,1180,1160,1300,2,3,Midfielders,MID,Midfielder,MID,5,,,2,5,False,[],347
True,False,0.0,0.0,537403,0,0,-1,1,0,3,0.0,0.0,0,Kadan,0.0,656,False,Loaned to Royal Antwerp,2025-02-28T11:05:51.443216Z,44,537403.jpg,0.0,False,Young,0.2,False,,u,2,7,0,59513,0,52012,0,0.0,0.0,Young,241.0,2022-12-10,2006-01-19,False,p537403,0,0,0,0,0,0,0,0,0,0,0,0,0,0.0,0.0,0.0,0.0,0,0.00,0.00,0.00,0.00,0,0,0,0,0,0,0,680,263,675,263,651,253,680,263,,,,,,,0.0,0.0,0.0,0.0,0.0,0.0,544,326,586,208,686,265,390,132,0.0,0.0,7,0,,2,0,Aston Villa,0,0,6,AVL,3,,False,0,1145,1240,1130,1180,1160,1300,2,3,Midfielders,MID,Midfielder,MID,5,,,2,5,False,[],347
True,False,,,577731,0,0,0,0,0,3,0.0,0.0,0,Ben,0.0,679,False,,,45,577731.jpg,0.0,False,Broggio,0.0,False,,a,2,7,0,2542,0,1889,0,0.0,0.0,Broggio,241.0,2024-09-23,2007-01-29,False,p577731,0,0,0,0,0,0,0,0,0,0,0,0,0,0.0,0.0,0.0,0.0,0,0.00,0.00,0.00,0.00,0,0,0,0,0,0,0,758,319,755,319,738,311,758,319,,,,,,,0.0,0.0,0.0,0.0,0.0,0.0,472,298,680,273,761,320,706,289,0.0,0.0,7,0,,2,0,Aston Villa,0,0,6,AVL,3,,False,0,1145,1240,1130,1180,1160,1300,2,3,Midfielders,MID,Midfielder,MID,5,,,2,5,False,[],347
True,False,,,559962,0,0,0,0,0,3,0.0,0.0,0,Jamaldeen,0.0,710,False,,,45,559962.jpg,0.0,False,Jimoh,0.0,False,,a,2,7,0,695,0,453,0,0.0,0.0,Jimoh,241.0,2024-09-23,2006-10-02,False,p559962,0,0,0,0,0,0,0,0,0,0,0,0,0,0.0,0.0,0.0,0.0,0,0.00,0.00,0.00,0.00,0,0,0,0,0,0,0,752,316,748,316,732,308,752,316,,,,,,,0.0,0.0,0.0,0.0,0.0,0.0,465,295,673,270,755,317,753,315,0.0,0.0,7,0,,2,0,Aston Villa,0,0,6,AVL,3,,False,0,1145,1240,1130,1180,1160,1300,2,3,Midfielders,MID,Midfielder,MID,5,,,2,5,False,[],347
True,False,,,204646,0,0,-2,2,1,3,0.7,0.8,1,Donyell,0.8,725,False,,,53,204646.jpg,2.4,False,Malen,0.2,False,,a,2,7,34,86563,0,68829,0,0.2,6.4,Malen,152.0,2025-01-14,1999-01-19,False,p204646,296,3,0,0,6,0,0,0,0,0,0,3,112,138.2,42.7,208.0,38.5,2,2.15,0.15,2.30,4.77,0,0,0,0,0,0,0,362,167,375,204,167,107,331,165,,,,,,,0.65,0.0,0.05,0.7,1.45,1.82,148,89,315,148,228,98,375,120,0.61,0.0,7,0,,2,0,Aston Villa,0,0,6,AVL,3,,False,0,1145,1240,1130,1180,1160,1300,2,3,Midfielders,MID,Midfielder,MID,5,,,2,5,False,[],347
True,False,,,174292,0,0,0,0,2,3,2.0,1.8,1,Marco,1.8,762,False,,,60,174292.jpg,3.4,False,Asensio,2.4,False,,a,2,7,44,839677,0,571943,0,0.3,7.3,M.Asensio,200.0,2025-02-03,1996-01-21,False,p174292,740,3,2,3,8,0,0,2,2,0,0,6,158,200.6,232.5,242.0,67.2,9,4.43,1.16,5.59,11.11,0,0,0,0,0,0,0,311,141,185,127,143,92,244,125,,,,,,,0.54,0.0,0.14,0.68,1.35,0.97,74,46,223,102,110,50,126,41,1.09,0.36,7,0,,2,0,Aston Villa,0,0,6,AVL,3,,False,0,1145,1240,1130,1180,1160,1300,2,3,Midfielders,MID,Midfielder,MID,5,,,2,5,False,[],347
True,False,100.0,100.0,200785,0,0,-1,1,0,3,2.3,2.7,3,Tyler,2.2,60,False,,2024-12-30T23:30:08.175231Z,49,200785.jpg,2.1,False,Adams,0.1,False,,a,3,91,58,16849,0,12793,0,0.4,11.8,Adams,229.0,2023-08-20,1999-02-14,False,p200785,1959,0,3,6,30,0,0,0,7,0,0,1,315,411.8,261.2,83.0,75.9,21,1.33,0.76,2.09,29.26,0,0,0,0,0,0,0,176,72,168,117,293,164,216,112,,,,,,,0.06,0.0,0.03,0.09,1.34,1.38,250,160,176,75,278,122,517,193,0.96,0.28,91,0,,3,0,Bournemouth,0,0,9,BOU,3,,False,0,1170,1200,1120,1180,1220,1220,127,3,Midfielders,MID,Midfielder,MID,5,,,2,5,False,[],347
True,False,0.0,0.0,444180,0,0,0,0,0,3,0.0,0.0,0,Jaidon,0.0,61,False,Season long loan to Burnley,2024-08-30T09:46:29.420148Z,45,444180.jpg,0.0,False,Anthony,0.1,False,,u,3,91,0,8381,0,46624,0,0.0,0.0,Anthony,,,,False,p444180,0,0,0,0,0,0,0,0,0,0,0,0,0,0.0,0.0,0.0,0.0,0,0.00,0.00,0.00,0.00,0,0,0,0,0,0,0,701,274,697,274,678,265,701,274,,,,,,,0.0,0.0,0.0,0.0,0.0,0.0,392,241,614,224,706,275,472,172,0.0,0.0,91,0,,3,0,Bournemouth,0,0,9,BOU,3,,False,0,1170,1200,1120,1180,1220,1220,127,3,Midfielders,MID,Midfielder,MID,5,,,2,5,False,[],347
True,False,100.0,100.0,111317,0,0,-1,1,0,3,1.3,2.0,3,David,1.5,62,False,,2024-08-12T14:30:04.440536Z,49,111317.jpg,1.8,False,Brooks,0.0,False,,a,3,91,52,9328,0,8345,0,0.3,10.6,Brooks,244.0,2018-07-01,1997-07-08,False,p111317,941,2,1,3,12,0,0,0,3,0,0,2,204,193.6,316.7,300.0,80.4,9,2.58,2.02,4.60,15.03,0,0,0,0,0,0,0,319,144,134,94,113,75,201,103,,,,,,,0.25,0.0,0.19,0.44,1.44,1.15,240,152,236,112,337,155,606,237,0.86,0.29,91,0,,3,0,Bournemouth,0,0,9,BOU,3,,False,0,1170,1200,1120,1180,1220,1220,127,3,Midfielders,MID,Midfielder,MID,5,,,2,5,False,[],347
True,False,0.0,0.0,158499,0,0,-2,2,1,3,0.0,0.0,0,Ryan,0.0,63,False,Groin Injury - Expected back 01 Jun,2025-04-04T12:00:08.386754Z,48,158499.jpg,2.6,False,Christie,0.1,False,,i,3,91,76,50838,0,63311,0,0.0,15.8,Christie,243.0,2021-08-31,1995-02-22,False,p158499,2114,2,3,8,28,0,0,0,9,0,0,5,435,514.0,576.8,303.0,139.6,27,2.14,2.90,5.04,30.17,0,0,0,0,0,0,0,135,53,60,50,110,73,88,58,4.0,,,,,,0.09,0.0,0.12,0.21,1.28,1.19,288,187,710,292,192,79,437,151,1.15,0.34,91,0,,3,0,Bournemouth,0,0,9,BOU,3,,False,0,1170,1200,1120,1180,1220,1220,127,3,Midfielders,MID,Midfielder,MID,5,,,2,5,False,[],347
True,False,0.0,0.0,155408,0,0,0,0,0,3,0.0,0.0,0,Lewis,0.8,64,False,Suspended until 30 Aug,2025-05-21T00:00:07.899357Z,50,155408.jpg,2.3,False,Cook,0.1,False,,s,3,91,82,60667,0,60285,0,0.2,16.4,Cook,241.0,2016-07-08,1997-02-03,False,p155408,2976,1,4,5,44,0,0,0,8,1,0,3,500,607.0,727.1,114.0,144.9,32,0.94,3.76,4.70,45.25,0,0,0,0,0,0,0,96,35,33,29,258,146,80,54,1.0,,2.0,,,,0.03,0.0,0.11,0.14,1.37,1.33,201,122,311,144,242,104,407,140,0.97,0.15,91,0,,3,0,Bournemouth,0,0,9,BOU,3,,False,0,1170,1200,1120,1180,1220,1220,127,3,Midfielders,MID,Midfielder,MID,5,,,2,5,False,[],347
True,False,0.0,0.0,441240,0,0,0,0,0,3,0.0,0.0,0,Romain,0.0,66,False,Loaned to Brest,2024-08-20T12:15:06.505689Z,50,441240.jpg,0.0,False,Faivre,0.0,False,,u,3,91,0,23,0,1460,0,0.0,0.0,Faivre,,,,False,p441240,0,0,0,0,0,0,0,0,0,0,0,0,0,0.0,0.0,0.0,0.0,0,0.00,0.00,0.00,0.00,0,0,0,0,0,0,0,784,337,783,337,776,335,784,337,,,,,,,0.0,0.0,0.0,0.0,0.0,0.0,218,137,745,318,784,337,746,311,0.0,0.0,91,0,,3,0,Bournemouth,0,0,9,BOU,3,,False,0,1170,1200,1120,1180,1220,1220,127,3,Midfielders,MID,Midfielder,MID,5,,,2,5,False,[],347
True,False,0.0,0.0,424044,0,0,0,0,0,3,0.0,0.0,0,Hamed,0.0,67,False,Season long loan to A.J.Auxerre,2024-08-29T11:07:43.785266Z,45,424044.jpg,0.0,False,Traorè,0.0,False,,u,3,91,0,3525,0,19418,0,0.0,0.0,H.Traorè,,,,False,p424044,0,0,0,0,0,0,0,0,0,0,0,0,0,0.0,0.0,0.0,0.0,0,0.00,0.00,0.00,0.00,0,0,0,0,0,0,0,700,273,696,273,676,264,700,273,,,,,,,0.0,0.0,0.0,0.0,0.0,0.0,388,240,612,223,705,274,566,215,0.0,0.0,91,0,,3,0,Bournemouth,0,0,9,BOU,3,,False,0,1170,1200,1120,1180,1220,1220,127,3,Midfielders,MID,Midfielder,MID,5,,,2,5,False,[],347
True,False,100.0,100.0,222683,0,0,4,-4,4,3,2.0,2.3,3,Justin,1.8,71,False,,2025-04-01T14:00:07.917236Z,59,222683.jpg,4.6,False,Kluivert,11.0,False,,a,3,91,158,5516740,0,4388704,0,0.3,26.8,Kluivert,152.0,2023-07-01,1999-05-05,False,p222683,2339,12,6,13,29,0,0,0,8,0,0,14,532,700.0,654.1,771.0,212.0,29,10.05,3.66,13.71,32.60,0,0,0,0,0,0,0,58,17,44,37,27,15,20,15,,,,,1.0,,0.39,0.0,0.14,0.53,1.25,1.12,82,53,222,101,16,9,38,12,1.12,0.5,91,0,,3,0,Bournemouth,0,0,9,BOU,3,,False,0,1170,1200,1120,1180,1220,1220,127,3,Midfielders,MID,Midfielder,MID,5,,,2,5,False,[],347
True,False,0.0,0.0,533463,0,0,-5,5,2,3,0.0,0.0,0,Dango,0.2,74,False,Groin Injury - Expected back 01 Jun,2025-05-08T16:30:08.039133Z,45,533463.jpg,3.5,False,Ouattara,0.9,False,,i,3,91,111,793396,0,704668,0,0.0,24.7,O.Dango,35.0,2023-01-19,2002-02-11,False,p533463,1998,7,4,7,23,0,0,0,3,0,0,7,432,624.6,496.8,754.0,187.2,21,8.42,3.24,11.66,31.96,0,0,0,0,0,0,0,86,32,77,59,29,17,46,34,,,,,,,0.38,0.0,0.15,0.53,1.44,1.04,447,282,391,178,90,41,215,68,0.95,0.32,91,0,,3,0,Bournemouth,0,0,9,BOU,3,,False,0,1170,1200,1120,1180,1220,1220,127,3,Midfielders,MID,Midfielder,MID,5,,,2,5,False,[],347
True,False,0.0,0.0,168991,0,0,-2,2,0,3,0.0,0.0,0,Philip,0.0,76,False,Season-long loan to Napoli,2025-01-17T08:00:05.376061Z,48,168991.jpg,1.0,False,Billing,0.0,False,,u,3,91,10,6119,0,11274,0,0.0,2.1,Philip,58.0,2019-07-29,,False,p168991,176,0,0,0,4,0,0,0,1,0,0,0,52,54.0,102.4,47.0,20.4,1,0.55,0.97,1.52,3.35,0,0,0,0,0,0,0,438,199,295,175,347,186,397,191,,,3.0,,,,0.28,0.0,0.5,0.78,1.71,2.05,289,188,711,293,515,236,596,232,0.51,0.0,91,0,,3,0,Bournemouth,0,0,9,BOU,3,,False,0,1170,1200,1120,1180,1220,1220,127,3,Midfielders,MID,Midfielder,MID,5,,,2,5,False,[],347
True,False,100.0,75.0,503139,0,0,-3,3,0,3,1.1,0.8,1,Alex,0.5,77,False,,2025-05-11T00:30:07.728795Z,47,503139.jpg,1.3,False,Scott,0.0,False,,a,3,91,26,3384,0,6964,0,0.1,5.5,Scott,241.0,2023-08-10,2003-08-21,False,p503139,745,0,0,3,8,0,0,0,3,0,0,0,132,141.6,171.6,118.0,43.2,8,0.73,1.00,1.73,10.14,0,0,0,0,0,0,0,360,165,229,149,254,144,310,158,,,,,,,0.09,0.0,0.12,0.21,1.22,0.97,342,222,347,162,422,197,615,243,0.97,0.36,91,0,,3,0,Bournemouth,0,0,9,BOU,3,,False,0,1170,1200,1120,1180,1220,1220,127,3,Midfielders,MID,Midfielder,MID,5,,,2,5,False,[],347
True,False,100.0,100.0,437730,0,0,2,-2,4,3,4.7,6.5,16,Antoine,6.0,78,False,,2024-11-13T14:00:07.717891Z,57,437730.jpg,4.5,False,Semenyo,8.0,False,,a,3,91,165,3623976,0,2938239,0,1.1,28.9,Semenyo,81.0,2023-01-27,2000-01-07,False,p437730,3202,11,7,11,41,0,0,0,9,0,0,14,571,792.2,688.9,1204.0,267.8,36,9.51,4.43,13.94,44.18,0,0,0,0,0,0,0,35,8,38,32,4,2,9,6,,,,,,,0.27,0.0,0.12,0.39,1.24,1.15,97,64,21,6,22,11,49,15,1.01,0.31,91,0,,3,0,Bournemouth,0,0,9,BOU,3,,False,0,1170,1200,1120,1180,1220,1220,127,3,Midfielders,MID,Midfielder,MID,5,,,2,5,False,[],347
True,False,0.0,0.0,224995,0,0,-2,2,1,3,0.0,0.0,0,Luis,0.0,80,False,Hamstring injury - Expected back 01 Jun,2025-03-15T22:00:08.354423Z,48,224995.jpg,1.9,False,Sinisterra,0.1,False,,i,3,91,23,69200,0,83138,0,0.0,4.8,Sinisterra,48.0,2024-06-14,1999-06-17,False,p224995,229,1,1,0,4,0,0,0,0,0,0,2,90,112.0,115.3,195.0,42.3,1,1.18,1.29,2.47,4.08,0,0,0,0,0,0,0,384,182,280,170,183,115,313,159,,,,,,,0.46,0.0,0.51,0.97,1.6,1.57,301,196,717,297,317,143,457,164,0.39,0.0,91,0,,3,0,Bournemouth,0,0,9,BOU,3,,False,0,1170,1200,1120,1180,1220,1220,127,3,Midfielders,MID,Midfielder,MID,5,,,2,5,False,[],347
True,False,100.0,100.0,201658,0,0,-1,1,0,3,2.7,3.5,4,Marcus,3.0,83,False,,2025-03-30T21:00:08.443842Z,54,201658.jpg,3.0,False,Tavernier,0.2,False,,a,3,91,87,128336,0,130723,0,0.6,16.1,Tavernier,241.0,2022-08-01,1999-03-22,False,p201658,1932,3,7,4,29,0,0,0,6,0,0,4,362,447.0,664.8,442.0,155.4,20,5.51,3.65,9.16,25.42,0,0,0,0,0,0,0,162,64,42,35,73,47,70,48,2.0,,1.0,,,,0.26,0.0,0.17,0.43,1.18,1.35,130,79,131,55,146,64,334,104,0.93,0.19,91,0,,3,0,Bournemouth,0,0,9,BOU,3,,False,0,1170,1200,1120,1180,1220,1220,127,3,Midfielders,MID,Midfielder,MID,5,,,2,5,False,[],347
True,False,,,606775,0,0,0,0,0,3,0.5,0.7,1,Ben,0.2,687,False,,,45,606775.jpg,1.0,False,Winterburn,0.0,False,,a,3,91,4,3575,0,2697,0,0.0,0.9,Winterburn,241.0,2024-11-29,2004-09-04,False,p606775,22,0,0,0,0,0,0,0,0,0,0,0,14,2.4,0.2,2.0,0.4,0,0.00,0.00,0.00,0.16,0,0,0,0,0,0,0,536,248,522,253,475,239,537,246,,,,,,,0.0,0.0,0.0,0.0,0.65,0.0,485,306,393,180,505,229,698,283,0.0,0.0,91,0,,3,0,Bournemouth,0,0,9,BOU,3,,False,0,1170,1200,1120,1180,1220,1220,127,3,Midfielders,MID,Midfielder,MID,5,,,2,5,False,[],347
True,False,,,550596,0,0,0,0,0,3,0.5,0.5,0,Dominic,0.0,723,False,,,45,550596.jpg,0.0,False,Sadi,0.0,False,,a,3,91,0,847,0,513,0,0.0,0.0,Sadi,241.0,2022-08-22,2003-09-02,False,p550596,0,0,0,0,0,0,0,0,0,0,0,0,0,0.0,0.0,0.0,0.0,0,0.00,0.00,0.00,0.00,0,0,0,0,0,0,0,747,313,743,313,727,305,747,313,,,,,,,0.0,0.0,0.0,0.0,0.0,0.0,458,291,668,267,751,314,742,309,0.0,0.0,91,0,,3,0,Bournemouth,0,0,9,BOU,3,,False,0,1170,1200,1120,1180,1220,1220,127,3,Midfielders,MID,Midfielder,MID,5,,,2,5,False,[],347
True,False,,,530121,0,0,0,0,0,3,0.5,0.5,0,Zain,0.0,728,False,,,45,530121.jpg,1.0,False,Silcott-Duberry,0.0,False,,a,3,91,1,567,0,367,0,0.0,0.2,Silcott-Duberry,241.0,2025-01-17,2005-07-09,False,p530121,1,0,0,0,0,0,0,0,0,0,0,0,5,2.0,1.0,0.0,0.3,0,0.00,0.00,0.00,0.04,0,0,0,0,0,0,0,542,250,498,243,711,293,541,250,,,,,,,0.0,0.0,0.0,0.0,3.6,0.0,440,277,652,255,498,226,766,322,0.0,0.0,91,0,,3,0,Bournemouth,0,0,9,BOU,3,,False,0,1170,1200,1120,1180,1220,1220,127,3,Midfielders,MID,Midfielder,MID,5,,,2,5,False,[],347
True,False,100.0,100.0,494041,0,0,-1,1,0,3,0.0,0.0,0,Ethan,0.0,87,False,,2024-09-10T11:15:13.439596Z,44,494041.jpg,0.0,False,Brierley,0.1,False,,a,4,94,0,14687,0,16742,0,0.0,0.0,Brierley,,,,False,p494041,0,0,0,0,0,0,0,0,0,0,0,0,0,0.0,0.0,0.0,0.0,0,0.00,0.00,0.00,0.00,0,0,0,0,0,0,0,677,260,673,261,648,250,677,260,,,,,,,0.0,0.0,0.0,0.0,0.0,0.0,537,320,582,204,684,263,492,178,0.0,0.0,94,0,,4,0,Brentford,0,0,10,BRE,3,,False,0,1130,1180,1100,1100,1160,1260,130,3,Midfielders,MID,Midfielder,MID,5,,,2,5,False,[],347
True,False,100.0,100.0,440089,0,0,-1,1,0,3,3.2,3.0,2,Mikkel,3.0,89,False,,2024-10-12T11:00:07.165630Z,49,440089.jpg,3.4,False,Damsgaard,1.2,False,,a,4,94,131,519677,0,410351,0,0.6,26.7,Damsgaard,58.0,2022-08-10,2000-07-03,False,p440089,2911,2,10,11,41,0,0,0,2,0,0,10,611,714.8,1006.4,338.0,205.9,34,2.91,7.01,9.92,45.60,0,0,0,0,0,0,0,56,15,6,6,100,65,27,22,1.0,,3.0,,,,0.09,0.0,0.22,0.31,1.41,1.27,262,168,127,52,102,44,186,61,1.05,0.34,94,0,,4,0,Brentford,0,0,10,BRE,3,,False,0,1130,1180,1100,1100,1160,1260,130,3,Midfielders,MID,Midfielder,MID,5,,,2,5,False,[],347
True,False,0.0,0.0,183656,0,0,-2,2,0,3,0.0,0.0,0,Josh,0.0,90,False,Knee injury - Expected back 01 Jun,2024-08-12T14:30:04.460316Z,48,183656.jpg,0.0,False,Dasilva,0.0,False,,i,4,94,0,512,0,1162,0,0.0,0.0,Dasilva,241.0,2018-08-21,1998-10-23,False,p183656,0,0,0,0,0,0,0,0,0,0,0,0,0,0.0,0.0,0.0,0.0,0,0.00,0.00,0.00,0.00,0,0,0,0,0,0,0,772,329,769,329,757,325,772,329,,,,,,,0.0,0.0,0.0,0.0,0.0,0.0,290,189,712,294,773,330,752,314,0.0,0.0,94,0,,4,0,Brentford,0,0,10,BRE,3,,False,0,1130,1180,1100,1100,1160,1260,130,3,Midfielders,MID,Midfielder,MID,5,,,2,5,False,[],347
True,False,0.0,0.0,204580,0,0,-2,2,0,3,0.0,0.0,0,Vitaly,0.0,94,False,Heel Injury - Expected back 01 Jun,2025-05-01T00:30:07.901216Z,48,204580.jpg,2.3,False,Janelt,0.2,False,,i,4,94,73,112872,0,118953,0,0.0,15.2,Janelt,80.0,2020-10-03,1998-05-10,False,p204580,2251,1,3,6,38,2,0,0,3,0,0,2,384,356.6,284.2,131.0,77.2,27,0.83,2.38,3.21,37.37,0,0,0,0,0,0,0,206,90,155,108,239,137,209,108,,,,,,,0.03,0.0,0.1,0.13,1.49,1.52,293,191,713,295,239,102,394,133,1.08,0.24,94,0,,4,0,Brentford,0,0,10,BRE,3,,False,0,1130,1180,1100,1100,1160,1260,130,3,Midfielders,MID,Midfielder,MID,5,,,2,5,False,[],347
True,False,100.0,100.0,207283,0,0,-2,2,0,3,1.0,1.0,1,Mathias,1.0,95,False,,2025-04-01T14:00:08.042702Z,53,207283.jpg,1.6,False,Jensen,0.1,False,,a,4,94,38,9229,0,22220,0,0.2,7.2,Jensen,58.0,2019-07-10,1996-01-01,False,p207283,846,0,2,2,17,0,0,0,2,0,0,1,179,157.0,249.5,32.0,43.8,8,0.23,1.75,1.98,16.41,0,0,0,0,0,0,0,344,157,176,120,378,201,308,157,3.0,,,,,,0.02,0.0,0.19,0.21,1.75,1.81,151,91,288,136,377,175,511,187,0.85,0.21,94,0,,4,0,Brentford,0,0,10,BRE,3,,False,0,1130,1180,1100,1100,1160,1260,130,3,Midfielders,MID,Midfielder,MID,5,,,2,5,False,[],347
True,False,100.0,100.0,628204,0,0,-1,1,0,3,0.5,0.4,0,Yunus Emre,0.4,97,False,,2025-04-19T21:00:07.399390Z,44,628204.jpg,1.0,False,Konak,0.1,False,,a,4,94,10,10915,0,12728,0,0.1,2.3,Konak,219.0,2024-01-11,2006-01-10,False,p628204,53,0,0,0,2,0,0,0,0,0,0,0,30,8.0,4.5,3.0,1.2,0,0.15,0.00,0.15,1.79,0,0,0,0,0,0,0,508,235,479,238,467,236,522,241,,,,,,,0.25,0.0,0.0,0.25,3.04,3.4,556,337,364,173,490,221,535,203,0.0,0.0,94,0,,4,0,Brentford,0,0,10,BRE,3,,False,0,1130,1180,1100,1100,1160,1260,130,3,Midfielders,MID,Midfielder,MID,5,,,2,5,False,[],347
True,False,,,249231,0,0,0,0,0,3,1.5,1.6,2,Keane,1.6,98,False,,,50,249231.jpg,2.5,False,Lewis-Potter,0.1,False,,a,4,94,94,30934,0,29883,0,0.3,18.8,Lewis-Potter,241.0,2022-07-12,2001-02-22,False,p249231,3092,1,5,8,49,0,0,0,7,0,0,0,460,542.0,462.2,391.0,139.9,36,2.96,4.94,7.90,50.62,0,0,0,0,0,0,0,122,45,84,66,87,57,87,57,,,4.0,,,,0.09,0.0,0.14,0.23,1.47,1.43,215,134,228,107,213,89,469,170,1.05,0.23,94,0,,4,0,Brentford,0,0,10,BRE,3,,False,0,1130,1180,1100,1100,1160,1260,130,3,Midfielders,MID,Midfielder,MID,5,,,2,5,False,[],347
True,False,100.0,100.0,446008,0,0,13,-13,6,3,4.5,5.2,8,Bryan,5.2,99,True,,2024-11-13T15:00:08.005055Z,83,446008.jpg,6.2,False,Mbeumo,46.7,False,,a,4,94,236,10656539,0,6074146,0,0.6,28.4,Mbeumo,38.0,2019-08-05,1999-08-07,False,p446008,3415,20,9,9,55,0,0,1,3,0,0,29,948,1236.8,1107.5,1060.0,340.8,38,12.52,9.24,21.75,55.40,0,0,0,0,0,0,0,3,2,5,5,8,4,2,2,2.0,,2.0,,2.0,,0.33,0.0,0.24,0.57,1.46,1.45,11,8,39,13,2,2,3,2,1.0,0.24,94,0,,4,0,Brentford,0,0,10,BRE,3,,False,0,1130,1180,1100,1100,1160,1260,130,3,Midfielders,MID,Midfielder,MID,5,,,2,5,False,[],347
True,False,100.0,100.0,128295,0,0,-2,2,1,3,3.2,4.2,8,Christian,4.2,101,False,,2025-02-22T02:00:07.221007Z,48,128295.jpg,3.1,False,Nørgaard,0.2,False,,a,4,94,107,68895,0,64300,0,0.9,22.3,Nørgaard,58.0,2019-07-01,1994-03-10,False,p128295,2820,5,5,6,45,0,0,0,8,1,0,7,580,735.4,333.0,409.0,147.9,34,4.23,1.38,5.61,44.54,0,0,0,0,0,0,0,48,11,123,88,81,52,79,53,,,,,,,0.14,0.0,0.04,0.18,1.42,1.44,284,183,54,18,136,60,366,116,1.09,0.19,94,0,,4,0,Brentford,0,0,10,BRE,3,,False,0,1130,1180,1100,1100,1160,1260,130,3,Midfielders,MID,Midfielder,MID,5,,,2,5,False,[],347
True,False,0.0,0.0,428580,0,0,-1,1,0,3,0.0,0.0,0,Frank,0.0,102,False,Loaned to FC Augsburg,2024-08-31T06:32:02.183747Z,49,428580.jpg,1.0,False,Onyeka,0.0,False,,u,4,94,2,648,0,3965,0,0.0,0.4,Onyeka,,,,False,p428580,23,0,0,0,0,0,0,0,0,0,0,0,3,0.0,0.5,0.0,0.0,0,0.00,0.02,0.02,0.69,0,0,0,0,0,0,0,778,332,505,247,766,329,778,332,,,,,,,0.0,0.0,0.08,0.08,2.7,0.0,261,167,730,305,520,240,697,282,0.0,0.0,94,0,,4,0,Brentford,0,0,10,BRE,3,,False,0,1130,1180,1100,1100,1160,1260,130,3,Midfielders,MID,Midfielder,MID,5,,,2,5,False,[],347
True,False,0.0,0.0,450539,0,0,0,0,0,3,0.0,0.0,0,Myles,0.0,103,False,Loaned to Swansea City,2024-08-31T06:31:19.312069Z,45,450539.jpg,0.0,False,Peart-Harris,0.0,False,,u,4,94,0,913,0,4730,0,0.0,0.0,Peart-Harris,,,,False,p450539,0,0,0,0,0,0,0,0,0,0,0,0,0,0.0,0.0,0.0,0.0,0,0.00,0.00,0.00,0.00,0,0,0,0,0,0,0,703,276,699,276,680,267,703,276,,,,,,,0.0,0.0,0.0,0.0,0.0,0.0,394,243,616,226,708,277,694,281,0.0,0.0,94,0,,4,0,Brentford,0,0,10,BRE,3,,False,0,1130,1180,1100,1100,1160,1260,130,3,Midfielders,MID,Midfielder,MID,5,,,2,5,False,[],347
True,False,100.0,100.0,513418,0,0,-2,2,4,3,8.8,7.4,2,Kevin,7.4,106,False,,2025-01-27T01:00:08.556857Z,53,513418.jpg,3.9,False,Schade,3.3,False,,a,4,94,149,707168,0,354286,0,1.4,28.1,Schade,80.0,2023-07-01,2001-11-27,False,p513418,2281,11,4,10,34,0,0,0,3,0,0,12,498,630.8,312.7,892.0,183.3,26,8.45,1.75,10.20,30.66,0,0,0,0,0,0,0,79,27,136,96,19,10,50,36,,,,,,,0.33,0.0,0.07,0.4,1.21,1.34,156,94,9,3,54,25,108,33,1.03,0.39,94,0,,4,0,Brentford,0,0,10,BRE,3,,False,0,1130,1180,1100,1100,1160,1260,130,3,Midfielders,MID,Midfielder,MID,5,,,2,5,False,[],347
True,False,,,508395,0,0,-2,2,0,3,2.0,2.0,2,Yehor,2.0,111,False,,,43,508395.jpg,1.4,False,Yarmoliuk,2.3,False,,a,4,94,43,602607,0,665058,0,0.5,10.0,Yarmoliuk,225.0,2022-10-28,2004-03-01,False,p508395,1435,0,0,3,25,0,0,0,6,0,0,0,255,259.6,196.1,89.0,54.4,15,0.62,0.91,1.53,26.43,0,0,0,0,0,0,0,266,122,211,141,287,160,284,149,,,,,,,0.04,0.0,0.06,0.1,1.66,1.57,593,345,189,81,406,187,132,43,0.94,0.19,94,0,,4,0,Brentford,0,0,10,BRE,3,,False,0,1130,1180,1100,1100,1160,1260,130,3,Midfielders,MID,Midfielder,MID,5,,,2,5,False,[],347
True,False,0.0,0.0,244858,0,0,-5,5,0,3,0.0,0.0,0,Fábio,0.0,314,False,Shoulder injury - Expected back 01 Jun,2025-03-08T21:00:09.439679Z,45,244858.jpg,1.8,False,Freitas Gouveia Carvalho,0.4,False,,i,4,94,35,187015,0,293210,0,0.0,7.8,Carvalho,173.0,2024-08-12,2002-08-30,False,p244858,443,2,1,0,14,0,0,0,1,0,0,1,127,142.2,71.5,154.0,36.3,3,2.49,0.54,3.03,11.46,0,0,0,0,0,0,0,358,163,333,192,219,128,338,168,4.0,,,,,,0.51,0.0,0.11,0.62,2.33,2.84,384,236,608,219,331,151,288,89,0.61,0.0,94,0,,4,0,Brentford,0,0,10,BRE,3,,False,0,1130,1180,1100,1100,1160,1260,130,3,Midfielders,MID,Midfielder,MID,5,,,2,5,False,[],347
True,False,0.0,0.0,591357,0,0,-1,1,0,3,0.0,0.0,0,Ryan,0.0,602,False,Loaned to Exeter City,2025-02-03T18:30:41.509945Z,44,591357.jpg,1.0,False,Trevitt,0.0,False,,u,4,94,1,9155,0,10397,0,0.0,0.2,Trevitt,241.0,2024-01-08,,False,p591357,3,0,0,0,0,0,0,0,0,0,0,0,5,2.6,0.1,0.0,0.3,0,0.00,0.00,0.00,0.00,0,0,0,0,0,0,0,535,247,527,255,656,257,540,249,,,,,,,0.0,0.0,0.0,0.0,0.0,0.0,553,334,592,213,489,220,563,213,0.0,0.0,94,0,,4,0,Brentford,0,0,10,BRE,3,,False,0,1130,1180,1100,1100,1160,1260,130,3,Midfielders,MID,Midfielder,MID,5,,,2,5,False,[],347
True,False,100.0,100.0,626464,0,0,-1,1,0,3,0.2,0.2,0,Gustavo,0.2,634,False,,2025-04-01T21:30:08.523570Z,49,626464.jpg,1.0,False,Nunes Fernandes Gomes,0.0,False,,a,4,94,3,591,0,567,0,0.0,0.6,G.Nunes,30.0,2024-08-28,2005-11-20,False,p626464,11,0,0,0,2,0,0,0,0,0,0,0,11,10.0,0.3,2.0,1.2,0,0.00,0.00,0.00,0.35,0,0,0,0,0,0,0,501,231,518,252,476,240,523,242,,,,,,,0.0,0.0,0.0,0.0,2.86,16.36,278,178,403,187,522,242,760,318,0.0,0.0,94,0,,4,0,Brentford,0,0,10,BRE,3,,False,0,1130,1180,1100,1100,1160,1260,130,3,Midfielders,MID,Midfielder,MID,5,,,2,5,False,[],347
True,False,0.0,0.0,592662,0,0,0,0,0,3,0.0,0.0,0,Tony,0.0,661,False,Loaned to Exeter City,2025-01-24T10:48:13.441165Z,45,592662.jpg,0.0,False,Yogane,0.0,False,,u,4,94,0,2806,0,2649,0,0.0,0.0,Yogane,241.0,2024-07-19,,False,p592662,0,0,0,0,0,0,0,0,0,0,0,0,0,0.0,0.0,0.0,0.0,0,0.00,0.00,0.00,0.00,0,0,0,0,0,0,0,762,322,759,322,742,314,762,322,,,,,,,0.0,0.0,0.0,0.0,0.0,0.0,477,302,685,277,765,323,717,298,0.0,0.0,94,0,,4,0,Brentford,0,0,10,BRE,3,,False,0,1130,1180,1100,1100,1160,1260,130,3,Midfielders,MID,Midfielder,MID,5,,,2,5,False,[],347
True,False,,,220695,0,0,0,0,0,3,0.0,0.0,0,Paris,0.0,674,False,,,45,220695.jpg,1.0,False,Maghoma,0.0,False,,a,4,94,8,2058,0,1510,0,0.0,1.8,Maghoma,241.0,2020-08-01,2001-05-08,False,p220695,112,0,0,0,1,0,0,0,0,0,0,0,32,27.8,15.8,10.0,5.4,0,0.12,0.04,0.16,1.89,0,0,0,0,0,0,0,466,213,440,226,435,221,478,223,,,,,,,0.1,0.0,0.03,0.13,1.52,0.8,380,234,605,217,491,222,711,292,0.0,0.0,94,0,,4,0,Brentford,0,0,10,BRE,3,,False,0,1130,1180,1100,1100,1160,1260,130,3,Midfielders,MID,Midfielder,MID,5,,,2,5,False,[],347
True,False,100.0,100.0,535818,0,0,-4,4,0,3,2.8,2.5,1,Simon,2.5,113,False,,2024-09-29T22:30:06.392264Z,51,535818.jpg,2.1,False,Adingra,0.3,False,,a,5,36,60,120944,0,158626,0,0.5,11.8,Adingra,54.0,2022-06-24,2002-01-01,False,p535818,1081,2,3,2,23,0,0,0,0,0,0,0,207,212.4,261.9,337.0,80.9,12,2.47,2.73,5.20,18.94,0,0,0,0,0,0,0,299,138,165,115,101,66,200,102,,,,,,,0.21,0.0,0.23,0.44,1.58,1.91,191,115,161,66,281,124,309,94,1.0,0.17,36,0,,5,0,Brighton,0,0,8,BHA,3,,False,0,1140,1165,1090,1140,1190,1190,131,3,Midfielders,MID,Midfielder,MID,5,,,2,5,False,[],347
True,False,0.0,0.0,475480,0,0,0,0,0,3,0.0,0.0,0,Benicio,0.0,114,False,Loaned to Port Vale,2024-08-10T12:17:28.055765Z,45,475480.jpg,0.0,False,Baker-Boaitey,0.0,False,,u,5,36,0,0,0,543,0,0.0,0.0,Baker-Boaitey,,,,False,p475480,0,0,0,0,0,0,0,0,0,0,0,0,0,0.0,0.0,0.0,0.0,0,0.00,0.00,0.00,0.00,0,0,0,0,0,0,0,711,283,708,283,688,274,711,283,,,,,,,0.0,0.0,0.0,0.0,0.0,0.0,405,251,625,233,716,284,786,335,0.0,0.0,36,0,,5,0,Brighton,0,0,8,BHA,3,,False,0,1140,1165,1090,1140,1190,1190,131,3,Midfielders,MID,Midfielder,MID,5,,,2,5,False,[],347
True,False,100.0,100.0,535301,0,0,0,0,2,3,4.2,2.2,2,Carlos,2.2,115,False,,2025-02-01T22:30:07.945590Z,50,535301.jpg,2.6,False,Baleba,0.2,False,,a,5,36,87,70991,0,63444,0,0.4,17.4,Baleba,38.0,2023-08-29,2004-01-03,False,p535301,2660,3,1,8,40,0,0,0,6,1,0,7,490,515.4,343.7,193.0,105.2,31,3.10,1.21,4.31,39.54,0,0,0,0,0,0,0,134,52,120,85,188,117,142,81,,,,,,,0.1,0.0,0.04,0.14,1.34,1.35,231,147,179,77,196,83,387,129,1.05,0.27,36,0,,5,0,Brighton,0,0,8,BHA,3,,False,0,1140,1165,1090,1140,1190,1190,131,3,Midfielders,MID,Midfielder,MID,5,,,2,5,False,[],347
True,False,0.0,0.0,519324,0,0,0,0,0,3,0.0,0.0,0,Amario,0.0,118,False,Loaned to Blackburn Rovers,2024-08-31T06:29:40.845798Z,45,519324.jpg,0.0,False,Cozier-Duberry,0.0,False,,u,5,36,0,1560,0,13783,0,0.0,0.0,Cozier-Duberry,,,,False,p519324,0,0,0,0,0,0,0,0,0,0,0,0,0,0.0,0.0,0.0,0.0,0,0.00,0.00,0.00,0.00,0,0,0,0,0,0,0,731,300,727,300,709,291,731,300,,,,,,,0.0,0.0,0.0,0.0,0.0,0.0,437,275,650,253,735,301,648,260,0.0,0.0,36,0,,5,0,Brighton,0,0,8,BHA,3,,False,0,1140,1165,1090,1140,1190,1190,131,3,Midfielders,MID,Midfielder,MID,5,,,2,5,False,[],347
True,False,0.0,0.0,168090,0,0,-1,1,0,3,0.0,0.0,0,Mahmoud,0.0,119,False,Transferred to Eintracht Frankfurt,2024-08-31T06:30:37.645175Z,49,168090.jpg,0.0,False,Dahoud,0.0,False,,u,5,36,0,380,0,2993,0,0.0,0.0,Dahoud,,,,False,p168090,0,0,0,0,0,0,0,0,0,0,0,0,0,0.0,0.0,0.0,0.0,0,0.00,0.00,0.00,0.00,0,0,0,0,0,0,0,775,330,774,331,762,327,775,330,,,,,,,0.0,0.0,0.0,0.0,0.0,0.0,246,156,725,302,776,331,712,293,0.0,0.0,36,0,,5,0,Brighton,0,0,8,BHA,3,,False,0,1140,1165,1090,1140,1190,1190,131,3,Midfielders,MID,Midfielder,MID,5,,,2,5,False,[],347
True,False,0.0,0.0,243568,0,0,0,0,0,3,0.0,0.0,0,Billy,0.0,124,False,Transferred to Napoli,2024-08-31T06:42:09.507349Z,50,243568.jpg,1.5,False,Gilmour,0.0,False,,u,5,36,3,2640,0,16637,0,0.0,0.6,Gilmour,,,,False,p243568,97,0,0,0,1,0,0,0,0,0,0,0,21,11.4,11.9,2.0,2.5,1,0.08,0.04,0.12,1.32,0,0,0,0,0,0,0,500,230,452,231,477,241,500,234,,,,,,,0.07,0.0,0.04,0.11,1.22,0.93,213,133,742,316,390,183,604,235,0.93,0.0,36,0,,5,0,Brighton,0,0,8,BHA,3,,False,0,1140,1165,1090,1140,1190,1190,131,3,Midfielders,MID,Midfielder,MID,5,,,2,5,False,[],347
True,False,0.0,0.0,60307,0,0,0,0,0,3,0.0,0.0,0,Pascal,0.0,125,False,Permanent transfer to Borussia Dortmund,2024-08-02T13:11:40.837259Z,65,60307.jpg,0.0,False,Groß,0.0,False,,u,5,36,0,0,0,8282,0,0.0,0.0,Gross,,,,False,p60307,0,0,0,0,0,0,0,0,0,0,0,0,0,0.0,0.0,0.0,0.0,0,0.00,0.00,0.00,0.00,0,0,0,0,0,0,0,801,346,801,346,801,346,801,346,,,,,,,0.0,0.0,0.0,0.0,0.0,0.0,41,20,793,343,800,346,651,263,0.0,0.0,36,0,,5,0,Brighton,0,0,8,BHA,3,,False,0,1140,1165,1090,1140,1190,1190,131,3,Midfielders,MID,Midfielder,MID,5,,,2,5,False,[],347
True,False,100.0,100.0,532529,0,0,-1,1,2,3,3.5,6.2,15,Jack,6.2,126,False,,2024-11-10T01:30:07.476316Z,49,532529.jpg,3.4,False,Hinshelwood,0.1,False,,a,5,36,89,28419,0,28532,0,1.3,18.2,Hinshelwood,241.0,2022-12-30,2005-04-11,False,p532529,1839,5,3,6,30,0,0,0,5,0,0,8,404,394.6,268.1,304.0,97.0,22,2.74,1.50,4.24,30.09,0,0,0,0,0,0,0,185,78,163,113,109,72,153,89,,,,,,,0.13,0.0,0.07,0.2,1.47,1.47,275,177,18,5,104,46,524,196,1.08,0.29,36,0,,5,0,Brighton,0,0,8,BHA,3,,False,0,1140,1165,1090,1140,1190,1190,131,3,Midfielders,MID,Midfielder,MID,5,,,2,5,False,[],347
True,False,0.0,0.0,612855,0,0,0,0,0,3,0.0,0.0,0,Ibrahim,0.0,127,False,Loaned to Feyenoord,2024-08-16T11:54:28.483822Z,50,612855.jpg,0.0,False,Osman,0.0,False,,u,5,36,0,0,0,1155,0,0.0,0.0,I.Osman,,,,False,p612855,0,0,0,0,0,0,0,0,0,0,0,0,0,0.0,0.0,0.0,0.0,0,0.00,0.00,0.00,0.00,0,0,0,0,0,0,0,792,341,791,341,784,339,792,341,,,,,,,0.0,0.0,0.0,0.0,0.0,0.0,236,150,756,324,791,341,768,324,0.0,0.0,36,0,,5,0,Brighton,0,0,8,BHA,3,,False,0,1140,1165,1090,1140,1190,1190,131,3,Midfielders,MID,Midfielder,MID,5,,,2,5,False,[],347
True,False,0.0,0.0,484658,0,0,0,0,0,3,0.0,0.0,0,Kacper,0.0,130,False,Permanent transfer to Gaziantep FK,2024-07-22T09:03:00.342050Z,45,484658.jpg,0.0,False,Kozłowski,0.0,False,,u,5,36,0,0,0,97,0,0.0,0.0,Kozlowski,,,,False,p484658,0,0,0,0,0,0,0,0,0,0,0,0,0,0.0,0.0,0.0,0.0,0,0.00,0.00,0.00,0.00,0,0,0,0,0,0,0,713,284,710,284,690,275,713,284,,,,,,,0.0,0.0,0.0,0.0,0.0,0.0,407,252,627,234,718,285,800,346,0.0,0.0,36,0,,5,0,Brighton,0,0,8,BHA,3,,False,0,1140,1165,1090,1140,1190,1190,131,3,Midfielders,MID,Midfielder,MID,5,,,2,5,False,[],347
True,False,0.0,0.0,109345,0,0,0,0,0,3,0.0,0.0,0,Solly,0.0,132,False,Knee injury - Expected back 01 Jun,2025-05-05T07:30:07.917767Z,65,109345.jpg,0.9,False,March,0.0,False,,i,5,36,7,10873,0,9480,0,0.0,1.1,March,241.0,2012-07-01,1994-07-20,False,p109345,161,0,0,0,3,0,0,0,2,0,0,0,25,24.0,59.6,18.0,10.1,1,0.09,0.32,0.41,2.82,0,0,0,0,0,0,0,472,217,347,197,408,213,445,210,,,,,,,0.05,0.0,0.18,0.23,1.58,1.68,42,21,794,344,535,252,597,233,0.56,0.0,36,0,,5,0,Brighton,0,0,8,BHA,3,,False,0,1140,1165,1090,1140,1190,1190,131,3,Midfielders,MID,Midfielder,MID,5,,,2,5,False,[],347
True,False,0.0,0.0,550141,0,0,0,0,0,3,0.0,0.0,0,Adrian,0.0,133,False,Has joined Vitesse Arnhem on loan for the rest of the season,2024-08-29T11:08:43.963582Z,45,550141.jpg,0.0,False,Mazilu,0.0,False,,u,5,36,0,720,0,4139,0,0.0,0.0,Mazilu,,,,False,p550141,0,0,0,0,0,0,0,0,0,0,0,0,0,0.0,0.0,0.0,0.0,0,0.00,0.00,0.00,0.00,0,0,0,0,0,0,0,746,312,742,312,726,304,746,312,,,,,,,0.0,0.0,0.0,0.0,0.0,0.0,457,290,667,266,750,313,708,290,0.0,0.0,36,0,,5,0,Brighton,0,0,8,BHA,3,,False,0,1140,1165,1090,1140,1190,1190,131,3,Midfielders,MID,Midfielder,MID,5,,,2,5,False,[],347
True,False,100.0,0.0,15157,0,0,0,0,0,3,0.0,0.0,1,James,0.2,134,False,,2024-08-31T21:00:04.655035Z,50,15157.jpg,1.5,False,Milner,0.0,False,,a,5,36,6,5014,0,10991,0,0.0,1.2,Milner,241.0,2023-07-01,1986-01-04,False,p15157,170,0,0,1,1,0,0,0,1,0,0,0,27,28.6,66.3,12.0,10.7,3,0.16,0.15,0.31,1.98,0,0,0,0,0,0,0,465,212,342,194,429,220,440,209,,,,,,,0.08,0.0,0.08,0.16,1.05,0.53,192,116,404,188,388,181,586,227,1.59,0.53,36,0,,5,0,Brighton,0,0,8,BHA,3,,False,0,1140,1165,1090,1140,1190,1190,131,3,Midfielders,MID,Midfielder,MID,5,,,2,5,False,[],347
True,False,100.0,100.0,592031,0,0,-7,7,2,3,3.8,4.0,2,Yankuba,4.0,135,False,,2025-01-12T22:30:08.694313Z,48,592031.jpg,3.2,False,Minteh,1.0,False,,a,5,36,102,544644,0,577396,0,0.8,21.2,Minteh,78.0,2024-07-01,2004-07-22,False,p592031,1831,6,5,4,33,0,0,0,6,0,0,8,398,523.8,448.9,615.0,159.1,20,4.13,4.99,9.12,28.41,0,0,0,0,0,0,0,129,49,88,69,48,29,64,45,5.0,,,,,,0.2,0.0,0.25,0.45,1.4,1.62,317,205,65,23,129,57,211,66,0.98,0.2,36,0,,5,0,Brighton,0,0,8,BHA,3,,False,0,1140,1165,1090,1140,1190,1190,131,3,Midfielders,MID,Midfielder,MID,5,,,2,5,False,[],347
True,False,100.0,100.0,451340,0,0,-2,2,1,3,3.2,2.8,4,Mitoma,2.8,136,False,,2025-05-16T09:30:08.547373Z,63,451340.jpg,4.0,False,Kaoru,6.3,False,,a,5,36,145,3172728,0,2925901,0,0.4,23.0,Mitoma,108.0,2021-08-09,1997-05-20,False,p451340,2597,10,5,6,40,0,0,0,1,0,0,12,536,670.6,578.0,856.0,210.7,28,9.19,4.03,13.22,37.05,0,0,0,0,0,0,0,70,23,59,49,21,12,21,16,,,,,,,0.32,0.0,0.14,0.46,1.28,1.39,55,29,150,63,46,23,59,18,0.97,0.21,36,0,,5,0,Brighton,0,0,8,BHA,3,,False,0,1140,1165,1090,1140,1190,1190,131,3,Midfielders,MID,Midfielder,MID,5,,,2,5,False,[],347
True,False,0.0,0.0,243505,0,0,-1,1,0,3,0.0,0.0,0,Jakub,0.0,137,False,Loaned to Feyenoord,2025-01-22T10:15:11.772489Z,44,243505.jpg,1.0,False,Moder,0.4,False,,u,5,36,4,173459,0,177871,0,0.0,0.9,Moder,172.0,2020-10-05,,False,p243505,9,0,0,0,0,0,0,0,0,0,0,0,17,15.8,36.0,2.0,5.4,0,0.00,0.53,0.53,0.26,0,0,0,0,0,0,0,489,225,389,209,473,237,477,222,,,,,,,0.0,0.0,5.3,5.3,2.6,0.0,525,317,576,201,484,215,278,86,0.0,0.0,36,0,,5,0,Brighton,0,0,8,BHA,3,,False,0,1140,1165,1090,1140,1190,1190,131,3,Midfielders,MID,Midfielder,MID,5,,,2,5,False,[],347
True,False,0.0,0.0,491598,0,0,-1,1,0,3,0.0,0.0,0,Cameron,0.0,140,False,Loaned to ADO Den Haag,2025-02-03T10:22:59.975748Z,44,491598.jpg,0.0,False,Peupion,0.0,False,,u,5,36,0,10268,0,12436,0,0.0,0.0,Peupion,13.0,2022-08-23,,False,p491598,0,0,0,0,0,0,0,0,0,0,0,0,0,0.0,0.0,0.0,0.0,0,0.00,0.00,0.00,0.00,0,0,0,0,0,0,0,676,259,672,260,647,249,676,259,,,,,,,0.0,0.0,0.0,0.0,0.0,0.0,536,319,581,203,683,262,557,211,0.0,0.0,36,0,,5,0,Brighton,0,0,8,BHA,3,,False,0,1140,1165,1090,1140,1190,1190,131,3,Midfielders,MID,Midfielder,MID,5,,,2,5,False,[],347
True,False,0.0,0.0,441192,0,0,-1,1,0,3,0.0,0.0,0,Jeremy,0.0,141,False,Loaned to Burnley,2024-08-31T06:27:42.007071Z,49,441192.jpg,1.0,False,Sarmiento Morante,0.0,False,,u,5,36,1,354,0,2972,0,0.0,0.2,Sarmiento,,,,False,p441192,8,0,0,0,0,0,0,0,0,0,0,0,3,0.2,0.8,0.0,0.1,0,0.00,0.00,0.00,0.00,0,0,0,0,0,0,0,550,254,502,246,767,330,550,254,,,,,,,0.0,0.0,0.0,0.0,0.0,0.0,264,169,731,306,521,241,720,299,0.0,0.0,36,0,,5,0,Brighton,0,0,8,BHA,3,,False,0,1140,1165,1090,1140,1190,1190,131,3,Midfielders,MID,Midfielder,MID,5,,,2,5,False,[],347
True,False,100.0,100.0,467779,0,0,-3,3,0,3,3.0,3.0,2,Mats,3.0,149,False,,2025-03-30T02:00:08.604802Z,47,467779.jpg,2.1,False,Wieffer,0.1,False,,a,5,36,52,17416,0,22295,0,0.6,11.1,Wieffer,152.0,2024-07-06,1999-11-16,False,p467779,1003,1,5,2,22,0,0,0,6,0,0,4,243,328.8,230.4,129.0,68.5,10,0.80,1.00,1.80,18.89,0,0,0,0,0,0,0,226,100,187,129,241,138,239,122,,,,,,,0.07,0.0,0.09,0.16,1.7,1.97,333,216,126,51,274,119,541,204,0.9,0.18,36,0,,5,0,Brighton,0,0,8,BHA,3,,False,0,1140,1165,1090,1140,1190,1190,131,3,Midfielders,MID,Midfielder,MID,5,,,2,5,False,[],347
True,False,100.0,100.0,513433,0,0,-1,1,0,3,5.0,3.8,2,Brajan,3.8,595,False,,2025-01-24T00:00:10.185786Z,54,513433.jpg,2.1,False,Gruda,0.1,False,,a,5,36,45,7431,0,5258,0,0.7,8.3,Gruda,80.0,2024-08-14,2004-05-31,False,p513433,676,1,4,1,15,0,0,0,0,0,0,1,176,196.6,311.6,187.0,69.1,8,1.15,1.93,3.08,12.66,0,0,0,0,0,0,0,317,143,137,97,192,120,236,121,,,,,,,0.15,0.0,0.26,0.41,1.69,2.0,139,87,83,32,285,128,500,182,1.07,0.13,36,0,,5,0,Brighton,0,0,8,BHA,3,,False,0,1140,1165,1090,1140,1190,1190,131,3,Midfielders,MID,Midfielder,MID,5,,,2,5,False,[],347
True,False,100.0,100.0,509416,0,0,0,0,0,3,5.0,3.5,1,Yasin,3.5,600,False,,2025-02-01T22:30:08.709133Z,50,509416.jpg,2.2,False,Ayari,0.1,False,,a,5,36,74,9500,0,7123,0,0.7,14.8,Ayari,206.0,2023-01-30,2003-10-06,False,p509416,1958,2,1,7,28,0,0,0,4,0,0,3,358,363.2,507.5,247.0,111.7,22,2.51,2.62,5.13,30.15,0,0,0,0,0,0,0,200,87,73,57,138,89,129,77,3.0,,,,,,0.12,0.0,0.12,0.24,1.39,1.29,229,145,96,39,260,112,542,205,1.01,0.32,36,0,,5,0,Brighton,0,0,8,BHA,3,,False,0,1140,1165,1090,1140,1190,1190,131,3,Midfielders,MID,Midfielder,MID,5,,,2,5,False,[],347
True,False,0.0,0.0,513834,0,0,0,0,0,3,0.0,0.0,0,Andrew,0.0,601,False,Loaned to Stoke City,2024-08-20T12:19:09.002604Z,50,513834.jpg,0.0,False,Moran,0.0,False,,u,5,36,0,24,0,534,0,0.0,0.0,Moran,,,,False,p513834,0,0,0,0,0,0,0,0,0,0,0,0,0,0.0,0.0,0.0,0.0,0,0.00,0.00,0.00,0.00,0,0,0,0,0,0,0,790,340,789,340,782,338,790,340,,,,,,,0.0,0.0,0.0,0.0,0.0,0.0,230,146,753,323,789,340,776,329,0.0,0.0,36,0,,5,0,Brighton,0,0,8,BHA,3,,False,0,1140,1165,1090,1140,1190,1190,131,3,Midfielders,MID,Midfielder,MID,5,,,2,5,False,[],347
True,False,0.0,0.0,463067,0,0,-5,5,1,3,0.0,0.0,0,Georginio,0.0,618,False,Ankle injury - Expected back 01 Jun,2025-03-30T02:00:09.254489Z,50,463067.jpg,3.4,False,Rutter,0.3,False,,i,5,36,95,360345,0,341583,0,0.0,19.0,Georginio,73.0,2024-08-19,2002-04-20,False,p463067,1651,5,6,6,29,0,0,0,2,0,0,1,288,355.4,281.8,404.0,103.0,19,4.57,1.67,6.24,27.90,0,0,0,0,0,0,0,208,92,158,110,83,54,145,84,,,,,,,0.25,0.0,0.09,0.34,1.52,1.58,222,140,748,320,106,48,301,91,1.04,0.33,36,0,,5,0,Brighton,0,0,8,BHA,3,,False,0,1140,1165,1090,1140,1190,1190,131,3,Midfielders,MID,Midfielder,MID,5,,,2,5,False,[],347
True,False,100.0,100.0,219249,0,0,0,0,0,3,2.2,3.2,6,Matt,3.2,629,False,,2025-03-07T12:00:09.447793Z,55,219249.jpg,2.4,False,O'Riley,0.0,False,,a,5,36,50,20543,0,18525,0,0.6,9.1,O'Riley,58.0,2024-08-26,2000-11-21,False,p219249,929,2,3,2,20,1,0,0,1,0,0,2,209,211.4,322.5,219.0,75.3,11,2.76,2.04,4.80,14.27,0,0,0,0,0,0,0,301,139,129,90,161,102,218,113,1.0,,,,,,0.27,0.0,0.2,0.47,1.38,1.94,111,69,110,47,231,100,554,209,1.07,0.19,36,0,,5,0,Brighton,0,0,8,BHA,3,,False,0,1140,1165,1090,1140,1190,1190,131,3,Midfielders,MID,Midfielder,MID,5,,,2,5,False,[],347
True,False,100.0,100.0,514254,0,0,0,0,0,3,1.0,3.5,11,Diego,3.5,714,False,,2025-01-09T16:30:09.168224Z,55,514254.jpg,1.9,False,Gómez,0.0,False,,a,5,36,30,2664,0,1792,0,0.6,5.5,Gómez,168.0,2025-01-01,2003-03-27,False,p514254,507,1,1,0,13,0,0,0,0,0,0,2,130,124.2,143.2,69.0,33.6,4,0.82,1.16,1.98,9.28,0,0,0,0,0,0,0,371,172,257,159,313,172,348,173,,,,,,,0.15,0.0,0.21,0.36,1.65,2.31,122,75,98,40,322,146,653,265,0.71,0.0,36,0,,5,0,Brighton,0,0,8,BHA,3,,False,0,1140,1165,1090,1140,1190,1190,131,3,Midfielders,MID,Midfielder,MID,5,,,2,5,False,[],347
True,False,,,567121,0,0,0,0,0,3,0.0,0.0,0,Joe,0.0,758,False,,,45,567121.jpg,0.0,False,Knight,0.0,False,,a,5,36,0,629,0,377,0,0.0,0.0,Knight,241.0,2025-01-31,2005-09-21,False,p567121,0,0,0,0,0,0,0,0,0,0,0,0,0,0.0,0.0,0.0,0.0,0,0.00,0.00,0.00,0.00,0,0,0,0,0,0,0,753,317,750,317,733,309,753,317,,,,,,,0.0,0.0,0.0,0.0,0.0,0.0,467,296,675,271,756,318,764,321,0.0,0.0,36,0,,5,0,Brighton,0,0,8,BHA,3,,False,0,1140,1165,1090,1140,1190,1190,131,3,Midfielders,MID,Midfielder,MID,5,,,2,5,False,[],347
True,False,,,597320,0,0,0,0,0,3,0.2,0.2,0,Harry,0.2,795,False,,,45,597320.jpg,1.0,False,Howell,0.0,False,,a,5,36,1,157,0,48,0,0.0,0.2,Harry Howell,241.0,2025-04-11,2008-04-20,False,p597320,6,0,0,0,0,0,0,0,0,0,0,0,5,2.0,0.9,6.0,0.9,0,0.00,0.05,0.05,0.00,0,0,0,0,0,0,0,543,251,499,244,452,231,527,243,,,,,,,0.0,0.0,0.75,0.75,0.0,0.0,482,305,392,179,503,228,790,339,0.0,0.0,36,0,,5,0,Brighton,0,0,8,BHA,3,,False,0,1140,1165,1090,1140,1190,1190,131,3,Midfielders,MID,Midfielder,MID,5,,,2,5,False,[],347
True,False,0.0,0.0,532605,0,0,0,0,0,3,0.0,0.0,0,Andrey,0.0,150,False,Has joined Strasbourg on a season-long loan,2024-08-05T10:16:34.176364Z,45,532605.jpg,0.0,False,Nascimento dos Santos,0.0,False,,u,6,8,0,0,0,631,0,0.0,0.0,Andrey Santos,,,,False,p532605,0,0,0,0,0,0,0,0,0,0,0,0,0,0.0,0.0,0.0,0.0,0,0.00,0.00,0.00,0.00,0,0,0,0,0,0,0,737,305,733,305,717,297,737,305,,,,,,,0.0,0.0,0.0,0.0,0.0,0.0,446,281,658,259,741,306,775,328,0.0,0.0,8,0,,6,0,Chelsea,0,0,4,CHE,3,,False,0,1155,1235,1120,1170,1190,1300,4,3,Midfielders,MID,Midfielder,MID,5,,,2,5,False,[],347
True,False,0.0,0.0,518620,0,0,0,0,0,3,0.0,0.0,0,Ângelo Gabriel,0.0,151,False,Transferred to Al-Nassr,2024-09-05T10:38:18.297070Z,45,518620.jpg,0.0,False,Borges Damaceno,0.1,False,,u,6,8,0,5940,0,30655,0,0.0,0.0,Ângelo,,,,False,p518620,0,0,0,0,0,0,0,0,0,0,0,0,0,0.0,0.0,0.0,0.0,0,0.00,0.00,0.00,0.00,0,0,0,0,0,0,0,729,298,725,298,707,289,729,298,,,,,,,0.0,0.0,0.0,0.0,0.0,0.0,435,273,648,251,733,299,462,167,0.0,0.0,8,0,,6,0,Chelsea,0,0,4,CHE,3,,False,0,1155,1235,1120,1170,1190,1300,4,3,Midfielders,MID,Midfielder,MID,5,,,2,5,False,[],347
True,False,,,486672,0,0,-1,1,0,3,3.0,2.7,2,Moisés,3.2,157,False,,,49,486672.jpg,2.6,False,Caicedo Corozo,1.0,False,,a,6,8,98,294654,0,289677,0,0.7,20.0,Caicedo,62.0,2023-08-14,2001-11-02,False,p486672,3351,1,4,12,42,0,0,0,11,0,0,4,650,627.6,568.8,95.0,129.2,38,0.81,2.82,3.63,45.42,0,0,0,0,0,0,0,83,29,62,51,280,155,99,64,,,,,,,0.02,0.0,0.08,0.1,1.22,1.13,270,173,107,44,195,82,209,65,1.02,0.32,8,0,,6,0,Chelsea,0,0,4,CHE,3,,False,0,1155,1235,1120,1170,1190,1300,4,3,Midfielders,MID,Midfielder,MID,5,,,2,5,False,[],347
True,False,0.0,0.0,505187,0,0,-1,1,0,3,0.0,0.0,0,Cesare,0.0,158,False,Loaned to Torino,2025-02-03T10:23:25.268868Z,44,505187.jpg,0.0,False,Casadei,0.1,False,,u,6,8,0,23729,0,31224,0,0.0,0.0,Casadei,106.0,2022-08-19,,False,p505187,0,0,0,0,0,0,0,0,0,0,0,0,0,0.0,0.0,0.0,0.0,0,0.00,0.00,0.00,0.00,0,0,0,0,0,0,0,678,261,674,262,649,251,678,261,,,,,,,0.0,0.0,0.0,0.0,0.0,0.0,541,323,584,206,685,264,465,169,0.0,0.0,8,0,,6,0,Chelsea,0,0,4,CHE,3,,False,0,1155,1235,1120,1170,1190,1300,4,3,Midfielders,MID,Midfielder,MID,5,,,2,5,False,[],347
True,False,0.0,0.0,478912,0,0,-3,3,0,3,0.0,0.0,0,Carney,0.0,161,False,Loaned to Borussia Dortmund,2025-02-04T10:49:46.028103Z,47,478912.jpg,0.0,False,Chukwuemeka,0.0,False,,u,6,8,0,4843,0,8839,0,0.0,0.0,Chukwuemeka,241.0,2022-08-04,,False,p478912,0,0,0,0,0,0,0,0,0,0,0,0,0,0.0,0.0,0.0,0.0,0,0.00,0.00,0.00,0.00,0,0,0,0,0,0,0,771,328,768,328,755,323,771,328,,,,,,,0.0,0.0,0.0,0.0,0.0,0.0,335,218,704,289,772,329,579,223,0.0,0.0,8,0,,6,0,Chelsea,0,0,4,CHE,3,,False,0,1155,1235,1120,1170,1190,1300,4,3,Midfielders,MID,Midfielder,MID,5,,,2,5,False,[],347
True,False,100.0,100.0,215413,0,0,-5,5,0,3,-0.3,-0.3,1,Kiernan,0.2,166,False,,2024-12-29T08:30:08.647462Z,55,215413.jpg,1.4,False,Dewsbury-Hall,0.1,False,,a,6,8,18,8266,0,28271,0,0.0,3.3,Dewsbury-Hall,241.0,2024-07-02,1998-09-06,False,p215413,257,0,1,0,3,0,0,0,0,0,0,1,71,57.4,47.4,21.0,12.6,2,0.22,0.22,0.44,3.88,0,0,0,0,0,0,0,435,198,367,200,401,210,428,201,,,,,,,0.08,0.0,0.08,0.16,1.36,1.05,110,68,406,189,417,195,452,160,0.7,0.0,8,0,,6,0,Chelsea,0,0,4,CHE,3,,False,0,1155,1235,1120,1170,1190,1300,4,3,Midfielders,MID,Midfielder,MID,5,,,2,5,False,[],347
True,False,100.0,100.0,448047,0,0,-3,3,2,3,4.3,3.5,3,Enzo,4.0,168,False,,2025-01-17T15:00:07.174073Z,47,448047.jpg,3.8,False,Fernández,4.1,False,,a,6,8,135,1865471,0,1635475,0,0.9,28.7,Enzo,10.0,2023-01-31,2001-01-17,False,p448047,2943,6,8,10,37,0,0,0,8,0,0,11,691,761.6,1131.6,517.0,241.3,32,6.23,6.11,12.34,38.06,0,0,0,0,0,0,0,41,10,4,4,60,39,13,9,3.0,,3.0,,4.0,,0.19,0.0,0.19,0.38,1.16,1.13,330,214,63,22,60,29,96,30,0.98,0.31,8,0,,6,0,Chelsea,0,0,4,CHE,3,,False,0,1155,1235,1120,1170,1190,1300,4,3,Midfielders,MID,Midfielder,MID,5,,,2,5,False,[],347
True,False,0.0,0.0,232787,0,0,-1,1,0,3,0.0,0.0,0,Conor,0.0,169,False,Transferred to Atletico Madrid,2024-08-22T11:20:34.236891Z,59,232787.jpg,0.0,False,Gallagher,0.1,False,,u,6,8,0,1567,0,72833,0,0.0,0.0,Gallagher,,,,False,p232787,0,0,0,0,0,0,0,0,0,0,0,0,0,0.0,0.0,0.0,0.0,0,0.00,0.00,0.00,0.00,0,0,0,0,0,0,0,799,345,799,345,798,344,799,345,,,,,,,0.0,0.0,0.0,0.0,0.0,0.0,83,54,786,338,798,345,429,149,0.0,0.0,8,0,,6,0,Chelsea,0,0,4,CHE,3,,False,0,1155,1235,1120,1170,1190,1300,4,3,Midfielders,MID,Midfielder,MID,5,,,2,5,False,[],347
True,False,0.0,0.0,549068,0,0,-2,2,0,3,0.0,0.0,0,Omari,0.0,173,False,Hamstring injury - Expected back 01 Jun,2024-09-08T23:00:06.668188Z,43,549068.jpg,0.0,False,Kellyman,0.1,False,,i,6,8,0,16024,0,14665,0,0.0,0.0,Kellyman,241.0,2024-06-29,2005-09-15,False,p549068,0,0,0,0,0,0,0,0,0,0,0,0,0,0.0,0.0,0.0,0.0,0,0.00,0.00,0.00,0.00,0,0,0,0,0,0,0,669,256,663,257,633,245,669,256,,,,,,,0.0,0.0,0.0,0.0,0.0,0.0,596,346,564,197,676,259,509,185,0.0,0.0,8,0,,6,0,Chelsea,0,0,4,CHE,3,,False,0,1155,1235,1120,1170,1190,1300,4,3,Midfielders,MID,Midfielder,MID,5,,,2,5,False,[],347
True,False,100.0,100.0,514356,0,0,0,0,0,3,1.7,1.3,1,Roméo,1.8,174,False,,2025-04-04T12:00:08.637574Z,45,514356.jpg,1.6,False,Lavia,0.4,False,,a,6,8,26,191344,0,265669,0,0.4,5.8,Lavia,21.0,2023-08-18,2004-01-06,False,p514356,792,0,1,3,11,0,0,0,4,0,0,0,125,113.2,121.7,7.0,24.4,11,0.25,0.38,0.63,14.33,0,0,0,0,0,0,0,381,179,275,168,444,226,380,189,,,,,,,0.03,0.0,0.04,0.07,1.63,1.25,431,269,208,90,370,171,280,87,1.25,0.34,8,0,,6,0,Chelsea,0,0,4,CHE,3,,False,0,1155,1235,1120,1170,1190,1300,4,3,Midfielders,MID,Midfielder,MID,5,,,2,5,False,[],347
True,False,100.0,100.0,248857,0,0,-5,5,1,3,1.7,1.7,3,Noni,2.2,177,False,,2025-02-15T16:00:09.076234Z,60,248857.jpg,3.8,False,Madueke,3.2,False,,a,6,8,120,2492829,0,2378242,0,0.4,20.0,Madueke,241.0,2023-01-20,2002-03-10,False,p248857,2028,7,5,6,28,0,0,0,3,0,0,12,425,479.2,475.1,998.0,195.3,27,9.62,2.86,12.48,29.55,0,0,0,0,0,0,0,150,56,80,62,11,6,37,29,,,,,3.0,,0.43,0.0,0.13,0.56,1.31,1.24,77,49,183,80,64,30,109,34,1.2,0.27,8,0,,6,0,Chelsea,0,0,4,CHE,3,,False,0,1155,1235,1120,1170,1190,1300,4,3,Midfielders,MID,Midfielder,MID,5,,,2,5,False,[],347
True,False,0.0,0.0,465920,0,0,-4,4,0,3,0.0,0.0,0,Mykhailo,0.0,179,False,Suspended - unknown return date,2024-12-06T15:30:07.786308Z,61,465920.jpg,1.0,False,Mudryk,0.2,False,,s,6,8,7,18933,0,44003,0,0.0,1.1,Mudryk,225.0,2023-01-15,2001-01-05,False,p465920,145,0,0,0,2,0,0,0,0,0,0,0,26,23.2,31.5,31.0,8.5,1,0.24,0.66,0.90,3.28,0,0,0,0,0,0,0,474,218,398,211,379,202,452,212,,,,,,,0.15,0.0,0.41,0.56,2.04,1.24,73,45,790,341,528,246,377,122,0.62,0.0,8,0,,6,0,Chelsea,0,0,4,CHE,3,,False,0,1155,1235,1120,1170,1190,1300,4,3,Midfielders,MID,Midfielder,MID,5,,,2,5,False,[],347
True,False,100.0,100.0,213198,0,0,-8,8,2,3,-0.5,-0.5,0,Christopher,0.0,181,False,,2025-05-01T00:30:08.054121Z,57,213198.jpg,2.2,False,Nkunku,2.0,False,,a,6,8,60,423231,0,1768345,0,0.0,10.5,Nkunku,73.0,2023-07-01,1997-11-14,False,p213198,904,3,2,2,16,0,0,0,2,0,0,5,190,230.2,204.9,339.0,77.1,9,5.11,1.01,6.12,16.25,0,0,0,0,0,0,0,280,129,207,140,99,64,210,109,,,,,2.0,,0.51,0.0,0.1,0.61,1.62,1.59,95,62,783,336,263,114,138,46,0.9,0.2,8,0,,6,0,Chelsea,0,0,4,CHE,3,,False,0,1155,1235,1120,1170,1190,1300,4,3,Midfielders,MID,Midfielder,MID,5,,,2,5,False,[],347
True,False,100.0,100.0,244851,0,0,0,0,6,3,3.7,3.7,3,Cole,4.2,182,True,,2025-03-16T23:00:06.860890Z,105,244851.jpg,5.8,False,Palmer,34.3,False,,a,6,8,214,7552330,0,7950784,0,0.4,20.4,Palmer,241.0,2023-09-01,2002-05-06,False,p244851,3193,15,10,10,41,0,0,1,7,0,0,35,952,1068.2,1259.2,1052.0,338.0,36,16.79,9.53,26.32,43.88,0,0,0,0,0,0,0,4,3,2,2,9,5,3,3,1.0,,1.0,,1.0,,0.47,0.0,0.27,0.74,1.24,1.16,3,2,57,21,4,3,5,3,1.01,0.28,8,0,,6,0,Chelsea,0,0,4,CHE,3,,False,0,1155,1235,1120,1170,1190,1300,4,3,Midfielders,MID,Midfielder,MID,5,,,2,5,False,[],347
True,False,0.0,0.0,551230,0,0,-1,1,0,3,0.0,0.0,0,Renato,0.0,184,False,Loaned to Juventus,2025-01-30T11:39:46.371988Z,44,551230.jpg,1.0,False,Palma Veiga,0.1,False,,u,6,8,7,41967,0,45887,0,0.0,1.6,Renato Veiga,173.0,2024-07-12,,False,p551230,176,0,0,1,2,0,0,0,2,0,0,0,22,30.4,9.2,19.0,5.9,1,0.16,0.15,0.31,3.17,0,0,0,0,0,0,0,464,211,468,235,405,211,474,221,,,,,,,0.08,0.0,0.08,0.16,1.62,1.02,546,328,587,209,487,218,453,161,0.51,0.51,8,0,,6,0,Chelsea,0,0,4,CHE,3,,False,0,1155,1235,1120,1170,1190,1300,4,3,Midfielders,MID,Midfielder,MID,5,,,2,5,False,[],347
True,False,100.0,100.0,209243,0,0,-3,3,0,3,0.0,0.5,3,Jadon,1.0,386,False,,2025-05-10T17:30:07.594481Z,62,209243.jpg,2.8,False,Sancho,0.9,False,,a,6,8,86,513047,0,498708,0,0.2,13.9,Sancho,241.0,2024-08-30,2000-03-25,False,p209243,1754,3,5,7,24,0,0,0,2,0,0,3,367,340.0,523.2,414.0,127.5,19,2.13,3.10,5.23,23.66,0,0,0,0,0,0,0,219,95,70,55,78,50,100,65,,,,,,,0.11,0.0,0.16,0.27,1.21,1.23,59,32,291,137,179,76,217,69,0.97,0.36,8,0,,6,0,Chelsea,0,0,4,CHE,3,,False,0,1155,1235,1120,1170,1190,1300,4,3,Midfielders,MID,Midfielder,MID,5,,,2,5,False,[],347
True,False,100.0,100.0,247632,0,0,-4,4,1,3,2.7,3.5,6,Pedro,4.0,560,False,,2024-12-09T09:30:06.764738Z,61,247632.jpg,3.0,False,Lomba Neto,1.4,False,,a,6,8,104,588496,0,571738,0,0.7,17.0,Neto,173.0,2024-08-11,2000-03-09,False,p247632,2262,4,6,8,25,0,0,0,8,0,0,9,434,492.0,762.7,545.0,180.0,24,3.48,4.47,7.95,27.98,0,0,0,0,0,0,0,147,55,27,23,54,34,53,37,4.0,,,,,,0.14,0.0,0.18,0.32,1.11,0.99,71,43,68,25,147,65,167,55,0.95,0.32,8,0,,6,0,Chelsea,0,0,4,CHE,3,,False,0,1155,1235,1120,1170,1190,1300,4,3,Midfielders,MID,Midfielder,MID,5,,,2,5,False,[],347
True,False,0.0,0.0,428399,0,0,-6,6,0,3,0.0,0.0,0,João,0.0,621,False,Loaned to Milan,2025-02-04T23:54:41.208950Z,59,428399.jpg,2.0,False,Félix Sequeira,0.4,False,,u,6,8,24,163911,0,170986,0,0.0,4.1,João Félix,173.0,2024-08-21,,False,p428399,362,1,2,1,4,0,0,0,2,0,0,0,90,88.0,95.4,141.0,32.3,3,2.30,0.45,2.75,5.96,0,0,0,0,0,0,0,406,189,305,180,230,133,353,176,,,,,,,0.57,0.0,0.11,0.68,1.48,0.99,84,55,787,339,304,137,282,88,0.75,0.25,8,0,,6,0,Chelsea,0,0,4,CHE,3,,False,0,1155,1235,1120,1170,1190,1300,4,3,Midfielders,MID,Midfielder,MID,5,,,2,5,False,[],347
True,False,,,547692,0,0,0,0,0,3,-0.5,-0.5,0,Samuel,0.0,695,False,,,45,547692.jpg,0.0,False,Rak-Sakyi,0.0,False,,a,6,8,0,694,0,502,0,0.0,0.0,Rak-Sakyi,241.0,2024-10-23,2005-03-27,False,p547692,0,0,0,0,0,0,0,0,0,0,0,0,0,0.0,0.0,0.0,0.0,0,0.00,0.00,0.00,0.00,0,0,0,0,0,0,0,744,310,740,310,724,302,744,310,,,,,,,0.0,0.0,0.0,0.0,0.0,0.0,455,288,665,264,748,311,747,312,0.0,0.0,8,0,,6,0,Chelsea,0,0,4,CHE,3,,False,0,1155,1235,1120,1170,1190,1300,4,3,Midfielders,MID,Midfielder,MID,5,,,2,5,False,[],347
True,False,,,550615,0,0,0,0,0,3,0.5,0.3,0,Tyrique,0.8,696,False,,,45,550615.jpg,2.1,False,George,0.0,False,,a,6,8,17,4403,0,2304,0,0.2,3.8,George,241.0,2024-04-15,2006-02-04,False,p550615,177,1,1,1,0,0,0,0,1,0,0,0,55,67.4,72.7,32.0,17.1,1,0.20,0.26,0.46,1.41,0,0,0,0,0,0,0,422,194,330,190,374,199,407,195,,,,,,,0.1,0.0,0.13,0.23,0.72,0.0,459,292,306,141,272,117,640,254,0.51,0.51,8,0,,6,0,Chelsea,0,0,4,CHE,3,,False,0,1155,1235,1120,1170,1190,1300,4,3,Midfielders,MID,Midfielder,MID,5,,,2,5,False,[],347
True,False,,,609640,0,0,0,0,0,3,-0.5,-0.5,0,Mathis,0.0,771,False,,,45,609640.jpg,1.0,False,Amougou,0.0,False,,a,6,8,1,412,0,240,0,0.0,0.2,Amougou,73.0,2025-02-03,2006-01-18,False,p609640,7,0,0,0,0,0,0,0,0,0,0,0,2,1.0,0.9,0.0,0.2,0,0.00,0.00,0.00,0.00,0,0,0,0,0,0,0,546,253,500,245,747,317,547,253,,,,,,,0.0,0.0,0.0,0.0,0.0,0.0,488,307,691,280,506,230,770,325,0.0,0.0,8,0,,6,0,Chelsea,0,0,4,CHE,3,,False,0,1155,1235,1120,1170,1190,1300,4,3,Midfielders,MID,Midfielder,MID,5,,,2,5,False,[],347
True,False,0.0,0.0,466117,0,0,0,0,0,3,0.0,0.0,0,Naouirou,0.0,190,False,Loaned to Rennes,2024-08-31T06:25:25.419519Z,45,466117.jpg,0.0,False,Ahamada,0.1,False,,u,7,31,0,6178,0,35185,0,0.0,0.0,Ahamada,,,,False,p466117,0,0,0,0,0,0,0,0,0,0,0,0,0,0.0,0.0,0.0,0.0,0,0.00,0.00,0.00,0.00,0,0,0,0,0,0,0,710,282,707,282,687,273,710,282,,,,,,,0.0,0.0,0.0,0.0,0.0,0.0,403,250,624,232,715,283,491,177,0.0,0.0,31,0,,7,0,Crystal Palace,0,0,12,CRY,3,,False,0,1150,1155,1140,1140,1160,1170,6,3,Midfielders,MID,Midfielder,MID,5,,,2,5,False,[],347
True,False,0.0,0.0,438464,0,0,-2,2,0,3,0.0,0.0,0,Cheick,0.0,193,False,Knee injury - Expected back 01 Jun,2025-01-24T16:00:08.864027Z,48,438464.jpg,1.5,False,Doucouré,0.0,False,,i,7,31,19,12980,0,20016,0,0.0,4.0,C.Doucouré,132.0,2022-07-11,2000-01-08,False,p438464,443,0,1,1,6,0,0,0,1,0,0,0,71,58.6,25.7,23.0,10.8,4,0.40,0.11,0.51,7.53,0,0,0,0,0,0,0,432,196,418,218,395,206,439,208,,,,,,,0.08,0.0,0.02,0.1,1.53,1.22,311,201,720,299,386,179,571,219,0.81,0.2,31,0,,7,0,Crystal Palace,0,0,12,CRY,3,,False,0,1150,1155,1140,1140,1160,1170,6,3,Midfielders,MID,Midfielder,MID,5,,,2,5,False,[],347
True,False,0.0,0.0,450535,0,0,0,0,0,3,0.0,0.0,0,Malcolm,0.0,197,False,Season long loan to Oxford United,2024-08-06T17:23:26.723638Z,45,450535.jpg,0.0,False,Ebiowei,0.0,False,,u,7,31,0,0,0,481,0,0.0,0.0,Ebiowei,241.0,2022-07-01,2003-09-04,False,p450535,0,0,0,0,0,0,0,0,0,0,0,0,0,0.0,0.0,0.0,0.0,0,0.00,0.00,0.00,0.00,0,0,0,0,0,0,0,702,275,698,275,679,266,702,275,,,,,,,0.0,0.0,0.0,0.0,0.0,0.0,393,242,615,225,707,276,780,331,0.0,0.0,31,0,,7,0,Crystal Palace,0,0,12,CRY,3,,False,0,1150,1155,1140,1140,1160,1170,6,3,Midfielders,MID,Midfielder,MID,5,,,2,5,False,[],347
True,False,100.0,100.0,232413,0,0,0,0,2,3,9.7,7.8,3,Eberechi,8.8,199,False,,2025-01-31T15:00:08.813444Z,70,232413.jpg,4.4,False,Eze,14.6,False,,a,7,31,148,3030839,0,4722130,0,1.3,21.1,Eze,241.0,2020-08-28,1998-06-29,False,p232413,2588,8,8,10,34,0,0,1,1,0,0,15,605,685.0,849.2,691.0,222.4,31,10.39,4.67,15.06,35.03,0,0,0,0,0,0,0,62,18,15,13,38,23,16,11,1.0,,1.0,,2.0,,0.36,0.0,0.16,0.52,1.22,1.18,27,15,6,2,28,15,27,8,1.08,0.35,31,0,,7,0,Crystal Palace,0,0,12,CRY,3,,False,0,1150,1155,1140,1140,1160,1170,6,3,Midfielders,MID,Midfielder,MID,5,,,2,5,False,[],347
True,False,100.0,100.0,108413,0,0,-1,1,0,3,0.7,1.0,3,Will,2.0,203,False,,2025-02-26T00:00:08.028332Z,49,108413.jpg,2.0,False,Hughes,0.0,False,,a,7,31,67,14203,0,16110,0,0.4,13.7,Hughes,241.0,2021-08-28,1995-04-17,False,p108413,2100,0,4,10,31,0,0,0,11,0,0,3,278,335.2,462.6,90.0,87.5,24,1.09,2.64,3.73,31.64,0,0,0,0,0,0,0,224,98,83,65,286,159,177,96,2.0,,,,,,0.05,0.0,0.11,0.16,1.36,1.33,239,151,194,83,299,133,569,217,1.03,0.43,31,0,,7,0,Crystal Palace,0,0,12,CRY,3,,False,0,1150,1155,1140,1140,1160,1170,6,3,Midfielders,MID,Midfielder,MID,5,,,2,5,False,[],347
True,False,100.0,100.0,209400,0,0,-4,4,0,3,0.0,0.2,2,Daichi,1.2,205,False,,2024-11-09T20:00:07.600072Z,51,209400.jpg,1.3,False,Kamada,0.1,False,,a,7,31,45,16667,0,62189,0,0.2,8.8,Kamada,108.0,2024-07-01,1996-08-05,False,p209400,1545,0,0,3,27,0,0,0,4,1,0,0,246,219.2,314.1,145.0,68.2,15,1.12,1.55,2.67,25.74,0,0,0,0,0,0,0,291,132,135,95,228,131,240,123,5.0,,,,,,0.07,0.0,0.09,0.16,1.5,1.57,186,111,258,123,426,201,459,166,0.87,0.17,31,0,,7,0,Crystal Palace,0,0,12,CRY,3,,False,0,1150,1155,1140,1140,1160,1170,6,3,Midfielders,MID,Midfielder,MID,5,,,2,5,False,[],347
True,False,100.0,100.0,152551,0,0,-2,2,0,3,0.7,0.8,2,Jefferson,1.8,206,False,,2025-01-16T09:30:08.072744Z,48,152551.jpg,1.8,False,Lerma Solís,0.1,False,,a,7,31,58,14286,0,16376,0,0.4,12.1,Lerma,48.0,2023-07-01,1994-10-25,False,p152551,2270,0,1,6,36,0,0,0,9,0,0,2,326,401.4,190.2,197.0,78.7,26,1.07,1.75,2.82,33.55,0,0,0,0,0,0,0,179,74,216,145,181,114,205,106,,,,,,,0.04,0.0,0.07,0.11,1.33,1.43,286,185,215,95,334,153,531,200,1.03,0.24,31,0,,7,0,Crystal Palace,0,0,12,CRY,3,,False,0,1150,1155,1140,1140,1160,1170,6,3,Midfielders,MID,Midfielder,MID,5,,,2,5,False,[],347
True,False,100.0,100.0,536694,0,0,-1,1,0,3,-0.7,-0.5,1,Matheus,0.5,208,False,,2024-09-27T15:30:06.533416Z,44,536694.jpg,2.2,False,França de Oliveira,0.2,False,,a,7,31,9,125961,0,120611,0,0.1,2.0,M.França,30.0,2023-08-05,2004-04-01,False,p536694,52,1,0,0,0,0,0,0,0,0,0,0,34,48.4,1.2,66.0,11.5,0,0.28,0.18,0.46,0.40,0,0,0,0,0,0,0,440,200,496,241,315,173,432,202,,,,,,,0.48,0.0,0.31,0.79,0.69,0.0,543,325,343,159,252,107,347,110,0.0,0.0,31,0,,7,0,Crystal Palace,0,0,12,CRY,3,,False,0,1150,1155,1140,1140,1160,1170,6,3,Midfielders,MID,Midfielder,MID,5,,,2,5,False,[],347
True,False,0.0,0.0,531989,0,0,0,0,0,3,0.0,0.0,0,David,0.0,212,False,Season long loan to Derby County,2024-07-26T08:51:53.649693Z,45,531989.jpg,0.0,False,Ozoh,0.0,False,,u,7,31,0,0,0,313,0,0.0,0.0,Ozoh,,,,False,p531989,0,0,0,0,0,0,0,0,0,0,0,0,0,0.0,0.0,0.0,0.0,0,0.00,0.00,0.00,0.00,0,0,0,0,0,0,0,735,303,731,303,715,295,735,303,,,,,,,0.0,0.0,0.0,0.0,0.0,0.0,444,279,656,257,739,304,794,342,0.0,0.0,31,0,,7,0,Crystal Palace,0,0,12,CRY,3,,False,0,1150,1155,1140,1140,1160,1170,6,3,Midfielders,MID,Midfielder,MID,5,,,2,5,False,[],347
True,False,0.0,0.0,450542,0,0,0,0,0,3,0.0,0.0,0,Jesurun,0.0,213,False,Loaned to Sheffield United,2024-08-20T12:16:48.741122Z,45,450542.jpg,0.0,False,Rak-Sakyi,0.0,False,,u,7,31,0,755,0,19767,0,0.0,0.0,Rak-Sakyi,,,,False,p450542,0,0,0,0,0,0,0,0,0,0,0,0,0,0.0,0.0,0.0,0.0,0,0.00,0.00,0.00,0.00,0,0,0,0,0,0,0,704,277,700,277,681,268,704,277,,,,,,,0.0,0.0,0.0,0.0,0.0,0.0,395,244,617,227,709,278,633,250,0.0,0.0,31,0,,7,0,Crystal Palace,0,0,12,CRY,3,,False,0,1150,1155,1140,1140,1160,1170,6,3,Midfielders,MID,Midfielder,MID,5,,,2,5,False,[],347
True,False,0.0,0.0,86417,0,0,-4,4,0,3,0.0,0.0,0,Jeffrey,0.0,214,False,Loaned to Celtic,2025-02-04T10:49:14.192450Z,46,86417.jpg,1.0,False,Schlupp,0.0,False,,u,7,31,12,10674,0,18423,0,0.0,2.6,Schlupp,81.0,2017-01-13,,False,p86417,95,0,0,0,3,0,0,0,0,0,0,0,43,22.8,42.9,46.0,11.0,0,0.17,0.14,0.31,1.53,0,0,0,0,0,0,0,476,219,374,203,350,187,436,206,,,,,,,0.16,0.0,0.13,0.29,1.45,2.84,349,227,696,284,511,233,562,212,0.0,0.0,31,0,,7,0,Crystal Palace,0,0,12,CRY,3,,False,0,1150,1155,1140,1140,1160,1170,6,3,Midfielders,MID,Midfielder,MID,5,,,2,5,False,[],347
True,False,0.0,0.0,496221,0,0,-3,3,0,3,0.0,0.0,0,Adam,0.8,216,False,Concussion - Expected back 01 Jun,2025-05-19T15:30:05.987980Z,47,496221.jpg,2.1,False,Wharton,0.1,False,,i,7,31,42,23205,0,58123,0,0.2,8.9,Wharton,241.0,2024-02-01,2004-02-06,False,p496221,1314,0,2,4,21,0,0,0,2,0,0,0,244,261.2,381.4,69.0,71.2,16,0.38,2.17,2.55,19.34,0,0,0,0,0,0,0,264,120,106,77,312,171,230,116,4.0,,,,,,0.03,0.0,0.15,0.18,1.32,1.44,339,220,309,143,275,120,412,144,1.1,0.27,31,0,,7,0,Crystal Palace,0,0,12,CRY,3,,False,0,1150,1155,1140,1140,1160,1170,6,3,Midfielders,MID,Midfielder,MID,5,,,2,5,False,[],347
True,False,100.0,100.0,232185,0,0,-5,5,4,3,3.3,4.5,9,Ismaïla,5.5,585,False,,2025-01-17T15:00:07.869411Z,55,232185.jpg,3.9,False,Sarr,5.3,False,,a,7,31,149,2403131,0,1870962,0,1.0,27.1,I.Sarr,189.0,2024-08-01,1998-02-25,False,p232185,2708,8,7,10,39,0,0,0,4,0,0,14,542,675.0,618.0,866.0,215.9,30,10.82,6.82,17.64,38.63,0,0,0,0,0,0,0,66,21,53,44,20,11,18,13,,,,,,,0.36,0.0,0.23,0.59,1.28,1.3,112,70,34,10,55,26,70,20,1.0,0.33,31,0,,7,0,Crystal Palace,0,0,12,CRY,3,,False,0,1150,1155,1140,1140,1160,1170,6,3,Midfielders,MID,Midfielder,MID,5,,,2,5,False,[],347
True,False,100.0,100.0,574398,0,0,-1,1,0,3,-1.0,-1.0,0,Franco,0.0,644,False,,2024-11-13T09:30:08.263810Z,44,574398.jpg,0.0,False,Umeh-Chibueze,0.0,False,,a,7,31,0,8400,0,6492,0,0.0,0.0,Umeh-Chibueze,104.0,2024-02-18,2005-01-26,False,p574398,0,0,0,0,0,0,0,0,0,0,0,0,0,0.0,0.0,0.0,0.0,0,0.00,0.00,0.00,0.00,0,0,0,0,0,0,0,683,266,678,266,654,256,683,266,,,,,,,0.0,0.0,0.0,0.0,0.0,0.0,550,332,590,212,688,267,605,236,0.0,0.0,31,0,,7,0,Crystal Palace,0,0,12,CRY,3,,False,0,1150,1155,1140,1140,1160,1170,6,3,Midfielders,MID,Midfielder,MID,5,,,2,5,False,[],347
True,False,,,489706,0,0,0,0,0,3,0.7,0.5,1,Justin,1.5,645,False,,,45,489706.jpg,1.5,False,Devenny,0.1,False,,a,7,31,34,41584,0,34933,0,0.3,7.6,Devenny,242.0,2024-03-13,2003-10-11,False,p489706,494,1,1,0,8,0,0,0,1,0,0,1,129,138.8,101.8,90.0,33.2,4,0.77,0.41,1.18,9.30,0,0,0,0,0,0,0,361,166,296,176,285,158,351,174,3.0,,2.0,,,,0.14,0.0,0.07,0.21,1.69,1.46,411,253,233,109,383,178,488,176,0.73,0.0,31,0,,7,0,Crystal Palace,0,0,12,CRY,3,,False,0,1150,1155,1140,1140,1160,1170,6,3,Midfielders,MID,Midfielder,MID,5,,,2,5,False,[],347
True,False,0.0,0.0,579075,0,0,0,0,0,3,0.0,0.0,0,Asher,0.0,646,False,Loaned to Gillingham,2025-01-22T10:13:54.779905Z,45,579075.jpg,1.0,False,Agbinone,0.0,False,,u,7,31,2,9074,0,8035,0,0.0,0.4,Agbinone,241.0,2024-07-30,,False,p579075,4,0,0,0,0,0,0,0,0,0,0,0,4,4.0,10.6,1.0,1.5,0,0.02,0.01,0.03,0.00,0,0,0,0,0,0,0,523,240,459,234,478,242,520,240,,,,,,,0.45,0.0,0.22,0.67,0.0,0.0,473,299,681,274,501,227,638,253,0.0,0.0,31,0,,7,0,Crystal Palace,0,0,12,CRY,3,,False,0,1150,1155,1140,1140,1160,1170,6,3,Midfielders,MID,Midfielder,MID,5,,,2,5,False,[],347
True,False,,,530318,0,0,0,0,0,3,-1.0,-1.0,0,Kaden,0.0,647,False,,,45,530318.jpg,0.0,False,Rodney,0.0,False,,a,7,31,0,4797,0,4004,0,0.0,0.0,Rodney,241.0,2022-07-08,2004-10-07,False,p530318,0,0,0,0,0,0,0,0,0,0,0,0,0,0.0,0.0,0.0,0.0,0,0.00,0.00,0.00,0.00,0,0,0,0,0,0,0,733,302,729,302,712,294,733,302,,,,,,,0.0,0.0,0.0,0.0,0.0,0.0,441,278,653,256,737,303,645,257,0.0,0.0,31,0,,7,0,Crystal Palace,0,0,12,CRY,3,,False,0,1150,1155,1140,1140,1160,1170,6,3,Midfielders,MID,Midfielder,MID,5,,,2,5,False,[],347
True,False,100.0,100.0,606921,0,0,-3,3,0,3,2.3,1.8,1,Romain,2.8,730,False,,2025-04-11T14:00:07.170172Z,47,606921.jpg,3.1,False,Esse,0.1,False,,a,7,31,22,22951,0,18038,0,0.6,4.7,Esse,241.0,2025-01-18,2005-05-13,False,p606921,138,1,2,0,3,0,0,0,0,0,0,3,72,74.8,38.4,51.0,16.4,1,0.32,0.39,0.71,2.15,0,0,0,0,0,0,0,418,193,386,207,338,181,414,198,,,,,,,0.21,0.0,0.25,0.46,1.4,1.96,345,224,141,58,135,59,530,199,0.65,0.0,31,0,,7,0,Crystal Palace,0,0,12,CRY,3,,False,0,1150,1155,1140,1140,1160,1170,6,3,Midfielders,MID,Midfielder,MID,5,,,2,5,False,[],347
True,False,100.0,100.0,121599,0,0,-4,4,0,3,2.0,1.7,1,Abdoulaye,2.2,217,False,,2025-02-12T22:30:09.537351Z,51,121599.jpg,2.8,False,Doucouré,0.5,False,,a,8,11,94,164611,0,165308,0,0.4,18.4,A.Doucoure,132.0,2020-09-08,1993-01-01,False,p121599,2563,3,2,11,33,0,0,0,3,1,0,5,333,352.6,379.4,348.0,107.6,31,4.15,1.41,5.56,34.38,0,0,0,0,0,0,0,210,93,107,78,97,63,138,80,,,,,,,0.15,0.0,0.05,0.2,1.21,1.16,180,107,180,78,174,73,266,82,1.09,0.39,11,0,,8,0,Everton,0,0,13,EVE,3,,False,0,1120,1145,1160,1160,1080,1130,7,3,Midfielders,MID,Midfielder,MID,5,,,2,5,False,[],347
True,False,100.0,100.0,80801,0,0,-2,2,0,3,1.7,1.7,2,Idrissa,2.2,222,False,,2024-09-19T14:30:05.586621Z,48,80801.jpg,2.4,False,Gueye,0.2,False,,a,8,11,89,115257,0,106249,0,0.5,18.5,Gana,189.0,2022-09-01,1989-09-26,False,p80801,3063,0,3,12,39,0,0,0,9,0,0,5,505,522.0,327.2,117.0,96.6,35,1.15,1.99,3.14,39.88,0,0,0,0,0,0,0,131,51,127,89,256,145,155,90,,,,,,,0.03,0.0,0.06,0.09,1.17,1.15,281,181,172,72,222,92,384,127,1.03,0.35,11,0,,8,0,Everton,0,0,13,EVE,3,,False,0,1120,1145,1160,1160,1080,1130,7,3,Midfielders,MID,Midfielder,MID,5,,,2,5,False,[],347
True,False,100.0,100.0,232928,0,0,-1,1,0,3,1.5,1.5,2,James,2.0,223,False,,2024-10-17T14:00:07.870350Z,49,232928.jpg,2.0,False,Garner,0.0,False,,a,8,11,42,3724,0,4907,0,0.4,8.6,Garner,241.0,2022-09-01,2001-03-13,False,p232928,1590,0,1,5,19,0,0,0,5,0,0,0,244,264.8,248.2,93.0,60.4,17,0.67,1.37,2.04,19.71,0,0,0,0,0,0,0,262,119,177,121,282,157,266,138,,,2.0,,,,0.04,0.0,0.08,0.12,1.12,1.08,260,166,195,84,301,134,657,269,0.96,0.28,11,0,,8,0,Everton,0,0,13,EVE,3,,False,0,1120,1145,1160,1160,1080,1130,7,3,Midfielders,MID,Midfielder,MID,5,,,2,5,False,[],347
True,False,100.0,100.0,221399,0,0,-3,3,0,3,1.0,1.3,3,Jack,1.8,224,False,,2024-09-19T14:30:05.601507Z,52,221399.jpg,2.4,False,Harrison,0.2,False,,a,8,11,81,44264,0,49932,0,0.3,15.6,Harrison,241.0,2023-08-14,1996-11-20,False,p221399,2068,1,3,7,27,0,0,0,0,0,0,4,291,277.0,527.7,288.0,108.6,24,3.54,3.12,6.66,31.23,0,0,0,0,0,0,0,254,116,69,54,119,79,134,78,,,,,,,0.15,0.0,0.14,0.29,1.36,1.18,169,102,219,98,227,97,401,138,1.04,0.3,11,0,,8,0,Everton,0,0,13,EVE,3,,False,0,1120,1145,1160,1160,1080,1130,7,3,Midfielders,MID,Midfielder,MID,5,,,2,5,False,[],347
True,False,0.0,0.0,490094,0,0,-2,2,0,3,0.0,0.0,0,Tim,0.5,226,False,Groin Injury - Expected back 01 Jun,2025-05-25T13:00:08.397954Z,43,490094.jpg,1.2,False,Iroegbunam,0.6,False,,i,8,11,22,278892,0,252681,0,0.1,5.1,Iroegbunam,241.0,2024-06-22,2003-06-30,False,p490094,562,0,1,0,16,0,0,0,4,0,0,0,82,122.2,40.9,32.0,19.6,5,0.23,0.14,0.37,12.25,0,0,0,0,0,0,0,372,173,379,205,373,198,398,192,,,,,,,0.04,0.0,0.02,0.06,1.96,2.56,588,341,339,158,434,204,249,79,0.8,0.0,11,0,,8,0,Everton,0,0,13,EVE,3,,False,0,1120,1145,1160,1160,1080,1130,7,3,Midfielders,MID,Midfielder,MID,5,,,2,5,False,[],347
True,False,100.0,100.0,433154,0,0,-4,4,3,3,4.7,4.7,1,Dwight,5.2,230,False,,2024-12-14T22:30:07.956313Z,51,433154.jpg,4.4,False,McNeil,1.4,False,,a,8,11,93,1765302,0,1751563,0,1.0,18.2,McNeil,241.0,2022-07-28,1999-11-22,False,p433154,1366,4,8,5,24,0,0,0,1,0,0,9,401,392.0,631.8,207.0,123.3,15,1.05,4.49,5.53,21.12,0,0,0,0,0,0,0,187,79,50,41,168,108,107,67,1.0,,,,,,0.07,0.0,0.3,0.37,1.39,1.58,187,112,37,12,26,13,172,56,0.99,0.33,11,0,,8,0,Everton,0,0,13,EVE,3,,False,0,1120,1145,1160,1160,1080,1130,7,3,Midfielders,MID,Midfielder,MID,5,,,2,5,False,[],347
True,False,100.0,100.0,502697,0,0,-3,3,1,3,2.3,4.5,10,Carlos,5.0,450,False,,2025-02-28T11:07:29.233196Z,47,502697.jpg,2.8,False,Alcaraz Durán,0.1,False,,a,8,11,44,19296,0,23986,0,1.1,9.4,Alcaraz,10.0,2025-02-03,2002-11-30,False,p502697,766,2,3,1,9,0,0,0,4,0,0,5,191,219.4,205.7,227.0,65.4,7,1.78,0.68,2.46,11.33,0,0,0,0,0,0,0,290,131,206,139,155,99,248,127,,,,,,,0.21,0.0,0.08,0.29,1.33,1.06,341,221,41,14,170,71,515,191,0.82,0.12,11,0,,8,0,Everton,0,0,13,EVE,3,,False,0,1120,1145,1160,1160,1080,1130,7,3,Midfielders,MID,Midfielder,MID,5,,,2,5,False,[],347
True,False,0.0,0.0,463903,0,0,-5,5,0,3,0.0,0.0,0,Jesper,0.0,577,False,Groin Injury - Expected back 01 Jun,2025-04-04T12:00:09.306283Z,50,463903.jpg,1.8,False,Lindstrøm,0.1,False,,i,8,11,44,12791,0,22934,0,0.0,8.8,Lindstrøm,58.0,2024-07-26,2000-02-29,False,p463903,1229,0,1,6,14,0,0,0,2,0,0,0,167,214.2,309.6,237.0,76.0,15,2.15,1.96,4.11,13.37,0,0,0,0,0,0,0,297,137,140,99,148,95,215,111,2.0,,1.0,,,,0.16,0.0,0.14,0.3,0.98,1.03,223,141,749,321,338,156,529,198,1.1,0.44,11,0,,8,0,Everton,0,0,13,EVE,3,,False,0,1120,1145,1160,1160,1080,1130,7,3,Midfielders,MID,Midfielder,MID,5,,,2,5,False,[],347
True,False,0.0,0.0,609873,0,0,-1,1,0,3,0.0,0.0,0,Harrison,0.0,603,False,Loaned to Derby County,2025-02-04T10:31:41.928684Z,44,609873.jpg,0.7,False,Armstrong,0.1,False,,u,8,11,2,35572,0,40178,0,0.0,0.5,Armstrong,241.0,2024-08-09,,False,p609873,47,0,0,0,1,0,0,0,1,0,0,0,1,1.8,10.9,9.0,2.2,0,0.37,0.00,0.37,0.45,0,0,0,0,0,0,0,544,252,456,233,436,222,503,235,,,,,,,0.71,0.0,0.0,0.71,0.86,1.91,555,336,594,215,546,254,427,147,0.0,0.0,11,0,,8,0,Everton,0,0,13,EVE,3,,False,0,1120,1145,1160,1160,1080,1130,7,3,Midfielders,MID,Midfielder,MID,5,,,2,5,False,[],347
True,False,0.0,0.0,491557,0,0,0,0,0,3,0.0,0.0,0,Jenson,0.0,614,False,Season long loan to Chesterfield,2024-09-01T09:13:11.888586Z,45,491557.jpg,0.0,False,Metcalfe,0.0,False,,u,8,11,0,777,0,1082,0,0.0,0.0,Metcalfe,,,,False,p491557,0,0,0,0,0,0,0,0,0,0,0,0,0,0.0,0.0,0.0,0.0,0,0.00,0.00,0.00,0.00,0,0,0,0,0,0,0,716,286,713,286,694,277,716,286,,,,,,,0.0,0.0,0.0,0.0,0.0,0.0,416,256,633,237,721,287,761,319,0.0,0.0,11,0,,8,0,Everton,0,0,13,EVE,3,,False,0,1120,1145,1160,1160,1080,1130,7,3,Midfielders,MID,Midfielder,MID,5,,,2,5,False,[],347
True,False,0.0,0.0,179519,0,0,0,0,0,3,0.0,0.0,0,Orel,0.0,651,False,Knee injury - Expected back 01 Jun,2025-01-25T21:00:10.987581Z,50,179519.jpg,2.1,False,Mangala,0.0,False,,i,8,11,39,5164,0,5312,0,0.0,7.8,Mangala,21.0,2024-08-30,1998-03-18,False,p179519,1257,1,0,5,10,0,0,0,2,0,0,0,175,172.8,133.5,106.0,41.4,14,1.13,0.59,1.72,16.64,0,0,0,0,0,0,0,335,153,263,162,267,152,316,161,,,,,,,0.08,0.0,0.04,0.12,1.19,0.72,202,123,739,313,280,123,687,279,1.0,0.36,11,0,,8,0,Everton,0,0,13,EVE,3,,False,0,1120,1145,1160,1160,1080,1130,7,3,Midfielders,MID,Midfielder,MID,5,,,2,5,False,[],347
True,False,,,547801,0,0,0,0,0,3,-0.5,-0.5,0,Callum,0.0,678,False,,,45,547801.jpg,0.0,False,Bates,0.0,False,,a,8,11,0,2756,0,2261,0,0.0,0.0,Bates,241.0,2024-11-08,2005-09-28,False,p547801,0,0,0,0,0,0,0,0,0,0,0,0,0,0.0,0.0,0.0,0.0,0,0.00,0.00,0.00,0.00,0,0,0,0,0,0,0,745,311,741,311,725,303,745,311,,,,,,,0.0,0.0,0.0,0.0,0.0,0.0,456,289,666,265,749,312,715,296,0.0,0.0,11,0,,8,0,Everton,0,0,13,EVE,3,,False,0,1120,1145,1160,1160,1080,1130,7,3,Midfielders,MID,Midfielder,MID,5,,,2,5,False,[],347
True,False,,,496279,0,0,0,0,0,3,-0.5,-0.5,0,Isaac,0.0,773,False,,,45,496279.jpg,0.0,False,Heath,0.0,False,,a,8,11,0,281,0,189,0,0.0,0.0,Heath,241.0,2025-02-07,2004-10-28,False,p496279,0,0,0,0,0,0,0,0,0,0,0,0,0,0.0,0.0,0.0,0.0,0,0.00,0.00,0.00,0.00,0,0,0,0,0,0,0,720,290,717,290,698,281,720,290,,,,,,,0.0,0.0,0.0,0.0,0.0,0.0,420,260,637,241,725,291,787,336,0.0,0.0,11,0,,8,0,Everton,0,0,13,EVE,3,,False,0,1120,1145,1160,1160,1080,1130,7,3,Midfielders,MID,Midfielder,MID,5,,,2,5,False,[],347
True,False,,,504296,0,0,0,0,0,3,-0.5,-0.5,0,Coby,0.0,775,False,,,45,504296.jpg,0.0,False,Ebere,0.0,False,,a,8,11,0,287,0,194,0,0.0,0.0,Coby Ebere,80.0,2025-02-14,2005-09-17,False,p504296,0,0,0,0,0,0,0,0,0,0,0,0,0,0.0,0.0,0.0,0.0,0,0.00,0.00,0.00,0.00,0,0,0,0,0,0,0,725,294,721,294,703,285,725,294,,,,,,,0.0,0.0,0.0,0.0,0.0,0.0,427,266,642,245,729,295,784,333,0.0,0.0,11,0,,8,0,Everton,0,0,13,EVE,3,,False,0,1120,1145,1160,1160,1080,1130,7,3,Midfielders,MID,Midfielder,MID,5,,,2,5,False,[],347
True,False,0.0,0.0,200641,0,0,0,0,0,3,0.0,0.0,0,Reiss,0.0,10,False,Hamstring injury - Expected back 01 Jun,2024-12-05T00:30:07.571778Z,50,200641.jpg,2.2,False,Nelson,0.0,False,,i,9,54,27,16146,0,18679,0,0.0,5.4,Nelson,241.0,2024-08-30,1999-12-10,False,p200641,483,1,1,1,9,0,0,0,1,0,0,2,143,131.6,223.9,195.0,55.1,5,1.07,0.96,2.03,6.13,0,0,0,0,0,0,0,366,170,189,130,184,116,277,144,4.0,,,,,,0.2,0.0,0.18,0.38,1.14,1.68,203,124,740,314,258,110,555,210,0.93,0.19,54,0,,9,0,Fulham,0,0,11,FUL,3,,False,0,1155,1155,1150,1150,1160,1160,34,3,Midfielders,MID,Midfielder,MID,5,,,2,5,False,[],347
True,False,100.0,100.0,209289,0,0,-5,5,1,3,3.3,1.5,1,Emile,2.0,19,False,,2025-04-21T04:30:07.475951Z,50,209289.jpg,3.4,False,Smith Rowe,7.3,False,,a,9,54,114,3645005,0,4579201,0,0.4,22.8,Smith Rowe,241.0,2024-08-02,2000-07-28,False,p209289,2036,6,3,7,28,0,0,0,3,0,0,15,449,433.8,422.3,386.0,124.4,25,4.45,2.04,6.49,25.35,0,0,0,0,0,0,0,164,66,94,73,88,58,104,66,,,,,,,0.2,0.0,0.09,0.29,1.12,1.24,205,126,196,85,105,47,52,17,1.11,0.31,54,0,,9,0,Fulham,0,0,11,FUL,3,,False,0,1155,1155,1150,1150,1160,1160,34,3,Midfielders,MID,Midfielder,MID,5,,,2,5,False,[],347
True,False,100.0,100.0,159533,0,0,-5,5,0,3,3.3,2.5,2,Adama,3.0,239,False,,2025-03-03T01:00:07.621217Z,45,159533.jpg,2.6,False,Traoré,1.4,False,,a,9,54,95,845435,0,780837,0,0.7,21.1,Adama,200.0,2023-08-12,1996-01-25,False,p159533,1756,2,8,3,28,0,0,0,3,0,0,8,384,385.4,632.1,426.0,144.6,18,4.11,4.61,8.72,25.17,0,0,0,0,0,0,0,191,82,49,40,77,49,82,55,,,,,,,0.21,0.0,0.24,0.45,1.29,1.44,369,233,122,50,190,78,166,54,0.92,0.15,54,0,,9,0,Fulham,0,0,11,FUL,3,,False,0,1155,1155,1150,1150,1160,1160,34,3,Midfielders,MID,Midfielder,MID,5,,,2,5,False,[],347
True,False,100.0,100.0,156689,0,0,-6,6,0,3,0.3,0.5,2,Andreas,1.0,240,False,,2024-12-14T22:00:08.101494Z,49,156689.jpg,2.5,False,Hoelgebaum Pereira,0.8,False,,a,9,54,81,155487,0,444489,0,0.2,16.5,Andreas,30.0,2022-07-11,1996-01-01,False,p156689,2004,2,6,5,32,0,0,1,8,0,0,2,355,326.6,868.3,300.0,149.0,25,4.24,4.63,8.87,27.35,0,0,0,0,0,0,0,227,101,13,12,114,76,78,52,1.0,,1.0,,1.0,,0.19,0.0,0.21,0.4,1.23,1.44,243,153,281,132,211,88,223,71,1.12,0.22,54,0,,9,0,Fulham,0,0,11,FUL,3,,False,0,1155,1155,1150,1150,1160,1160,34,3,Midfielders,MID,Midfielder,MID,5,,,2,5,False,[],347
True,False,100.0,100.0,76357,0,0,-2,2,0,3,1.5,1.7,2,Tom,2.2,243,False,,2025-02-22T21:00:09.945910Z,48,76357.jpg,1.3,False,Cairney,0.0,False,,a,9,54,33,4648,0,6915,0,0.5,6.9,Cairney,243.0,2015-07-07,1991-01-20,False,p76357,610,2,0,1,12,0,0,0,3,1,0,0,192,163.8,213.8,94.0,47.2,3,0.73,1.14,1.87,9.59,0,0,0,0,0,0,0,338,154,197,134,281,156,300,153,,,,,,,0.11,0.0,0.17,0.28,1.41,1.77,280,180,171,71,423,198,610,240,0.44,0.15,54,0,,9,0,Fulham,0,0,11,FUL,3,,False,0,1155,1155,1150,1150,1160,1160,34,3,Midfielders,MID,Midfielder,MID,5,,,2,5,False,[],347
True,False,0.0,0.0,515024,0,0,0,0,0,3,0.0,0.0,0,Luke,0.0,246,False,Season long loan to Birmingham City,2024-08-06T17:24:03.566492Z,45,515024.jpg,0.0,False,Harris,0.0,False,,u,9,54,0,0,0,989,0,0.0,0.0,Harris,,,,False,p515024,0,0,0,0,0,0,0,0,0,0,0,0,0,0.0,0.0,0.0,0.0,0,0.00,0.00,0.00,0.00,0,0,0,0,0,0,0,727,296,723,296,705,287,727,296,,,,,,,0.0,0.0,0.0,0.0,0.0,0.0,432,270,645,248,731,297,767,323,0.0,0.0,54,0,,9,0,Fulham,0,0,11,FUL,3,,False,0,1155,1155,1150,1150,1160,1160,34,3,Midfielders,MID,Midfielder,MID,5,,,2,5,False,[],347
True,False,,,153133,0,0,-1,1,4,3,2.3,1.3,1,Alex,1.8,247,False,,,54,153133.jpg,4.1,False,Iwobi,4.9,False,,a,9,54,156,2296894,0,1860229,0,0.3,28.9,Iwobi,157.0,2023-09-01,1996-05-03,False,p153133,2981,9,6,6,45,0,0,0,1,0,0,16,704,806.8,922.4,699.0,243.0,35,4.33,6.90,11.23,38.06,0,0,0,0,0,0,0,32,6,11,10,37,22,11,8,,,,,,,0.13,0.0,0.21,0.34,1.15,1.36,125,77,221,100,38,19,77,21,1.06,0.18,54,0,,9,0,Fulham,0,0,11,FUL,3,,False,0,1155,1155,1150,1150,1160,1160,34,3,Midfielders,MID,Midfielder,MID,5,,,2,5,False,[],347
True,False,100.0,100.0,212314,0,0,-2,2,0,3,0.7,1.0,2,Saša,1.5,249,False,,2025-05-09T16:30:08.370879Z,48,212314.jpg,1.9,False,Lukić,0.0,False,,a,9,54,56,8290,0,10980,0,0.3,11.7,Lukić,190.0,2023-01-31,1996-08-13,False,p212314,2348,0,2,4,37,0,0,0,12,0,0,1,354,335.6,455.1,119.0,91.0,28,1.16,1.40,2.56,33.02,0,0,0,0,0,0,0,223,97,86,67,252,142,168,93,2.0,,,,3.0,,0.04,0.0,0.05,0.09,1.27,1.42,298,194,235,111,316,142,565,214,1.07,0.15,54,0,,9,0,Fulham,0,0,11,FUL,3,,False,0,1155,1155,1150,1150,1160,1160,34,3,Midfielders,MID,Midfielder,MID,5,,,2,5,False,[],347
True,False,0.0,0.0,153366,0,0,-3,3,0,3,0.0,0.0,0,Harrison,0.2,254,False,Calf injury - Expected back 01 Jun,2025-05-04T12:00:08.026361Z,47,153366.jpg,0.8,False,Reed,0.0,False,,i,9,54,10,3096,0,6061,0,0.0,2.1,Reed,241.0,2020-08-30,1995-01-27,False,p153366,100,0,0,0,3,0,0,0,2,0,0,0,36,18.6,20.6,33.0,7.1,0,0.23,0.09,0.32,4.62,0,0,0,0,0,0,0,485,223,427,222,371,197,463,216,,,,,,,0.21,0.0,0.08,0.29,4.16,2.7,321,208,397,183,541,253,630,248,0.0,0.0,54,0,,9,0,Fulham,0,0,11,FUL,3,,False,0,1155,1155,1150,1150,1160,1160,34,3,Midfielders,MID,Midfielder,MID,5,,,2,5,False,[],347
True,False,100.0,100.0,153682,0,0,-3,3,1,3,2.5,2.5,2,Harry,3.0,259,False,,2025-01-27T01:00:08.787656Z,52,153682.jpg,3.1,False,Wilson,0.2,False,,a,9,54,78,190092,0,195649,0,0.6,15.0,Wilson,244.0,2021-07-24,1997-03-22,False,p153682,1148,6,2,2,21,0,0,0,2,0,0,6,329,334.6,310.2,440.0,107.8,12,4.19,1.17,5.36,16.22,0,0,0,0,0,0,0,225,99,139,98,74,48,137,79,3.0,,3.0,,,,0.33,0.0,0.09,0.42,1.27,1.65,168,101,130,54,139,63,349,112,0.94,0.16,54,0,,9,0,Fulham,0,0,11,FUL,3,,False,0,1155,1155,1150,1150,1160,1160,34,3,Midfielders,MID,Midfielder,MID,5,,,2,5,False,[],347
True,False,,,577725,0,0,-1,1,0,3,0.0,0.3,1,Josh,0.8,604,False,,,44,577725.jpg,1.2,False,King,0.1,False,,a,9,54,10,16729,0,17486,0,0.2,2.3,King,241.0,2024-02-02,2007-01-03,False,p577725,126,0,0,1,0,0,0,0,0,0,0,0,30,26.2,45.7,38.0,11.2,1,0.28,0.67,0.95,0.74,0,0,0,0,0,0,0,468,215,369,201,358,190,434,204,,,,,,,0.2,0.0,0.48,0.68,0.53,0.0,551,333,304,140,436,205,479,174,0.71,0.71,54,0,,9,0,Fulham,0,0,11,FUL,3,,False,0,1155,1155,1150,1150,1160,1160,34,3,Midfielders,MID,Midfielder,MID,5,,,2,5,False,[],347
True,False,,,573062,0,0,-1,1,0,3,-0.3,-0.3,0,Martial,0.2,605,False,,,44,573062.jpg,1.0,False,Godo,0.0,False,,a,9,54,2,7523,0,7684,0,0.0,0.5,Godo,241.0,2022-08-22,2003-03-14,False,p573062,21,0,0,0,0,0,0,0,0,0,0,0,4,3.4,12.0,14.0,3.0,0,0.00,0.07,0.07,0.15,0,0,0,0,0,0,0,526,242,451,230,421,217,495,231,,,,,,,0.0,0.0,0.3,0.3,0.64,0.0,549,331,388,177,488,219,585,226,0.0,0.0,54,0,,9,0,Fulham,0,0,11,FUL,3,,False,0,1155,1155,1150,1150,1160,1160,34,3,Midfielders,MID,Midfielder,MID,5,,,2,5,False,[],347
True,False,100.0,100.0,207189,0,0,0,0,0,3,0.5,0.5,1,Sander,1.0,622,False,,2024-12-23T10:00:08.707768Z,50,207189.jpg,1.7,False,Berge,0.0,False,,a,9,54,53,4941,0,4554,0,0.2,10.6,Berge,161.0,2024-08-22,1998-02-14,False,p207189,2221,0,0,4,35,0,0,0,6,0,0,2,334,314.4,285.7,51.0,65.1,26,0.45,0.63,1.08,30.81,0,0,0,0,0,0,0,235,104,153,106,339,182,249,128,,,,,,,0.02,0.0,0.03,0.05,1.25,1.42,204,125,284,134,354,163,637,252,1.05,0.16,54,0,,9,0,Fulham,0,0,11,FUL,3,,False,0,1155,1155,1150,1150,1160,1160,34,3,Midfielders,MID,Midfielder,MID,5,,,2,5,False,[],347
True,False,,,47431,0,0,0,0,0,3,0.5,0.0,0,Willian,0.5,772,False,,,50,47431.jpg,1.3,False,Borges da Silva,0.0,False,,a,9,54,13,2516,0,1630,0,0.1,2.6,Willian,30.0,2025-02-06,1988-08-09,False,p47431,251,0,0,1,3,0,0,0,0,0,0,0,54,36.2,133.3,25.0,19.5,2,0.28,0.72,1.00,4.45,0,0,0,0,0,0,0,455,204,264,163,389,205,399,193,,,,,,,0.1,0.0,0.26,0.36,1.6,1.08,194,118,354,166,425,200,699,284,0.72,0.36,54,0,,9,0,Fulham,0,0,11,FUL,3,,False,0,1155,1155,1150,1150,1160,1160,34,3,Midfielders,MID,Midfielder,MID,5,,,2,5,False,[],347
True,False,100.0,100.0,474120,0,0,-1,1,1,3,3.3,2.7,0,Julio,3.2,121,False,,2025-02-15T18:30:08.525864Z,54,474120.jpg,2.4,False,Enciso,0.2,False,,a,10,40,59,51759,0,38911,0,0.6,10.9,Enciso,168.0,2025-01-23,2004-01-23,False,p474120,1155,2,3,2,22,0,0,0,3,0,0,5,224,250.8,268.9,362.0,87.7,14,2.82,1.32,4.14,22.10,0,0,0,0,0,0,0,273,124,162,112,92,61,174,95,5.0,,3.0,,,,0.22,0.0,0.1,0.32,1.72,1.71,138,86,109,46,230,99,348,111,1.09,0.16,40,0,,10,0,Ipswich,0,0,19,IPS,2,,False,0,1065,1065,1040,1040,1090,1090,8,3,Midfielders,MID,Midfielder,MID,5,,,2,5,False,[],347
True,False,100.0,100.0,173818,0,0,-1,1,0,3,-0.3,1.7,8,Nathan,2.2,262,False,,2025-04-21T04:30:07.746088Z,49,173818.jpg,2.1,False,Broadhead,0.0,False,,a,10,40,37,2574,0,3241,0,0.4,7.6,Broadhead,244.0,2023-01-09,1998-04-05,False,p173818,690,2,0,2,12,0,0,0,1,0,0,1,137,148.2,111.0,155.0,41.4,7,1.74,1.05,2.79,11.72,0,0,0,0,0,0,0,352,159,284,171,218,127,315,160,,,1.0,,3.0,,0.23,0.0,0.14,0.37,1.53,1.57,247,157,175,74,277,121,700,285,0.91,0.26,40,0,,10,0,Ipswich,0,0,19,IPS,2,,False,0,1065,1065,1040,1040,1090,1090,8,3,Midfielders,MID,Midfielder,MID,5,,,2,5,False,[],347
True,False,0.0,0.0,149929,0,0,-3,3,0,3,0.0,0.0,0,Wes,0.0,264,False,Knee injury - Expected back 01 Jun,2025-01-25T21:00:10.042481Z,47,149929.jpg,1.7,False,Burns,0.0,False,,i,10,40,30,5890,0,13279,0,0.0,6.4,Burns,244.0,2021-06-09,1994-11-23,False,p149929,922,0,1,1,23,0,0,0,1,0,0,0,144,111.6,148.5,66.0,31.8,12,0.50,1.17,1.67,23.62,0,0,0,0,0,0,0,385,183,247,155,316,174,357,178,,,,,,,0.05,0.0,0.11,0.16,2.31,2.25,320,207,699,286,351,161,621,244,1.17,0.1,40,0,,10,0,Ipswich,0,0,19,IPS,2,,False,0,1065,1065,1040,1040,1090,1090,8,3,Midfielders,MID,Midfielder,MID,5,,,2,5,False,[],347
True,False,100.0,100.0,196411,0,0,-4,4,0,3,0.5,0.7,2,Conor,1.2,265,False,,2025-01-03T20:00:09.216849Z,51,196411.jpg,1.9,False,Chaplin,0.1,False,,a,10,40,41,8181,0,27519,0,0.2,8.0,Chaplin,241.0,2021-07-27,1997-02-16,False,p196411,845,1,2,1,19,0,0,0,2,0,0,0,139,106.6,152.1,108.0,36.1,10,1.52,0.61,2.13,17.93,0,0,0,0,0,0,0,390,185,244,154,266,151,340,169,,,,,,,0.16,0.0,0.06,0.22,1.91,2.02,183,109,257,122,320,145,494,179,1.07,0.11,40,0,,10,0,Ipswich,0,0,19,IPS,2,,False,0,1065,1065,1040,1040,1090,1090,8,3,Midfielders,MID,Midfielder,MID,5,,,2,5,False,[],347
True,False,0.0,0.0,167191,0,0,-1,1,0,3,0.0,0.0,0,Marcus,0.0,271,False,Loaned to Derby County,2024-08-31T08:21:56.022360Z,49,167191.jpg,1.0,False,Myers-Harness,0.0,False,,u,10,40,2,347,0,2455,0,0.0,0.4,Harness,,,,False,p167191,43,0,0,0,2,0,0,0,0,0,0,0,4,9.4,1.9,6.0,1.7,0,0.00,0.05,0.05,1.36,0,0,0,0,0,0,0,503,233,493,240,455,233,516,238,,,,,,,0.0,0.0,0.1,0.1,2.85,4.19,244,154,724,301,518,238,729,304,0.0,0.0,40,0,,10,0,Ipswich,0,0,19,IPS,2,,False,0,1065,1065,1040,1040,1090,1090,8,3,Midfielders,MID,Midfielder,MID,5,,,2,5,False,[],347
True,False,0.0,0.0,524180,0,0,0,0,0,3,0.0,0.0,0,Cameron,0.0,273,False,Loaned to Wycombe,2024-08-23T12:39:48.370081Z,45,524180.jpg,0.0,False,Humphreys,0.0,False,,u,10,40,0,651,0,5245,0,0.0,0.0,Humphreys,,,,False,p524180,0,0,0,0,0,0,0,0,0,0,0,0,0,0.0,0.0,0.0,0.0,0,0.00,0.00,0.00,0.00,0,0,0,0,0,0,0,732,301,728,301,710,292,732,301,,,,,,,0.0,0.0,0.0,0.0,0.0,0.0,439,276,651,254,736,302,709,291,0.0,0.0,40,0,,10,0,Ipswich,0,0,19,IPS,2,,False,0,1065,1065,1040,1040,1090,1090,8,3,Midfielders,MID,Midfielder,MID,5,,,2,5,False,[],347
True,False,100.0,100.0,503301,0,0,-3,3,0,3,1.7,2.3,2,Omari,2.8,274,False,,2025-04-03T01:00:08.022445Z,52,503301.jpg,2.8,False,Giraud-Hutchinson,0.3,False,,a,10,40,88,92077,0,127096,0,0.5,16.9,Hutchinson,241.0,2024-07-01,2003-10-30,False,p503301,2585,3,3,3,61,0,0,0,5,0,0,6,352,383.2,487.5,443.0,131.5,30,2.93,2.46,5.39,51.04,0,0,0,0,0,0,0,193,84,79,61,72,46,97,63,,,3.0,,,,0.1,0.0,0.09,0.19,1.78,2.12,176,104,146,61,175,74,326,101,1.04,0.1,40,0,,10,0,Ipswich,0,0,19,IPS,2,,False,0,1065,1065,1040,1040,1090,1090,8,3,Midfielders,MID,Midfielder,MID,5,,,2,5,False,[],347
True,False,100.0,100.0,106606,0,0,-2,2,0,3,0.0,0.0,1,Massimo,0.5,277,False,,2024-12-25T22:30:08.205367Z,43,106606.jpg,1.2,False,Luongo,0.2,False,,a,10,40,13,77503,0,92221,0,0.1,3.0,Luongo,13.0,2023-01-05,1992-09-25,False,p106606,195,0,0,0,6,0,0,0,0,0,0,0,47,34.4,6.6,4.0,4.6,2,0.00,0.01,0.01,6.84,0,0,0,0,0,0,0,460,208,472,236,460,235,487,227,,,,,,,0.0,0.0,0.0,0.0,3.16,2.77,562,338,334,157,433,203,355,114,0.92,0.0,40,0,,10,0,Ipswich,0,0,19,IPS,2,,False,0,1065,1065,1040,1040,1090,1090,8,3,Midfielders,MID,Midfielder,MID,5,,,2,5,False,[],347
True,False,100.0,100.0,74944,0,0,-2,2,0,3,1.3,1.3,2,Sam,1.8,278,False,,2025-02-15T18:30:08.820018Z,48,74944.jpg,2.0,False,Morsy,0.1,False,,a,10,40,67,48956,0,61858,0,0.4,14.0,Morsy,63.0,2021-08-31,1991-09-10,False,p74944,2749,1,1,2,67,1,0,0,10,0,0,5,421,417.0,374.0,47.0,83.7,31,0.45,1.51,1.96,58.21,0,0,0,0,0,0,0,173,69,111,82,346,185,189,100,,,,,,,0.01,0.0,0.05,0.06,1.91,2.19,279,179,214,94,298,132,438,152,1.01,0.07,40,0,,10,0,Ipswich,0,0,19,IPS,2,,False,0,1065,1065,1040,1040,1090,1090,8,3,Midfielders,MID,Midfielder,MID,5,,,2,5,False,[],347
True,False,100.0,100.0,231899,0,0,-2,2,0,3,1.0,0.7,1,Jack,1.2,281,False,,2024-11-22T17:30:09.045912Z,48,231899.jpg,1.2,False,Taylor,0.0,False,,a,10,40,38,3535,0,5371,0,0.3,7.9,Taylor,104.0,2023-06-26,1998-06-23,False,p231899,837,1,0,0,21,0,0,0,4,0,0,1,144,142.0,100.5,84.0,32.4,4,0.75,0.77,1.52,16.28,0,0,0,0,0,0,0,359,164,301,178,290,162,352,175,,,,,,,0.08,0.0,0.08,0.16,1.75,2.26,305,199,254,119,439,207,623,245,0.43,0.0,40,0,,10,0,Ipswich,0,0,19,IPS,2,,False,0,1065,1065,1040,1040,1090,1090,8,3,Midfielders,MID,Midfielder,MID,5,,,2,5,False,[],347
True,False,0.0,0.0,155405,0,0,-2,2,0,3,0.0,0.0,0,Kalvin,0.2,359,False,Foot injury - Expected back 01 Jun,2025-05-16T14:00:08.553588Z,48,155405.jpg,1.4,False,Phillips,0.1,False,,i,10,40,27,6846,0,14049,0,0.0,5.6,Phillips,241.0,2024-08-16,1995-12-02,False,p155405,1231,0,0,1,30,0,0,0,4,1,0,0,167,181.8,116.2,41.0,33.8,14,0.45,0.46,0.91,27.21,0,0,0,0,0,0,0,330,149,278,169,354,189,347,172,2.0,,2.0,,,,0.03,0.0,0.03,0.06,1.99,2.19,287,186,400,186,412,191,549,208,1.02,0.07,40,0,,10,0,Ipswich,0,0,19,IPS,2,,False,0,1065,1065,1040,1040,1090,1090,8,3,Midfielders,MID,Midfielder,MID,5,,,2,5,False,[],347
True,False,0.0,0.0,481624,0,0,-2,2,1,3,0.0,0.0,0,Jaden,0.0,569,False,Knee injury - Expected back 01 Jun,2025-04-14T08:30:08.245702Z,53,481624.jpg,1.8,False,Philogene,0.1,False,,i,10,40,37,10338,0,15335,0,0.0,7.0,Jaden,241.0,2025-01-15,2002-02-08,False,p481624,796,2,0,2,22,0,0,0,3,1,0,3,116,159.0,98.2,190.0,43.9,7,2.43,0.34,2.77,14.41,0,0,0,0,0,0,0,340,155,303,179,190,119,307,156,,,,,,,0.27,0.0,0.04,0.31,1.63,2.49,154,92,769,328,341,159,545,206,0.79,0.23,40,0,,10,0,Ipswich,0,0,19,IPS,2,,False,0,1065,1065,1040,1040,1090,1090,8,3,Midfielders,MID,Midfielder,MID,5,,,2,5,False,[],347
True,False,100.0,75.0,172453,0,0,-3,3,0,3,-0.4,-0.2,1,Sam,0.2,611,False,,2025-03-06T03:00:08.694060Z,57,172453.jpg,2.7,False,Szmodics,0.1,False,,a,10,40,54,109552,0,118909,0,0.0,9.5,Szmodics,104.0,2024-08-16,1995-09-24,False,p172453,988,4,0,2,18,0,0,0,2,0,0,2,167,216.0,93.0,263.0,56.7,13,3.44,0.45,3.89,23.27,0,0,0,0,0,0,0,293,134,308,181,130,87,273,142,3.0,,,,,,0.31,0.0,0.04,0.35,2.12,1.64,94,61,408,190,188,77,403,139,1.18,0.18,40,0,,10,0,Ipswich,0,0,19,IPS,2,,False,0,1065,1065,1040,1040,1090,1090,8,3,Midfielders,MID,Midfielder,MID,5,,,2,5,False,[],347
True,False,100.0,100.0,454667,0,0,0,0,0,3,0.5,1.7,5,Jens,2.2,619,False,,2025-02-22T21:00:10.320626Z,45,454667.jpg,2.1,False,Cajuste,0.1,False,,a,10,40,63,49455,0,38904,0,0.5,14.0,Cajuste,206.0,2024-08-19,1999-08-10,False,p454667,1960,1,1,1,46,0,0,0,2,0,0,2,309,284.0,209.2,59.0,54.9,25,0.68,0.73,1.41,43.97,0,0,0,0,0,0,0,249,111,201,136,323,177,279,146,,,,,,,0.03,0.0,0.03,0.06,2.02,2.11,396,245,168,70,271,116,440,154,1.15,0.05,40,0,,10,0,Ipswich,0,0,19,IPS,2,,False,0,1065,1065,1040,1040,1090,1090,8,3,Midfielders,MID,Midfielder,MID,5,,,2,5,False,[],347
True,False,,,443261,0,0,-1,1,0,3,0.7,0.7,1,Jack,1.2,631,False,,,54,443261.jpg,1.7,False,Clarke,0.0,False,,a,10,40,53,10157,0,9779,0,0.2,9.8,J.Clarke,241.0,2024-08-24,2000-11-23,False,p443261,1161,0,4,1,31,0,0,0,2,0,0,0,221,230.8,341.7,151.0,72.2,12,1.17,1.11,2.28,27.25,0,0,0,0,0,0,0,279,128,122,87,220,129,227,114,,,,,,,0.09,0.0,0.09,0.18,2.11,2.4,135,83,261,125,357,166,576,221,0.93,0.08,40,0,,10,0,Ipswich,0,0,19,IPS,2,,False,0,1065,1065,1040,1040,1090,1090,8,3,Midfielders,MID,Midfielder,MID,5,,,2,5,False,[],347
True,False,0.0,0.0,229164,0,0,-2,2,0,3,0.0,0.0,0,Chiedozie,0.0,632,False,Achilles injury - Expected back 01 Jun,2024-10-26T20:00:08.138345Z,48,229164.jpg,1.4,False,Ogbene,0.0,False,,i,10,40,7,2873,0,2908,0,0.0,1.5,Ogbene,104.0,2024-08-28,1997-05-01,False,p229164,237,0,0,0,3,0,0,0,0,0,0,0,29,22.8,30.2,12.0,6.4,3,0.00,0.05,0.05,2.36,0,0,0,0,0,0,0,477,220,404,213,428,219,471,220,,,,,,,0.0,0.0,0.02,0.02,0.9,1.14,304,198,718,298,413,192,728,303,1.14,0.0,40,0,,10,0,Ipswich,0,0,19,IPS,2,,False,0,1065,1065,1040,1040,1090,1090,8,3,Midfielders,MID,Midfielder,MID,5,,,2,5,False,[],347
True,False,,,592712,0,0,0,0,0,3,-0.5,-0.5,0,Tom,0.0,800,False,,,45,592712.jpg,0.0,False,Taylor,0.0,False,,a,10,40,0,211,0,62,0,0.0,0.0,Tom Taylor,241.0,2025-03-02,,False,p592712,0,0,0,0,0,0,0,0,0,0,0,0,0,0.0,0.0,0.0,0.0,0,0.00,0.00,0.00,0.00,0,0,0,0,0,0,0,763,323,760,323,743,315,763,323,,,,,,,0.0,0.0,0.0,0.0,0.0,0.0,478,303,686,278,766,324,789,338,0.0,0.0,40,0,,10,0,Ipswich,0,0,19,IPS,2,,False,0,1065,1065,1040,1040,1090,1090,8,3,Midfielders,MID,Midfielder,MID,5,,,2,5,False,[],347
True,False,100.0,100.0,536916,0,0,-5,5,1,3,1.5,1.5,1,Facundo,2.0,117,False,,2025-04-27T12:00:08.078339Z,45,536916.jpg,2.4,False,Buonanotte,0.4,False,,a,11,13,75,479398,0,461509,0,0.4,16.7,Buonanotte,10.0,2024-08-10,2004-12-23,False,p536916,1508,5,2,2,33,0,0,0,8,0,0,6,299,415.8,415.8,318.0,114.7,14,4.01,2.29,6.30,29.23,0,0,0,0,0,0,0,174,70,95,74,105,69,124,73,3.0,,,,,,0.24,0.0,0.14,0.38,1.74,1.97,451,284,192,82,220,91,275,84,0.84,0.12,13,0,,11,0,Leicester,0,0,18,LEI,2,,False,0,975,975,1000,1020,990,990,26,3,Midfielders,MID,Midfielder,MID,5,,,2,5,False,[],347
True,False,100.0,100.0,80146,0,0,-4,4,0,3,3.0,3.3,2,Jordan,3.8,192,False,,2024-12-27T00:30:09.361030Z,51,80146.jpg,2.4,False,Ayew,0.2,False,,a,11,13,75,38197,0,69065,0,0.7,14.7,J.Ayew,81.0,2024-08-23,1991-09-11,False,p80146,1649,5,0,4,42,0,0,0,6,0,0,3,279,304.4,316.9,311.0,93.4,19,3.72,1.50,5.22,30.33,0,0,0,0,0,0,0,239,106,133,93,107,70,161,91,,,2.0,,2.0,,0.2,0.0,0.08,0.28,1.66,2.29,179,106,79,30,225,95,389,131,1.04,0.22,13,0,,11,0,Leicester,0,0,18,LEI,2,,False,0,975,975,1000,1020,990,990,26,3,Midfielders,MID,Midfielder,MID,5,,,2,5,False,[],347
True,False,100.0,100.0,225902,0,0,-1,1,0,3,1.0,1.3,2,Boubakary,1.8,285,False,,2024-12-09T09:30:06.376244Z,44,225902.jpg,1.5,False,Soumaré,0.3,False,,a,11,13,48,107787,0,102520,0,0.4,10.9,B.Soumaré,73.0,2021-07-02,1999-02-27,False,p225902,2165,0,0,1,52,0,0,0,8,0,0,0,327,294.2,261.8,47.0,60.4,25,0.29,0.94,1.23,46.48,0,0,0,0,0,0,0,242,109,166,116,345,184,265,137,,,,,,,0.01,0.0,0.04,0.05,1.93,2.16,517,316,206,88,382,177,320,98,1.04,0.04,13,0,,11,0,Leicester,0,0,18,LEI,2,,False,0,975,975,1000,1020,990,990,26,3,Midfielders,MID,Midfielder,MID,5,,,2,5,False,[],347
True,False,0.0,0.0,197469,0,0,-1,1,0,3,0.0,0.0,0,Hamza,0.0,287,False,Loaned to Sheffield United,2025-01-30T11:40:47.663636Z,44,197469.jpg,1.0,False,Choudhury,1.0,False,,u,11,13,4,474957,0,413990,0,0.0,0.9,Choudhury,18.0,2017-09-18,,False,p197469,129,0,0,0,5,0,0,0,0,0,0,0,29,33.8,30.4,6.0,7.0,1,0.00,0.19,0.19,5.28,0,0,0,0,0,0,0,461,209,402,212,449,228,465,217,,,,,,,0.0,0.0,0.13,0.13,3.68,3.49,509,315,568,200,483,214,205,64,0.7,0.0,13,0,,11,0,Leicester,0,0,18,LEI,2,,False,0,975,975,1000,1020,990,990,26,3,Midfielders,MID,Midfielder,MID,5,,,2,5,False,[],347
True,False,0.0,0.0,96994,0,0,-3,3,0,3,0.0,0.0,0,Bobby,0.0,290,False,Muscle injury - Expected back 01 Jun,2025-04-26T18:00:08.353099Z,52,96994.jpg,2.1,False,De Cordova-Reid,0.1,False,,i,11,13,48,9853,0,20982,0,0.0,9.2,De Cordova-Reid,107.0,2024-07-05,1993-02-02,False,p96994,734,1,4,1,17,0,0,0,2,0,0,2,145,102.2,84.4,72.0,26.0,9,0.79,0.14,0.93,14.61,0,0,0,0,0,0,0,398,187,316,183,305,170,375,187,,,,,,,0.1,0.0,0.02,0.12,1.79,2.08,164,98,764,327,282,125,525,197,1.1,0.12,13,0,,11,0,Leicester,0,0,18,LEI,2,,False,0,975,975,1000,1020,990,990,26,3,Midfielders,MID,Midfielder,MID,5,,,2,5,False,[],347
True,False,,,549640,0,0,-1,1,0,3,-0.3,-0.3,0,Michael,0.2,292,False,,,44,549640.jpg,1.0,False,Golding,0.2,False,,a,11,13,1,48160,0,43935,0,0.0,0.2,Golding,241.0,2024-07-07,2006-05-23,False,p549640,1,0,0,0,0,0,0,0,0,0,0,0,3,0.0,0.0,0.0,0.0,0,0.00,0.00,0.00,0.00,0,0,0,0,0,0,0,681,264,676,264,652,254,681,264,,,,,,,0.0,0.0,0.0,0.0,0.0,0.0,545,327,387,176,486,217,399,137,0.0,0.0,13,0,,11,0,Leicester,0,0,18,LEI,2,,False,0,975,975,1000,1020,990,990,26,3,Midfielders,MID,Midfielder,MID,5,,,2,5,False,[],347
True,False,0.0,0.0,461584,0,0,0,0,0,3,0.0,0.0,0,Wanya,0.0,297,False,Loaned to De Graafschap,2024-08-31T06:21:32.289998Z,45,461584.jpg,0.0,False,Marçal-Madivádua,0.0,False,,u,11,13,0,754,0,4577,0,0.0,0.0,Marcal,,,,False,p461584,0,0,0,0,0,0,0,0,0,0,0,0,0,0.0,0.0,0.0,0.0,0,0.00,0.00,0.00,0.00,0,0,0,0,0,0,0,707,279,704,279,684,270,707,279,,,,,,,0.0,0.0,0.0,0.0,0.0,0.0,400,247,621,229,712,280,701,286,0.0,0.0,13,0,,11,0,Leicester,0,0,18,LEI,2,,False,0,975,975,1000,1020,990,990,26,3,Midfielders,MID,Midfielder,MID,5,,,2,5,False,[],347
True,False,0.0,0.0,154048,0,0,-5,5,0,3,0.0,0.0,0,Stephy,0.0,298,False,Muscle injury - Expected back 01 Jun,2025-04-25T00:00:08.352936Z,50,154048.jpg,2.4,False,Mavididi,0.3,False,,i,11,13,72,179589,0,212909,0,0.0,14.4,Mavididi,241.0,2023-07-31,1998-05-31,False,p154048,1606,4,1,1,38,0,0,0,2,0,0,5,270,339.2,375.3,302.0,101.5,16,1.85,3.25,5.10,36.71,0,0,0,0,0,0,0,221,96,110,81,112,74,146,85,,,1.0,,4.0,,0.1,0.0,0.18,0.28,2.06,2.13,200,121,738,312,224,94,324,99,0.9,0.06,13,0,,11,0,Leicester,0,0,18,LEI,2,,False,0,975,975,1000,1020,990,990,26,3,Midfielders,MID,Midfielder,MID,5,,,2,5,False,[],347
True,False,100.0,100.0,461587,0,0,-3,3,0,3,2.5,3.0,2,Kasey,3.5,299,False,,2025-04-25T00:00:08.373849Z,47,461587.jpg,1.9,False,McAteer,0.0,False,,a,11,13,35,12054,0,13913,0,0.7,7.4,McAteer,104.0,2021-12-01,2001-11-22,False,p461587,846,1,1,3,16,0,0,0,3,0,0,0,125,147.2,132.5,184.0,46.3,9,0.99,0.63,1.62,20.07,0,0,0,0,0,0,0,354,161,266,165,196,123,302,154,,,,,,,0.11,0.0,0.07,0.18,2.14,1.7,331,215,92,35,314,140,577,222,0.96,0.32,13,0,,11,0,Leicester,0,0,18,LEI,2,,False,0,975,975,1000,1020,990,990,26,3,Midfielders,MID,Midfielder,MID,5,,,2,5,False,[],347
True,False,100.0,100.0,203341,0,0,-1,1,1,3,2.5,2.3,0,Wilfred,2.8,300,False,,2024-12-09T09:30:06.387859Z,49,203341.jpg,2.3,False,Ndidi,0.2,False,,a,11,13,64,109043,0,117372,0,0.6,13.1,Ndidi,157.0,2017-01-03,1996-12-16,False,p203341,2325,0,5,3,48,1,0,0,8,0,0,1,375,546.4,302.2,280.0,112.8,28,2.12,1.53,3.65,49.32,0,0,0,0,0,0,0,120,44,144,101,121,80,128,76,,,,,,,0.08,0.0,0.06,0.14,1.91,1.86,254,163,142,59,241,103,385,128,1.08,0.12,13,0,,11,0,Leicester,0,0,18,LEI,2,,False,0,975,975,1000,1020,990,990,26,3,Midfielders,MID,Midfielder,MID,5,,,2,5,False,[],347
True,False,100.0,100.0,157668,0,0,-2,2,0,3,-0.5,-0.5,0,Harry,0.0,309,False,,2024-11-23T17:30:08.809600Z,43,157668.jpg,1.8,False,Winks,4.7,False,,a,11,13,40,1363301,0,2210444,0,0.0,9.3,Winks,241.0,2023-07-01,1996-02-02,False,p157668,1536,0,2,0,34,0,0,0,4,0,0,0,282,272.8,319.6,37.0,63.2,17,0.23,1.53,1.76,29.48,0,0,0,0,0,0,0,258,117,132,92,359,191,259,134,2.0,,,,,,0.01,0.0,0.09,0.1,1.73,1.99,568,339,553,195,328,149,79,23,1.0,0.0,13,0,,11,0,Leicester,0,0,18,LEI,2,,False,0,975,975,1000,1020,990,990,26,3,Midfielders,MID,Midfielder,MID,5,,,2,5,False,[],347
True,False,,,209042,0,0,-3,3,0,3,0.5,1.3,3,Oliver,1.8,501,False,,,47,209042.jpg,1.1,False,Skipp,0.0,False,,a,11,13,27,4989,0,7371,0,0.4,5.7,Skipp,241.0,2024-08-19,2000-09-16,False,p209042,1118,0,0,3,26,0,0,0,8,0,0,0,121,119.4,146.0,35.0,29.9,10,0.37,0.32,0.69,26.06,0,0,0,0,0,0,0,375,174,252,157,365,193,364,182,,,,,,,0.03,0.0,0.03,0.06,2.1,2.09,326,210,211,92,450,211,584,225,0.81,0.24,13,0,,11,0,Leicester,0,0,18,LEI,2,,False,0,975,975,1000,1020,990,990,26,3,Midfielders,MID,Midfielder,MID,5,,,2,5,False,[],347
True,False,0.0,0.0,531442,0,0,-4,4,0,3,0.0,0.0,0,Abdul,0.0,570,False,Knee injury - Expected back 01 Jun,2024-11-21T10:30:09.372550Z,51,531442.jpg,2.4,False,Fatawu,0.2,False,,i,11,13,26,69378,0,103265,0,0.0,5.1,A.Fatawu,81.0,2024-07-16,2004-03-08,False,p531442,576,0,2,0,14,0,0,0,0,0,0,3,125,147.6,104.3,148.0,40.1,6,0.41,1.42,1.83,11.00,0,0,0,0,0,0,0,353,160,292,173,225,130,323,163,,,,,,,0.06,0.0,0.22,0.28,1.72,2.19,190,114,761,326,226,96,388,130,0.94,0.0,13,0,,11,0,Leicester,0,0,18,LEI,2,,False,0,975,975,1000,1020,990,990,26,3,Midfielders,MID,Midfielder,MID,5,,,2,5,False,[],347
True,False,0.0,0.0,532534,0,0,-1,1,0,3,0.0,0.0,0,Will,0.0,606,False,Loaned to Cardiff City,2025-02-03T18:00:25.183771Z,44,532534.jpg,1.0,False,Alves,0.1,False,,u,11,13,1,12604,0,15458,0,0.0,0.2,Alves,241.0,2024-02-09,,False,p532534,1,0,0,0,0,0,0,0,0,0,0,0,3,0.0,0.3,0.0,0.0,0,0.00,0.00,0.00,0.00,0,0,0,0,0,0,0,679,262,513,250,650,252,679,262,,,,,,,0.0,0.0,0.0,0.0,0.0,0.0,542,324,585,207,485,216,504,183,0.0,0.0,13,0,,11,0,Leicester,0,0,18,LEI,2,,False,0,975,975,1000,1020,990,990,26,3,Midfielders,MID,Midfielder,MID,5,,,2,5,False,[],347
True,False,,,513527,0,0,-2,2,1,3,3.5,3.0,0,Bilal,3.5,635,False,,,48,513527.jpg,2.6,False,El Khannouss,0.2,False,,a,11,13,83,90294,0,72462,0,0.7,17.3,El Khannouss,145.0,2024-08-29,2004-05-10,False,p513527,2179,2,4,3,54,0,0,0,4,0,0,6,376,381.6,634.1,191.0,120.5,27,1.29,2.85,4.14,48.23,0,0,0,0,0,0,0,194,85,48,39,189,118,113,71,4.0,,,,,,0.05,0.0,0.12,0.17,1.99,2.23,316,204,93,36,193,80,352,113,1.12,0.12,13,0,,11,0,Leicester,0,0,18,LEI,2,,False,0,975,975,1000,1020,990,990,26,3,Midfielders,MID,Midfielder,MID,5,,,2,5,False,[],347
True,False,,,531997,0,0,0,0,0,3,-0.5,-0.5,0,Henry,0.0,694,False,,,45,531997.jpg,0.0,False,Cartwright,0.0,False,,a,11,13,0,926,0,675,0,0.0,0.0,Cartwright,241.0,2024-12-13,2004-12-11,False,p531997,0,0,0,0,0,0,0,0,0,0,0,0,0,0.0,0.0,0.0,0.0,0,0.00,0.00,0.00,0.00,0,0,0,0,0,0,0,736,304,732,304,716,296,736,304,,,,,,,0.0,0.0,0.0,0.0,0.0,0.0,445,280,657,258,740,305,744,310,0.0,0.0,13,0,,11,0,Leicester,0,0,18,LEI,2,,False,0,975,975,1000,1020,990,990,26,3,Midfielders,MID,Midfielder,MID,5,,,2,5,False,[],347
True,False,100.0,100.0,649208,0,0,0,0,0,3,0.5,0.5,1,Jeremy,1.0,792,False,,2025-04-12T20:00:08.688134Z,45,649208.jpg,1.0,False,Monga,0.0,False,,a,11,13,7,418,0,133,0,0.2,1.6,Monga,241.0,2025-02-06,2009-07-10,False,p649208,105,0,0,0,3,0,0,0,0,0,0,0,29,20.6,12.6,19.0,5.1,0,0.17,0.02,0.19,1.67,0,0,0,0,0,0,0,481,222,449,228,406,212,484,225,,,,,,,0.15,0.0,0.02,0.17,1.43,2.57,495,312,273,128,510,232,773,326,0.0,0.0,13,0,,11,0,Leicester,0,0,18,LEI,2,,False,0,975,975,1000,1020,990,990,26,3,Midfielders,MID,Midfielder,MID,5,,,2,5,False,[],347
True,False,,,630664,0,0,0,0,0,3,0.0,0.3,1,Jake,0.8,797,False,,,45,630664.jpg,1.0,False,Evans,0.0,False,,a,11,13,4,136,0,49,0,0.2,0.9,Jake Evans,241.0,2025-04-11,2008-06-04,False,p630664,21,0,0,0,1,0,0,0,0,0,0,0,13,3.2,0.2,0.0,0.3,0,0.00,0.00,0.00,0.20,0,0,0,0,0,0,0,529,243,523,254,752,321,543,251,,,,,,,0.0,0.0,0.0,0.0,0.86,4.29,493,311,308,142,508,231,792,340,0.0,0.0,13,0,,11,0,Leicester,0,0,18,LEI,2,,False,0,975,975,1000,1020,990,990,26,3,Midfielders,MID,Midfielder,MID,5,,,2,5,False,[],347
True,False,,,519223,0,0,0,0,0,3,,0.7,0,Sammy,0.0,802,False,,,45,519223.jpg,0.0,False,Braybrooke,0.0,False,,a,11,13,0,0,0,0,0,0.0,0.0,Braybrooke,241.0,2025-05-24,2004-03-12,False,p519223,0,0,0,0,0,0,0,0,0,0,0,0,0,0.0,0.0,0.0,0.0,0,0.00,0.00,0.00,0.00,0,0,0,0,0,0,0,730,299,726,299,708,290,730,299,,,,,,,0.0,0.0,0.0,0.0,0.0,0.0,436,274,649,252,734,300,804,347,0.0,0.0,13,0,,11,0,Leicester,0,0,18,LEI,2,,False,0,975,975,1000,1020,990,990,26,3,Midfielders,MID,Midfielder,MID,5,,,2,5,False,[],347
True,False,0.0,0.0,535928,0,0,0,0,0,3,0.0,0.0,0,Stefan,0.0,312,False,Loaned to RB Salzburg,2024-08-31T06:19:45.092198Z,45,535928.jpg,0.0,False,Bajčetić Maquieira,0.0,False,,u,12,14,0,2712,0,17669,0,0.0,0.0,Bajcetic,,,,False,p535928,0,0,0,0,0,0,0,0,0,0,0,0,0,0.0,0.0,0.0,0.0,0,0.00,0.00,0.00,0.00,0,0,0,0,0,0,0,739,306,735,306,719,298,739,306,,,,,,,0.0,0.0,0.0,0.0,0.0,0.0,449,283,660,260,743,307,611,241,0.0,0.0,14,0,,12,0,Liverpool,0,0,1,LIV,5,,False,0,1350,1370,1320,1360,1380,1380,10,3,Midfielders,MID,Midfielder,MID,5,,,2,5,False,[],347
True,False,0.0,0.0,491970,0,0,0,0,0,3,0.0,0.0,0,Bobby,0.0,315,False,Transferred to RB Salzburg,2024-08-22T11:22:35.466323Z,45,491970.jpg,0.0,False,Clark,0.0,False,,u,12,14,0,444,0,5344,0,0.0,0.0,Clark,,,,False,p491970,0,0,0,0,0,0,0,0,0,0,0,0,0,0.0,0.0,0.0,0.0,0,0.00,0.00,0.00,0.00,0,0,0,0,0,0,0,717,287,714,287,695,278,717,287,,,,,,,0.0,0.0,0.0,0.0,0.0,0.0,417,257,634,238,722,288,703,288,0.0,0.0,14,0,,12,0,Liverpool,0,0,1,LIV,5,,False,0,1350,1370,1320,1360,1380,1380,10,3,Midfielders,MID,Midfielder,MID,5,,,2,5,False,[],347
True,False,100.0,100.0,194634,0,0,-3,3,0,3,1.8,1.8,1,Diogo,0.8,317,False,,2025-01-17T11:30:07.995744Z,72,194634.jpg,3.3,False,Teixeira da Silva,2.6,False,,a,12,14,87,1300571,0,2696667,0,0.1,12.1,Diogo J.,173.0,2020-09-19,1996-12-04,False,p194634,1182,6,4,7,12,0,0,0,2,0,0,4,225,300.6,169.5,537.0,99.0,14,7.98,1.09,9.07,11.75,0,0,0,0,0,0,0,240,107,231,151,55,35,148,87,,,,,,,0.61,0.0,0.08,0.69,0.89,0.91,25,14,324,154,121,56,121,40,1.07,0.53,14,0,,12,0,Liverpool,0,0,1,LIV,5,,False,0,1350,1370,1320,1360,1380,1380,10,3,Midfielders,MID,Midfielder,MID,5,,,2,5,False,[],347
True,False,0.0,0.0,496208,0,0,0,0,0,3,0.0,0.0,0,Ben,0.0,318,False,Loaned to Middlesbrough,2024-08-31T06:17:31.171503Z,45,496208.jpg,0.0,False,Doak,0.0,False,,u,12,14,0,1136,0,5680,0,0.0,0.0,Doak,,,,False,p496208,0,0,0,0,0,0,0,0,0,0,0,0,0,0.0,0.0,0.0,0.0,0,0.00,0.00,0.00,0.00,0,0,0,0,0,0,0,719,289,716,289,697,280,719,289,,,,,,,0.0,0.0,0.0,0.0,0.0,0.0,419,259,636,240,724,290,686,278,0.0,0.0,14,0,,12,0,Liverpool,0,0,1,LIV,5,,False,0,1350,1370,1320,1360,1380,1380,10,3,Midfielders,MID,Midfielder,MID,5,,,2,5,False,[],347
True,False,100.0,100.0,444884,0,0,-3,3,1,3,5.0,5.2,1,Harvey,4.2,319,False,,2024-09-08T23:00:06.842081Z,52,444884.jpg,1.8,False,Elliott,0.3,False,,a,12,14,33,28158,0,120107,0,0.8,6.3,Elliott,241.0,2019-07-28,2003-04-04,False,p444884,359,1,2,0,6,0,0,0,1,0,0,3,120,118.6,145.8,143.0,40.4,2,1.78,0.64,2.42,6.14,0,0,0,0,0,0,0,376,175,253,158,229,132,321,162,,,,,,,0.45,0.0,0.16,0.61,1.54,1.5,175,103,55,19,340,158,325,100,0.5,0.0,14,0,,12,0,Liverpool,0,0,1,LIV,5,,False,0,1350,1370,1320,1360,1380,1380,10,3,Midfielders,MID,Midfielder,MID,5,,,2,5,False,[],347
True,False,,,158983,0,0,-4,4,0,3,2.0,2.0,1,Endo,1.0,320,False,,,46,158983.jpg,1.1,False,Wataru,0.1,False,,a,12,14,21,22322,0,35646,0,0.2,4.6,Endo,108.0,2023-08-18,1993-02-09,False,p158983,259,0,0,0,5,0,0,0,0,0,0,0,82,57.6,38.2,6.0,10.0,1,0.00,0.09,0.09,4.25,0,0,0,0,0,0,0,434,197,387,208,453,232,446,211,,,,,,,0.0,0.0,0.03,0.03,1.48,1.74,351,228,275,130,449,210,439,153,0.35,0.0,14,0,,12,0,Liverpool,0,0,1,LIV,5,,False,0,1350,1370,1320,1360,1380,1380,10,3,Midfielders,MID,Midfielder,MID,5,,,2,5,False,[],347
True,False,0.0,100.0,441266,0,0,0,0,0,3,3.2,1.8,-1,Ryan,0.8,323,False,Suspended until 23 Aug,2025-05-25T18:00:07.664729Z,50,441266.jpg,2.5,False,Gravenberch,0.7,False,,s,12,14,92,256491,0,232186,0,0.2,18.4,Gravenberch,152.0,2023-09-01,2002-05-16,False,p441266,3160,0,4,14,35,0,0,0,5,1,0,1,568,550.6,473.9,121.0,114.7,37,1.13,3.50,4.63,33.06,0,0,0,0,0,0,0,118,43,82,64,250,140,125,74,,,,,,,0.03,0.0,0.1,0.13,0.94,1.0,219,138,313,146,214,90,244,77,1.05,0.4,14,0,,12,0,Liverpool,0,0,1,LIV,5,,False,0,1350,1370,1320,1360,1380,1380,10,3,Midfielders,MID,Midfielder,MID,5,,,2,5,False,[],347
True,False,100.0,100.0,206915,0,0,-2,2,1,3,2.5,2.8,2,Curtis,1.8,324,False,,2025-02-12T22:30:09.769827Z,53,206915.jpg,2.6,False,Jones,0.2,False,,a,12,14,87,172077,0,168816,0,0.3,16.4,Jones,241.0,2018-04-06,2001-01-30,False,p206915,1702,3,5,6,27,0,0,0,1,1,0,4,396,397.2,343.7,400.0,113.6,19,4.34,1.46,5.80,23.35,0,0,0,0,0,0,0,182,77,121,86,85,55,127,75,,,,,,,0.23,0.0,0.08,0.31,1.23,1.43,150,90,220,99,199,85,332,103,1.0,0.32,14,0,,12,0,Liverpool,0,0,1,LIV,5,,False,0,1350,1370,1320,1360,1380,1380,10,3,Midfielders,MID,Midfielder,MID,5,,,2,5,False,[],347
True,False,100.0,100.0,244731,0,0,0,0,3,3,5.0,3.8,2,Luis,2.8,327,False,,2025-01-17T11:30:08.018487Z,75,244731.jpg,5.1,False,Díaz,16.8,False,,a,12,14,183,7399125,0,6677369,0,0.4,24.4,Luis Díaz,48.0,2022-01-30,1997-01-13,False,p244731,2393,13,7,15,21,0,0,0,2,0,0,21,634,770.8,748.0,946.0,246.4,28,11.90,4.34,16.24,24.44,0,0,0,0,0,0,0,38,9,29,25,14,7,10,7,,,,,,,0.45,0.0,0.16,0.61,0.92,0.79,17,11,151,64,10,5,21,7,1.05,0.56,14,0,,12,0,Liverpool,0,0,1,LIV,5,,False,0,1350,1370,1320,1360,1380,1380,10,3,Midfielders,MID,Midfielder,MID,5,,,2,5,False,[],347
True,False,,,118748,0,0,11,-11,12,3,4.5,5.0,10,Mohamed,4.0,328,True,,,136,118748.jpg,9.1,False,Salah,66.3,False,,a,12,14,344,7064777,0,3645258,0,0.3,25.3,M.Salah,63.0,2017-07-01,1992-06-15,False,p118748,3374,29,18,15,40,0,0,0,1,0,0,55,1133,1577.0,1199.2,1985.0,476.0,38,24.70,8.99,33.69,37.83,0,0,0,0,0,0,0,1,1,3,3,1,1,1,1,,,,,2.0,,0.66,0.0,0.24,0.9,1.01,1.07,2,1,71,28,1,1,1,1,1.01,0.4,14,0,,12,0,Liverpool,0,0,1,LIV,5,,False,0,1350,1370,1320,1360,1380,1380,10,3,Midfielders,MID,Midfielder,MID,5,,,2,5,False,[],347
True,False,0.0,0.0,243016,0,0,-3,3,2,3,0.0,0.0,0,Alexis,1.2,329,False,Lack of match fitness - Expected back 16 Aug,2025-05-19T23:30:07.967116Z,62,243016.jpg,3.5,False,Mac Allister,1.7,False,,i,12,14,122,351038,0,474441,0,0.2,19.7,Mac Allister,10.0,2023-06-14,1998-12-24,False,p243016,2597,5,6,14,24,0,0,0,6,0,0,8,578,653.4,731.3,357.0,174.1,30,2.89,5.57,8.46,24.21,0,0,0,0,0,0,0,73,24,32,28,95,62,59,41,4.0,,,,,,0.1,0.0,0.19,0.29,0.84,0.83,63,36,262,126,96,43,149,49,1.04,0.49,14,0,,12,0,Liverpool,0,0,1,LIV,5,,False,0,1350,1370,1320,1360,1380,1380,10,3,Midfielders,MID,Midfielder,MID,5,,,2,5,False,[],347
True,False,100.0,100.0,491501,0,0,-2,2,0,3,1.0,1.0,0,James,0.0,330,False,,2024-09-10T11:24:32.362482Z,43,491501.jpg,0.0,False,McConnell,0.1,False,,a,12,14,0,12191,0,11729,0,0.0,0.0,McConnell,241.0,2023-07-18,2004-09-13,False,p491501,0,0,0,0,0,0,0,0,0,0,0,0,0,0.0,0.0,0.0,0.0,0,0.00,0.00,0.00,0.00,0,0,0,0,0,0,0,668,255,662,256,631,244,668,255,,,,,,,0.0,0.0,0.0,0.0,0.0,0.0,589,342,561,196,675,258,506,184,0.0,0.0,14,0,,12,0,Liverpool,0,0,1,LIV,5,,False,0,1350,1370,1320,1360,1380,1380,10,3,Midfielders,MID,Midfielder,MID,5,,,2,5,False,[],347
True,False,100.0,100.0,440148,0,0,-1,1,0,3,1.0,1.0,0,Tyler,0.0,331,False,,2025-02-07T16:30:07.536970Z,44,440148.jpg,0.0,False,Morton,0.1,False,,a,12,14,0,30396,0,30939,0,0.0,0.0,Morton,241.0,2021-07-22,2002-10-31,False,p440148,0,0,0,0,0,0,0,0,0,0,0,0,0,0.0,0.0,0.0,0.0,0,0.00,0.00,0.00,0.00,0,0,0,0,0,0,0,674,258,670,259,644,248,674,258,,,,,,,0.0,0.0,0.0,0.0,0.0,0.0,529,318,577,202,681,261,473,173,0.0,0.0,14,0,,12,0,Liverpool,0,0,1,LIV,5,,False,0,1350,1370,1320,1360,1380,1380,10,3,Midfielders,MID,Midfielder,MID,5,,,2,5,False,[],347
True,False,100.0,100.0,424876,0,0,-4,4,4,3,6.5,4.8,2,Dominik,3.8,336,False,,2024-12-27T00:30:09.581631Z,61,424876.jpg,4.0,False,Szoboszlai,2.7,False,,a,12,14,143,970976,0,951769,0,0.6,23.4,Szoboszlai,98.0,2023-07-02,2000-10-25,False,p424876,2485,6,10,12,29,0,0,0,6,0,0,14,605,589.8,794.8,601.0,198.1,29,6.94,6.06,13.00,26.78,0,0,0,0,0,0,0,104,39,22,18,50,31,33,26,5.0,,2.0,,,,0.25,0.0,0.22,0.47,0.97,1.05,72,44,86,33,45,22,118,38,1.05,0.43,14,0,,12,0,Liverpool,0,0,1,LIV,5,,False,0,1350,1370,1320,1360,1380,1380,10,3,Midfielders,MID,Midfielder,MID,5,,,2,5,False,[],347
True,False,100.0,100.0,223541,0,0,-2,2,0,3,1.8,1.8,0,Federico,0.8,636,False,,2024-12-26T10:30:09.366339Z,68,223541.jpg,1.2,False,Chiesa,0.2,False,,a,12,14,7,55709,0,55187,0,0.1,1.0,Chiesa,106.0,2024-08-29,1997-10-25,False,p223541,103,0,0,0,3,0,0,0,0,0,0,0,16,9.0,23.5,36.0,6.7,1,0.34,0.15,0.49,2.80,0,0,0,0,0,0,0,504,234,424,220,362,192,469,219,,,,,,,0.3,0.0,0.13,0.43,2.45,2.62,35,16,323,153,444,209,376,121,0.87,0.0,14,0,,12,0,Liverpool,0,0,1,LIV,5,,False,0,1350,1370,1320,1360,1380,1380,10,3,Midfielders,MID,Midfielder,MID,5,,,2,5,False,[],347
True,False,,,591386,0,0,0,0,0,3,1.0,1.0,0,Treymaurice,0.0,688,False,,,45,591386.jpg,0.0,False,Nyoni,0.0,False,,a,12,14,0,1051,0,816,0,0.0,0.0,Nyoni,241.0,2023-11-11,2007-06-30,False,p591386,0,0,0,0,0,0,0,0,0,0,0,0,0,0.0,0.0,0.0,0.0,0,0.00,0.00,0.00,0.00,0,0,0,0,0,0,0,761,321,758,321,741,313,761,321,,,,,,,0.0,0.0,0.0,0.0,0.0,0.0,476,301,684,276,764,322,748,313,0.0,0.0,14,0,,12,0,Liverpool,0,0,1,LIV,5,,False,0,1350,1370,1320,1360,1380,1380,10,3,Midfielders,MID,Midfielder,MID,5,,,2,5,False,[],347
True,False,100.0,100.0,165809,0,0,-4,4,2,3,6.2,5.5,3,Bernardo,5.0,342,False,,2025-03-15T22:00:08.783379Z,61,165809.jpg,3.3,False,Veiga de Carvalho e Silva,2.8,False,,a,13,43,110,979839,0,1228232,0,0.8,18.0,Bernardo,173.0,2017-07-01,1994-08-10,False,p165809,2667,4,4,10,36,0,0,0,7,0,0,13,568,603.0,800.4,532.0,193.6,29,3.84,4.56,8.40,39.68,0,0,0,0,0,0,0,100,38,20,16,56,36,39,31,4.0,,,,,,0.13,0.0,0.15,0.28,1.34,1.21,68,41,43,15,119,54,117,37,0.98,0.34,43,0,,13,0,Man City,0,0,3,MCI,4,,False,0,1220,1270,1160,1170,1280,1370,11,3,Midfielders,MID,Midfielder,MID,5,,,2,5,False,[],347
True,False,100.0,100.0,477555,0,0,-3,3,0,3,0.8,0.7,0,Oscar,0.2,343,False,,2025-05-09T16:00:08.760594Z,47,477555.jpg,1.0,False,Bobb,0.1,False,,a,13,43,3,5257,0,32204,0,0.0,0.6,Bobb,161.0,2022-01-06,2003-07-12,False,p477555,14,0,0,0,1,0,0,0,0,0,0,0,13,4.4,12.6,0.0,1.6,0,0.00,0.02,0.02,0.47,0,0,0,0,0,0,0,520,238,450,229,754,322,519,239,,,,,,,0.0,0.0,0.13,0.13,3.02,6.43,334,217,398,184,513,235,546,207,0.0,0.0,43,0,,13,0,Man City,0,0,3,MCI,4,,False,0,1220,1270,1160,1170,1280,1370,11,3,Midfielders,MID,Midfielder,MID,5,,,2,5,False,[],347
True,False,100.0,100.0,61366,0,0,0,0,4,3,6.2,5.0,1,Kevin,4.5,345,False,,2024-09-18T23:00:07.299083Z,95,61366.jpg,4.1,False,De Bruyne,11.6,False,,a,13,43,114,2706405,0,2382547,0,0.5,12.0,De Bruyne,21.0,2015-08-30,1991-06-28,False,p61366,1694,4,9,10,19,0,0,0,2,0,0,12,462,466.6,920.0,411.0,179.5,19,5.17,6.75,11.92,21.47,0,0,0,0,0,0,0,156,59,12,11,79,51,55,38,1.0,,1.0,,4.0,,0.27,0.0,0.36,0.63,1.14,1.01,6,5,52,17,42,20,37,11,1.01,0.53,43,0,,13,0,Man City,0,0,3,MCI,4,,False,0,1220,1270,1160,1170,1280,1370,11,3,Midfielders,MID,Midfielder,MID,5,,,2,5,False,[],347
True,False,100.0,100.0,248875,0,0,-3,3,1,3,3.2,3.3,3,Jérémy,2.8,346,False,,2025-01-23T00:00:08.182578Z,62,248875.jpg,3.0,False,Doku,1.7,False,,a,13,43,88,581377,0,802508,0,0.5,14.2,Doku,21.0,2023-08-24,2002-05-27,False,p248875,1506,3,6,8,14,0,0,0,1,0,0,3,425,453.8,515.9,528.0,150.0,16,1.32,3.81,5.13,15.18,0,0,0,0,0,0,0,160,62,72,56,57,37,75,51,,,,,,,0.08,0.0,0.23,0.31,0.91,0.84,64,37,149,62,148,66,153,50,0.96,0.48,43,0,,13,0,Man City,0,0,3,MCI,4,,False,0,1220,1270,1160,1170,1280,1370,11,3,Midfielders,MID,Midfielder,MID,5,,,2,5,False,[],347
True,False,100.0,100.0,209244,0,0,-4,4,2,3,1.8,1.7,1,Phil,1.2,348,False,,2025-04-12T06:30:08.213792Z,91,209244.jpg,3.8,False,Foden,4.6,False,,a,13,43,105,1832067,0,3152061,0,0.1,11.5,Foden,241.0,2016-12-05,2000-05-28,False,p209244,1771,7,3,6,24,0,0,0,2,0,0,10,454,448.0,749.0,449.0,164.2,20,5.17,5.33,10.49,29.11,0,0,0,0,0,0,0,161,63,28,24,71,45,61,42,3.0,,,,,,0.26,0.0,0.27,0.53,1.48,1.22,9,6,265,127,67,33,82,24,1.02,0.3,43,0,,13,0,Man City,0,0,3,MCI,4,,False,0,1220,1270,1160,1170,1280,1370,11,3,Midfielders,MID,Midfielder,MID,5,,,2,5,False,[],347
True,False,100.0,100.0,114283,0,0,-1,1,0,3,0.8,0.7,0,Jack,0.2,349,False,,2025-02-12T09:00:09.233925Z,64,114283.jpg,1.9,False,Grealish,0.2,False,,a,13,43,38,55079,0,64648,0,0.0,5.9,Grealish,241.0,2021-08-05,1995-09-10,False,p114283,710,1,1,2,10,0,0,0,3,0,0,4,187,157.2,321.4,234.0,71.3,7,1.13,1.67,2.80,11.33,0,0,0,0,0,0,0,343,156,130,91,150,97,229,115,,,,,,,0.14,0.0,0.21,0.35,1.44,1.27,49,25,412,194,324,148,338,107,0.89,0.25,43,0,,13,0,Man City,0,0,3,MCI,4,,False,0,1220,1270,1160,1170,1280,1370,11,3,Midfielders,MID,Midfielder,MID,5,,,2,5,False,[],347
True,False,100.0,0.0,91651,0,0,-1,1,3,3,0.0,0.0,0,Mateo,2.0,354,False,,2025-05-21T00:00:08.373244Z,54,91651.jpg,3.5,False,Kovačić,1.2,False,,a,13,43,109,777810,0,787720,0,0.4,20.2,Kovačić,97.0,2023-06-27,1994-05-06,False,p91651,2194,6,3,10,29,0,0,0,5,1,0,13,542,606.4,579.3,204.0,139.1,25,1.91,3.21,5.11,31.50,0,0,0,0,0,0,0,97,36,58,48,174,111,89,59,,,,,,,0.08,0.0,0.13,0.21,1.29,1.19,123,76,197,86,94,42,180,58,1.03,0.41,43,0,,13,0,Man City,0,0,3,MCI,4,,False,0,1220,1270,1160,1170,1280,1370,11,3,Midfielders,MID,Midfielder,MID,5,,,2,5,False,[],347
True,False,100.0,100.0,465351,0,0,-1,1,1,3,3.2,4.0,6,Matheus Luiz,3.5,356,False,,2024-12-21T22:00:08.310190Z,49,465351.jpg,3.1,False,Nunes,0.2,False,,a,13,43,81,91520,0,84423,0,0.7,16.5,Matheus N.,173.0,2023-09-01,1998-08-27,False,p465351,1670,1,7,9,19,0,0,0,4,0,0,6,373,370.4,422.4,206.0,99.9,19,1.11,3.32,4.43,24.87,0,0,0,0,0,0,0,199,86,93,72,172,109,147,86,,,,,,,0.06,0.0,0.18,0.24,1.34,1.02,266,171,94,37,138,62,398,136,1.02,0.49,43,0,,13,0,Man City,0,0,3,MCI,4,,False,0,1220,1270,1160,1170,1280,1370,11,3,Midfielders,MID,Midfielder,MID,5,,,2,5,False,[],347
True,False,,,432714,0,0,-4,4,0,3,1.2,1.0,0,James,0.5,357,False,,,46,432714.jpg,2.1,False,McAtee,0.1,False,,a,13,43,31,31125,0,30488,0,0.1,6.7,McAtee,241.0,2021-07-26,2002-10-18,False,p432714,340,3,0,0,6,0,0,0,1,0,0,0,102,113.0,64.6,136.0,30.7,3,2.80,0.80,3.60,5.25,0,0,0,0,0,0,0,382,180,343,195,235,136,362,181,,,,,,,0.74,0.0,0.21,0.95,1.39,1.59,356,229,345,160,273,118,458,165,0.79,0.0,43,0,,13,0,Man City,0,0,3,MCI,4,,False,0,1220,1270,1160,1170,1280,1370,11,3,Midfielders,MID,Midfielder,MID,5,,,2,5,False,[],347
True,False,100.0,100.0,220566,0,0,-3,3,0,3,0.8,0.7,0,Rodrigo 'Rodri',0.2,360,False,,2024-09-22T22:00:05.633631Z,62,220566.jpg,1.0,False,Hernandez,0.8,False,,a,13,43,3,42024,0,422926,0,0.0,0.5,Rodrigo,200.0,2019-07-04,1996-06-22,False,p220566,72,0,0,0,1,0,0,0,0,0,0,0,21,12.2,17.5,0.0,3.0,1,0.00,0.09,0.09,0.33,0,0,0,0,0,0,0,498,228,437,224,799,345,497,232,,,,,,,0.0,0.0,0.11,0.11,0.41,1.25,61,34,411,193,529,247,232,74,1.25,0.0,43,0,,13,0,Man City,0,0,3,MCI,4,,False,0,1220,1270,1160,1170,1280,1370,11,3,Midfielders,MID,Midfielder,MID,5,,,2,5,False,[],347
True,False,100.0,100.0,510281,0,0,-5,5,2,3,0.8,1.0,1,Sávio 'Savinho',0.5,571,False,,2024-10-31T02:30:07.756984Z,60,510281.jpg,3.7,False,Moreira de Oliveira,1.9,False,,a,13,43,106,1583671,0,1486188,0,0.1,17.7,Savinho,30.0,2024-07-18,2004-04-10,False,p510281,1760,1,11,8,25,0,0,0,3,0,0,15,442,415.2,682.9,671.0,177.3,21,5.02,6.10,11.12,21.39,0,0,0,0,0,0,0,175,71,40,34,42,25,57,40,6.0,,4.0,,,,0.26,0.0,0.31,0.57,1.09,1.28,79,51,360,171,74,34,139,47,1.07,0.41,43,0,,13,0,Man City,0,0,3,MCI,4,,False,0,1220,1270,1160,1170,1280,1370,11,3,Midfielders,MID,Midfielder,MID,5,,,2,5,False,[],347
True,False,100.0,100.0,472769,0,0,-1,1,1,3,1.2,1.0,0,Nico,0.5,607,False,,2024-11-13T15:30:08.718593Z,49,472769.jpg,3.4,False,O'Reilly,0.2,False,,a,13,43,31,59628,0,35497,0,0.1,6.3,O’Reilly,241.0,2022-12-16,2005-03-21,False,p472769,525,2,0,3,3,0,0,0,0,0,0,4,118,133.4,76.2,112.0,32.2,6,1.28,0.68,1.96,5.49,0,0,0,0,0,0,0,365,169,327,189,264,150,354,177,,,,,,,0.22,0.0,0.12,0.34,0.94,0.51,267,172,352,165,103,45,336,105,1.03,0.51,43,0,,13,0,Man City,0,0,3,MCI,4,,False,0,1220,1270,1160,1170,1280,1370,11,3,Midfielders,MID,Midfielder,MID,5,,,2,5,False,[],347
True,False,,,59859,0,0,-2,2,1,3,3.5,6.3,14,Ilkay,5.8,625,False,,,63,59859.jpg,2.9,False,Gündogan,0.5,False,,a,13,43,97,182462,0,163328,0,0.9,15.4,Gündogan,80.0,2024-08-23,1990-10-24,False,p59859,2218,1,7,10,28,0,0,0,1,0,0,5,460,387.0,781.3,273.0,144.2,25,3.21,4.43,7.63,35.69,0,0,0,0,0,0,0,189,80,25,21,123,81,83,56,2.0,,2.0,,,,0.13,0.0,0.18,0.31,1.45,1.14,51,26,26,7,159,70,263,81,1.01,0.41,43,0,,13,0,Man City,0,0,3,MCI,4,,False,0,1220,1270,1160,1170,1280,1370,11,3,Midfielders,MID,Midfielder,MID,5,,,2,5,False,[],347
True,False,0.0,0.0,516250,0,0,0,0,0,3,0.0,0.0,0,Jacob,0.0,671,False,Loaned to Norwich City,2025-02-05T21:04:28.321130Z,45,516250.jpg,0.0,False,Wright,0.0,False,,u,13,43,0,2083,0,1974,0,0.0,0.0,Wright,241.0,2024-01-06,,False,p516250,0,0,0,0,0,0,0,0,0,0,0,0,0,0.0,0.0,0.0,0.0,0,0.00,0.00,0.00,0.00,0,0,0,0,0,0,0,728,297,724,297,706,288,728,297,,,,,,,0.0,0.0,0.0,0.0,0.0,0.0,433,271,646,249,732,298,716,297,0.0,0.0,43,0,,13,0,Man City,0,0,3,MCI,4,,False,0,1220,1270,1160,1170,1280,1370,11,3,Midfielders,MID,Midfielder,MID,5,,,2,5,False,[],347
True,False,,,465694,0,0,0,0,0,3,2.8,3.0,3,Nico,2.5,765,False,,,60,465694.jpg,2.8,False,González,0.0,False,,a,13,43,31,8977,0,6367,0,0.4,5.2,N.Gonzalez,200.0,2025-02-03,2002-01-03,False,p465694,760,1,1,6,7,0,0,0,3,0,0,0,123,137.2,78.7,62.0,27.5,9,0.45,0.48,0.93,8.99,0,0,0,0,0,0,0,364,168,322,187,320,176,370,184,,,,,,,0.05,0.0,0.06,0.11,1.06,0.83,78,50,163,68,178,75,595,231,1.07,0.71,43,0,,13,0,Man City,0,0,3,MCI,4,,False,0,1220,1270,1160,1170,1280,1370,11,3,Midfielders,MID,Midfielder,MID,5,,,2,5,False,[],347
True,False,,,575204,0,0,-2,2,0,3,0.5,0.7,1,Claudio,0.2,785,False,,,58,575204.jpg,1.0,False,Echeverri,0.0,False,,a,13,43,1,834,0,572,0,0.0,0.2,Echeverri,10.0,2024-01-25,2006-01-02,False,p575204,5,0,0,0,0,0,0,0,0,0,0,0,2,2.2,0.4,0.0,0.3,0,0.00,0.01,0.01,0.45,0,0,0,0,0,0,0,539,249,507,248,797,343,544,252,,,,,,,0.0,0.0,0.18,0.18,8.1,0.0,93,60,409,191,527,245,740,308,0.0,0.0,43,0,,13,0,Man City,0,0,3,MCI,4,,False,0,1220,1270,1160,1170,1280,1370,11,3,Midfielders,MID,Midfielder,MID,5,,,2,5,False,[],347
True,False,100.0,100.0,493250,0,0,3,-3,3,3,2.2,5.5,13,Amad,5.5,364,False,,2025-02-15T18:30:08.930349Z,53,493250.jpg,5.0,False,Diallo,4.1,False,,a,14,1,129,3991127,0,4001407,0,1.0,24.3,Amad,54.0,2021-01-07,2002-07-11,False,p493250,1898,8,8,7,30,0,0,0,5,0,0,17,569,634.0,687.2,615.0,193.8,20,4.71,3.98,8.69,31.71,0,0,0,0,0,0,0,77,26,39,33,49,30,38,30,3.0,,,,,,0.22,0.0,0.19,0.41,1.5,1.42,155,93,32,9,12,7,94,29,0.95,0.33,1,0,,14,0,Man Utd,0,0,15,MUN,3,,False,0,1095,1135,1120,1130,1070,1140,12,3,Midfielders,MID,Midfielder,MID,5,,,2,5,False,[],347
True,False,0.0,0.0,467169,0,0,-3,3,0,3,0.0,0.0,0,Antony Matheus,0.0,365,False,Loaned to Real Betis,2025-01-27T09:58:14.449507Z,57,467169.jpg,1.0,False,dos Santos,0.2,False,,u,14,1,8,18431,0,38780,0,0.0,1.4,Antony,30.0,2022-09-01,,False,p467169,135,0,0,0,2,0,0,0,0,0,0,0,37,35.0,50.7,74.0,15.8,0,0.60,0.21,0.81,2.05,0,0,0,0,0,0,0,458,206,360,198,302,169,419,199,,,,,,,0.4,0.0,0.14,0.54,1.37,1.33,98,65,784,337,526,244,380,123,0.0,0.0,1,0,,14,0,Man Utd,0,0,15,MUN,3,,False,0,1095,1135,1120,1130,1070,1140,12,3,Midfielders,MID,Midfielder,MID,5,,,2,5,False,[],347
True,False,100.0,100.0,141746,0,0,-1,1,3,3,1.8,2.5,7,Bruno,2.5,366,False,,2024-12-27T00:30:09.652602Z,84,141746.jpg,4.8,False,Borges Fernandes,13.7,False,,a,14,1,174,4812923,0,5343496,0,0.3,20.7,B.Fernandes,173.0,2020-01-30,1994-09-08,False,p141746,3017,8,12,10,47,0,0,0,3,2,0,28,810,1017.8,1407.7,587.0,300.8,35,9.93,7.89,17.82,45.85,0,0,0,0,0,0,0,8,4,1,1,51,32,4,4,1.0,,1.0,,1.0,,0.3,0.0,0.24,0.54,1.37,1.4,10,7,164,69,14,8,29,10,1.04,0.3,1,0,,14,0,Man Utd,0,0,15,MUN,3,,False,0,1095,1135,1120,1130,1070,1140,12,3,Midfielders,MID,Midfielder,MID,5,,,2,5,False,[],347
True,False,100.0,100.0,61256,0,0,-4,4,1,3,1.0,1.0,2,Carlos Henrique,1.0,368,False,,2024-11-10T23:00:08.039181Z,46,61256.jpg,2.0,False,Casimiro,0.4,False,,a,14,1,48,130546,0,162297,0,0.2,10.4,Casemiro,30.0,2022-08-22,1992-02-23,False,p61256,1489,1,0,6,20,0,0,0,5,0,0,3,300,433.2,348.2,265.0,104.8,18,1.80,1.99,3.79,24.00,0,0,0,0,0,0,0,165,67,117,83,126,83,143,82,,,,,,,0.11,0.0,0.12,0.23,1.45,1.21,346,225,274,129,296,130,273,83,1.09,0.36,1,0,,14,0,Man Utd,0,0,15,MUN,3,,False,0,1095,1135,1120,1130,1070,1140,12,3,Midfielders,MID,Midfielder,MID,5,,,2,5,False,[],347
True,False,100.0,100.0,80607,0,0,-3,3,0,3,1.5,2.8,6,Christian,2.8,370,False,,2024-11-01T10:30:06.566158Z,52,80607.jpg,2.0,False,Eriksen,0.2,False,,a,14,1,45,25596,0,38042,0,0.5,8.7,Eriksen,58.0,2022-07-15,1992-02-14,False,p80607,1052,1,2,4,16,0,0,0,4,0,0,0,228,235.8,474.3,79.0,78.9,11,1.31,2.60,3.91,18.54,0,0,0,0,0,0,0,277,126,81,63,298,167,204,105,2.0,,4.0,,,,0.11,0.0,0.22,0.33,1.59,1.37,160,96,144,60,303,136,382,125,0.94,0.34,1,0,,14,0,Man Utd,0,0,15,MUN,3,,False,0,1095,1135,1120,1130,1070,1140,12,3,Midfielders,MID,Midfielder,MID,5,,,2,5,False,[],347
True,False,100.0,100.0,493105,0,0,-6,6,2,3,4.0,3.5,0,Alejandro,3.5,372,False,,2024-10-07T15:30:06.108745Z,59,493105.jpg,2.9,False,Garnacho,4.7,False,,a,14,1,106,1273615,0,2554030,0,0.6,18.0,Garnacho,10.0,2022-04-15,2004-07-01,False,p493105,2188,6,4,5,36,0,0,0,3,0,0,7,370,454.0,532.2,904.0,188.3,23,7.40,2.76,10.16,35.43,0,0,0,0,0,0,0,159,61,66,53,17,9,42,32,,,,,,,0.3,0.0,0.11,0.41,1.46,1.48,86,56,99,41,157,69,78,22,0.95,0.21,1,0,,14,0,Man Utd,0,0,15,MUN,3,,False,0,1095,1135,1120,1130,1070,1140,12,3,Midfielders,MID,Midfielder,MID,5,,,2,5,False,[],347
True,False,0.0,0.0,465527,0,0,0,0,0,3,0.0,0.0,0,Hannibal,0.0,373,False,Permanent move to Burnley,2024-08-30T09:47:42.727251Z,45,465527.jpg,0.0,False,Mejbri,0.0,False,,u,14,1,0,1740,0,11919,0,0.0,0.0,Hannibal,,,,False,p465527,0,0,0,0,0,0,0,0,0,0,0,0,0,0.0,0.0,0.0,0.0,0,0.00,0.00,0.00,0.00,0,0,0,0,0,0,0,709,281,706,281,686,272,709,281,,,,,,,0.0,0.0,0.0,0.0,0.0,0.0,402,249,623,231,714,282,613,242,0.0,0.0,1,0,,14,0,Man Utd,0,0,15,MUN,3,,False,0,1095,1135,1120,1130,1070,1140,12,3,Midfielders,MID,Midfielder,MID,5,,,2,5,False,[],347
True,False,100.0,100.0,516895,0,0,-3,3,0,3,1.8,1.5,1,Kobbie,1.5,378,False,,2025-02-17T10:00:09.757660Z,52,516895.jpg,1.7,False,Mainoo,1.7,False,,a,14,1,42,157536,0,627601,0,0.3,8.1,Mainoo,241.0,2022-10-15,2005-04-19,False,p516895,1646,0,0,5,27,0,0,0,5,0,0,0,229,196.6,250.8,137.0,58.8,19,0.84,1.78,2.62,25.23,0,0,0,0,0,0,0,316,142,174,119,234,135,269,140,,,,,,,0.05,0.0,0.1,0.15,1.38,1.48,177,105,238,114,356,165,148,48,1.04,0.27,1,0,,14,0,Man Utd,0,0,15,MUN,3,,False,0,1095,1135,1120,1130,1070,1140,12,3,Midfielders,MID,Midfielder,MID,5,,,2,5,False,[],347
True,False,0.0,0.0,195851,0,0,-1,1,0,3,0.0,0.0,0,Scott,0.0,381,False,Transferred to Napoli,2024-08-31T06:16:49.087133Z,49,195851.jpg,1.0,False,McTominay,0.1,False,,u,14,1,2,6691,0,93446,0,0.0,0.4,McTominay,,,,False,p195851,17,0,0,0,1,0,0,0,0,0,0,0,4,3.2,0.3,5.0,0.9,0,0.07,0.00,0.07,0.66,0,0,0,0,0,0,0,530,244,517,251,457,234,528,244,,,,,,,0.37,0.0,0.0,0.37,3.49,5.29,249,159,726,303,519,239,422,145,0.0,0.0,1,0,,14,0,Man Utd,0,0,15,MUN,3,,False,0,1095,1135,1120,1130,1070,1140,12,3,Midfielders,MID,Midfielder,MID,5,,,2,5,False,[],347
True,False,100.0,100.0,184341,0,0,-2,2,0,3,2.8,3.2,3,Mason,3.2,382,False,,2024-12-16T09:30:07.044661Z,63,184341.jpg,1.5,False,Mount,0.2,False,,a,14,1,25,22546,0,33721,0,0.5,4.0,Mount,241.0,2023-07-05,1999-01-10,False,p184341,613,1,0,3,11,0,0,0,3,0,0,0,74,104.0,140.0,218.0,45.6,8,3.37,0.57,3.94,8.24,0,0,0,0,0,0,0,396,186,259,160,162,103,303,155,,,,,,,0.49,0.0,0.08,0.57,1.21,1.62,53,27,113,49,392,185,372,119,1.17,0.44,1,0,,14,0,Man Utd,0,0,15,MUN,3,,False,0,1095,1135,1120,1130,1070,1140,12,3,Midfielders,MID,Midfielder,MID,5,,,2,5,False,[],347
True,False,0.0,0.0,488404,0,0,0,0,0,3,0.0,0.0,0,Facundo,0.0,384,False,Transferred to Panathinaikos,2024-08-22T11:21:35.952901Z,50,488404.jpg,0.0,False,Pellistri Rebollo,0.0,False,,u,14,1,0,61,0,1930,0,0.0,0.0,Pellistri,,,,False,p488404,0,0,0,0,0,0,0,0,0,0,0,0,0,0.0,0.0,0.0,0.0,0,0.00,0.00,0.00,0.00,0,0,0,0,0,0,0,788,339,787,339,780,337,788,339,,,,,,,0.0,0.0,0.0,0.0,0.0,0.0,225,142,751,322,788,339,734,306,0.0,0.0,1,0,,14,0,Man Utd,0,0,15,MUN,3,,False,0,1095,1135,1120,1130,1070,1140,12,3,Midfielders,MID,Midfielder,MID,5,,,2,5,False,[],347
True,False,100.0,100.0,490881,0,0,0,0,0,3,0.0,0.0,0,Toby,0.0,613,False,,2025-04-11T00:00:08.945658Z,45,490881.jpg,1.0,False,Collyer,0.0,False,,a,14,1,6,13833,0,12624,0,0.0,1.3,Collyer,241.0,2023-07-01,2004-01-03,False,p490881,174,0,0,0,2,0,0,0,0,0,0,0,40,40.4,29.9,8.0,7.9,0,0.08,0.37,0.45,3.09,0,0,0,0,0,0,0,449,202,407,214,442,224,459,215,,,,,,,0.04,0.0,0.19,0.23,1.6,1.03,413,254,631,235,494,223,574,220,0.0,0.0,1,0,,14,0,Man Utd,0,0,15,MUN,3,,False,0,1095,1135,1120,1130,1070,1140,12,3,Midfielders,MID,Midfielder,MID,5,,,2,5,False,[],347
True,False,100.0,100.0,232112,0,0,-1,1,0,3,2.2,1.2,0,Manuel,1.2,652,False,,2025-03-06T00:00:09.853102Z,49,232112.jpg,1.7,False,Ugarte,0.1,False,,a,14,1,49,37579,0,32816,0,0.2,10.0,Ugarte,230.0,2024-08-30,2001-04-11,False,p232112,1777,1,2,4,33,1,0,0,11,0,0,1,318,313.6,195.9,113.0,62.1,22,1.00,0.67,1.67,29.54,0,0,0,0,0,0,0,236,105,212,142,259,147,262,136,,,,,,,0.05,0.0,0.03,0.08,1.5,1.67,259,165,255,120,353,162,456,163,1.11,0.2,1,0,,14,0,Man Utd,0,0,15,MUN,3,,False,0,1095,1135,1120,1130,1070,1140,12,3,Midfielders,MID,Midfielder,MID,5,,,2,5,False,[],347
True,False,,,547037,0,0,0,0,0,3,0.0,0.0,0,Jack,0.0,667,False,,,45,547037.jpg,0.0,False,Fletcher,0.0,False,,a,14,1,0,1464,0,1224,0,0.0,0.0,Fletcher,241.0,2024-07-12,2007-03-19,False,p547037,0,0,0,0,0,0,0,0,0,0,0,0,0,0.0,0.0,0.0,0.0,0,0.00,0.00,0.00,0.00,0,0,0,0,0,0,0,743,309,739,309,723,301,743,309,,,,,,,0.0,0.0,0.0,0.0,0.0,0.0,454,287,664,263,747,310,713,294,0.0,0.0,1,0,,14,0,Man Utd,0,0,15,MUN,3,,False,0,1095,1135,1120,1130,1070,1140,12,3,Midfielders,MID,Midfielder,MID,5,,,2,5,False,[],347
True,False,,,556639,0,0,0,0,0,3,0.0,0.0,0,Jayce,0.0,673,False,,,45,556639.jpg,0.0,False,Fitzgerald,0.0,False,,a,14,1,0,759,0,624,0,0.0,0.0,Fitzgerald,241.0,2024-10-29,2007-05-09,False,p556639,0,0,0,0,0,0,0,0,0,0,0,0,0,0.0,0.0,0.0,0.0,0,0.00,0.00,0.00,0.00,0,0,0,0,0,0,0,750,314,746,314,730,306,750,314,,,,,,,0.0,0.0,0.0,0.0,0.0,0.0,463,293,671,268,753,315,737,307,0.0,0.0,1,0,,14,0,Man Utd,0,0,15,MUN,3,,False,0,1095,1135,1120,1130,1070,1140,12,3,Midfielders,MID,Midfielder,MID,5,,,2,5,False,[],347
True,False,,,559684,0,0,0,0,0,3,0.0,0.0,0,Jack,0.0,778,False,,,45,559684.jpg,0.0,False,Moorhouse,0.0,False,,a,14,1,0,264,0,146,0,0.0,0.0,Moorhouse,104.0,2025-02-15,2005-11-29,False,p559684,0,0,0,0,0,0,0,0,0,0,0,0,0,0.0,0.0,0.0,0.0,0,0.00,0.00,0.00,0.00,0,0,0,0,0,0,0,751,315,747,315,731,307,751,315,,,,,,,0.0,0.0,0.0,0.0,0.0,0.0,464,294,672,269,754,316,782,332,0.0,0.0,1,0,,14,0,Man Utd,0,0,15,MUN,3,,False,0,1095,1135,1120,1130,1070,1140,12,3,Midfielders,MID,Midfielder,MID,5,,,2,5,False,[],347
True,False,,,618873,0,0,0,0,0,3,0.0,0.0,0,Sékou,0.0,779,False,,,45,618873.jpg,0.0,False,Koné,0.0,False,,a,14,1,0,568,0,302,0,0.0,0.0,Koné,132.0,2025-02-15,2006-02-03,False,p618873,0,0,0,0,0,0,0,0,0,0,0,0,0,0.0,0.0,0.0,0.0,0,0.00,0.00,0.00,0.00,0,0,0,0,0,0,0,768,326,766,326,750,319,768,326,,,,,,,0.0,0.0,0.0,0.0,0.0,0.0,491,309,694,282,770,327,756,317,0.0,0.0,1,0,,14,0,Man Utd,0,0,15,MUN,3,,False,0,1095,1135,1120,1130,1070,1140,12,3,Midfielders,MID,Midfielder,MID,5,,,2,5,False,[],347
True,False,0.0,0.0,179018,0,0,-6,6,0,3,0.0,0.0,0,Miguel,0.0,391,False,Loaned to Atlanta United,2025-02-03T10:23:53.692418Z,54,179018.jpg,1.1,False,Almirón Rejala,0.3,False,,u,15,4,10,42668,0,118851,0,0.0,1.9,Almirón,168.0,2019-01-31,,False,p179018,150,0,0,0,3,0,0,0,0,0,0,0,36,15.2,40.9,57.0,11.3,1,0.52,0.19,0.71,3.67,0,0,0,0,0,0,0,492,227,380,206,328,180,433,203,,,,,,,0.31,0.0,0.11,0.42,2.2,1.8,128,78,771,329,451,212,313,96,0.6,0.0,4,0,,15,0,Newcastle,0,0,5,NEW,4,,False,0,1220,1255,1150,1170,1290,1340,23,3,Midfielders,MID,Midfielder,MID,5,,,2,5,False,[],347
True,False,100.0,100.0,201666,0,0,-6,6,1,3,3.0,2.7,2,Harvey,2.2,392,False,,2025-01-12T22:00:08.256604Z,59,201666.jpg,3.9,False,Barnes,4.2,False,,a,15,4,130,1423799,0,1039084,0,0.4,22.0,Barnes,241.0,2023-07-23,1997-12-09,False,p201666,1746,9,5,6,23,0,0,0,0,0,0,13,442,522.2,407.1,701.0,163.1,17,6.45,4.40,10.85,24.32,0,0,0,0,0,0,0,130,50,96,75,36,21,62,43,,,,,,,0.33,0.0,0.23,0.56,1.25,1.19,80,52,182,79,56,27,90,26,0.88,0.31,4,0,,15,0,Newcastle,0,0,5,NEW,4,,False,0,1220,1255,1150,1170,1290,1340,23,3,Midfielders,MID,Midfielder,MID,5,,,2,5,False,[],347
True,False,100.0,100.0,208706,0,0,-3,3,1,3,4.0,3.7,2,Bruno,3.2,394,False,,2024-11-26T02:30:08.074203Z,62,208706.jpg,3.6,False,Guimarães Rodriguez Moura,3.0,False,,a,15,4,135,590334,0,632726,0,0.5,21.8,Bruno G.,30.0,2022-01-30,1997-11-16,False,p208706,3273,5,6,13,44,0,0,0,7,0,0,10,661,723.0,796.0,454.0,197.5,38,4.34,5.32,9.66,43.41,0,0,0,0,0,0,0,55,14,21,17,70,44,35,27,,,,,,,0.12,0.0,0.15,0.27,1.19,1.21,58,31,112,48,84,38,112,36,1.04,0.36,4,0,,15,0,Newcastle,0,0,5,NEW,4,,False,0,1220,1255,1150,1170,1290,1340,23,3,Midfielders,MID,Midfielder,MID,5,,,2,5,False,[],347
True,False,100.0,100.0,232826,0,0,-1,1,1,3,2.3,2.3,1,Anthony,1.8,398,False,,2025-03-03T01:00:07.799534Z,74,232826.jpg,3.6,False,Gordon,8.0,False,,a,15,4,124,3569855,0,5263072,0,0.2,16.8,Gordon,241.0,2023-01-29,2001-02-24,False,p232826,2428,6,6,10,33,0,0,1,2,0,0,9,476,537.0,777.3,655.0,196.8,28,8.19,4.80,12.99,32.62,0,0,0,0,0,0,0,125,47,26,22,44,26,36,28,3.0,,,,3.0,,0.3,0.0,0.18,0.48,1.21,1.22,19,13,225,104,87,40,48,14,1.04,0.37,4,0,,15,0,Newcastle,0,0,5,NEW,4,,False,0,1220,1255,1150,1170,1290,1340,23,3,Midfielders,MID,Midfielder,MID,5,,,2,5,False,[],347
True,False,0.0,0.0,153127,0,0,-1,1,0,3,0.0,0.0,0,Isaac,0.0,400,False,Loaned to Portsmouth,2025-01-17T11:53:46.314664Z,44,153127.jpg,0.0,False,Hayden,0.1,False,,u,15,4,0,11061,0,14879,0,0.0,0.0,Hayden,107.0,2016-07-11,,False,p153127,0,0,0,0,0,0,0,0,0,0,0,0,0,0.0,0.0,0.0,0.0,0,0.00,0.00,0.00,0.00,0,0,0,0,0,0,0,671,257,665,258,637,247,671,257,,,,,,,0.0,0.0,0.0,0.0,0.0,0.0,504,313,567,199,678,260,534,202,0.0,0.0,4,0,,15,0,Newcastle,0,0,5,NEW,4,,False,0,1220,1255,1150,1170,1290,1340,23,3,Midfielders,MID,Midfielder,MID,5,,,2,5,False,[],347
True,False,100.0,100.0,114243,0,0,-3,3,4,3,4.0,3.0,2,Jacob,2.5,402,False,,2025-01-13T14:00:09.130787Z,52,114243.jpg,4.5,False,Murphy,14.3,False,,a,15,4,159,3322876,0,1910681,0,0.5,30.6,J.Murphy,241.0,2017-07-19,1995-02-24,False,p114243,2356,8,13,11,31,0,0,0,4,0,0,11,601,713.4,625.2,519.0,185.6,31,5.89,6.14,12.03,28.19,0,0,0,0,0,0,0,57,16,52,43,59,38,47,35,,,,,,,0.22,0.0,0.23,0.45,1.08,1.18,166,99,162,67,21,10,28,9,1.18,0.42,4,0,,15,0,Newcastle,0,0,5,NEW,4,,False,0,1220,1255,1150,1170,1290,1340,23,3,Midfielders,MID,Midfielder,MID,5,,,2,5,False,[],347
True,False,0.0,0.0,180974,0,0,0,0,3,3,0.0,0.0,0,Joelinton Cássio,0.0,403,False,Knee injury - Expected back 01 Jun,2025-04-27T12:00:08.326979Z,60,180974.jpg,3.4,False,Apolinário de Lira,1.1,False,,i,15,4,99,474704,0,534889,0,0.0,16.5,Joelinton,30.0,2019-07-24,1996-08-14,False,p180974,2394,4,4,10,32,0,0,0,10,0,0,11,374,469.8,389.3,465.0,132.7,29,3.74,2.17,5.91,31.79,0,0,0,0,0,0,0,154,58,104,76,69,43,94,61,,,,,,,0.14,0.0,0.08,0.22,1.2,1.2,75,47,788,340,111,51,199,63,1.09,0.38,4,0,,15,0,Newcastle,0,0,5,NEW,4,,False,0,1220,1255,1150,1170,1290,1340,23,3,Midfielders,MID,Midfielder,MID,5,,,2,5,False,[],347
True,False,,,564510,0,0,-1,1,0,3,0.5,0.5,0,Garang,0.0,406,False,,,44,564510.jpg,0.0,False,Kuol,0.1,False,,a,15,4,0,11986,0,11924,0,0.0,0.0,Kuol,13.0,2023-01-01,,False,p564510,0,0,0,0,0,0,0,0,0,0,0,0,0,0.0,0.0,0.0,0.0,0,0.00,0.00,0.00,0.00,0,0,0,0,0,0,0,682,265,677,265,653,255,682,265,,,,,,,0.0,0.0,0.0,0.0,0.0,0.0,547,329,588,210,687,266,510,186,0.0,0.0,4,0,,15,0,Newcastle,0,0,5,NEW,4,,False,0,1220,1255,1150,1170,1290,1340,23,3,Midfielders,MID,Midfielder,MID,5,,,2,5,False,[],347
True,False,,,180135,0,0,-6,6,0,3,0.7,0.7,0,Sean,0.2,410,False,,,44,180135.jpg,1.4,False,Longstaff,0.3,False,,a,15,4,34,87114,0,164578,0,0.0,7.7,Longstaff,241.0,2018-08-09,1997-10-30,False,p180135,783,0,1,2,11,0,0,0,2,0,0,0,131,117.2,78.4,76.0,27.3,8,0.60,0.22,0.82,11.32,0,0,0,0,0,0,0,377,176,323,188,300,168,372,185,,,,,,,0.07,0.0,0.03,0.1,1.3,1.26,506,314,385,175,407,188,297,90,0.92,0.23,4,0,,15,0,Newcastle,0,0,5,NEW,4,,False,0,1220,1255,1150,1170,1290,1340,23,3,Midfielders,MID,Midfielder,MID,5,,,2,5,False,[],347
True,False,100.0,100.0,547719,0,0,0,0,0,3,1.3,1.0,0,Lewis,0.5,411,False,,2024-07-17T13:30:05.048462Z,50,547719.jpg,1.5,False,Miley,0.0,False,,a,15,4,21,2887,0,2621,0,0.1,4.2,Miley,241.0,2023-02-01,2006-05-01,False,p547719,304,1,0,0,4,0,0,0,0,0,0,1,88,87.4,33.5,45.0,16.7,1,0.57,0.30,0.87,5.68,0,0,0,0,0,0,0,407,190,395,210,351,188,410,197,,,,,,,0.17,0.0,0.09,0.26,1.68,1.18,233,148,356,168,391,184,667,273,0.3,0.0,4,0,,15,0,Newcastle,0,0,5,NEW,4,,False,0,1220,1255,1150,1170,1290,1340,23,3,Midfielders,MID,Midfielder,MID,5,,,2,5,False,[],347
True,False,100.0,100.0,432422,0,0,0,0,3,3,5.0,4.7,2,Sandro,4.2,417,False,,2024-07-17T13:30:05.060878Z,55,432422.jpg,2.9,False,Tonali,0.9,False,,a,15,4,106,199691,0,131918,0,0.8,19.3,Tonali,106.0,2023-07-03,2000-05-08,False,p432422,2625,4,2,11,34,0,0,0,5,0,0,10,536,539.4,496.3,299.0,133.5,28,4.46,2.77,7.23,33.18,0,0,0,0,0,0,0,124,46,78,60,115,77,93,60,4.0,,4.0,,,,0.15,0.0,0.09,0.24,1.14,1.17,114,71,56,20,155,68,220,70,0.96,0.38,4,0,,15,0,Newcastle,0,0,5,NEW,4,,False,0,1220,1255,1150,1170,1290,1340,23,3,Midfielders,MID,Midfielder,MID,5,,,2,5,False,[],347
True,False,0.0,0.0,461484,0,0,0,0,0,3,0.0,0.0,0,Joe,0.0,419,False,Loaned to MK Dons,2024-08-31T08:20:54.098792Z,45,461484.jpg,0.0,False,White,0.1,False,,u,15,4,0,12007,0,43527,0,0.0,0.0,White,,,,False,p461484,0,0,0,0,0,0,0,0,0,0,0,0,0,0.0,0.0,0.0,0.0,0,0.00,0.00,0.00,0.00,0,0,0,0,0,0,0,706,278,703,278,683,269,706,278,,,,,,,0.0,0.0,0.0,0.0,0.0,0.0,399,246,620,228,711,279,447,158,0.0,0.0,4,0,,15,0,Newcastle,0,0,5,NEW,4,,False,0,1220,1255,1150,1170,1290,1340,23,3,Midfielders,MID,Midfielder,MID,5,,,2,5,False,[],347
True,False,100.0,100.0,200089,0,0,-3,3,0,3,1.5,1.0,1,Joe,0.5,420,False,,2025-05-11T23:30:09.348986Z,47,200089.jpg,1.4,False,Willock,0.1,False,,a,15,4,46,42133,0,49315,0,0.1,9.8,Willock,241.0,2021-08-13,1999-08-20,False,p200089,1065,0,2,4,16,0,0,0,4,0,0,0,139,172.8,273.8,197.0,63.9,11,1.65,0.93,2.58,15.01,0,0,0,0,0,0,0,334,152,159,111,180,113,256,132,,,,,,,0.14,0.0,0.08,0.22,1.27,1.35,324,209,346,161,410,189,432,150,0.93,0.34,4,0,,15,0,Newcastle,0,0,5,NEW,4,,False,0,1220,1255,1150,1170,1290,1340,23,3,Midfielders,MID,Midfielder,MID,5,,,2,5,False,[],347
True,False,100.0,100.0,215379,0,0,0,0,0,3,2.0,1.9,1,Elliot,1.4,423,False,,2024-11-13T15:30:08.535910Z,50,215379.jpg,2.9,False,Anderson,0.3,False,,a,16,17,107,84054,0,73428,0,0.3,21.4,Anderson,241.0,2024-07-01,2002-11-06,False,p215379,2726,2,6,13,37,0,0,0,10,0,0,8,526,638.8,605.2,308.0,155.6,33,2.04,3.51,5.55,40.36,0,0,0,0,0,0,0,76,25,55,46,108,71,69,47,3.0,,,,,,0.07,0.0,0.12,0.19,1.33,1.22,208,129,244,116,153,67,306,93,1.09,0.43,17,0,,16,0,Nott'm Forest,0,0,7,NFO,4,,False,0,1220,1290,1190,1330,1250,1250,15,3,Midfielders,MID,Midfielder,MID,5,,,2,5,False,[],347
True,False,0.0,0.0,245830,0,0,0,0,0,3,0.0,0.0,0,Josh,0.0,426,False,Loaned to  Preston North End,2024-08-31T08:19:22.292913Z,45,245830.jpg,0.0,False,Bowler,0.0,False,,u,16,17,0,1220,0,6572,0,0.0,0.0,Bowler,,,,False,p245830,0,0,0,0,0,0,0,0,0,0,0,0,0,0.0,0.0,0.0,0.0,0,0.00,0.00,0.00,0.00,0,0,0,0,0,0,0,698,271,694,271,674,262,698,271,,,,,,,0.0,0.0,0.0,0.0,0.0,0.0,386,238,610,221,703,272,673,275,0.0,0.0,17,0,,16,0,Nott'm Forest,0,0,7,NFO,4,,False,0,1220,1290,1190,1330,1250,1250,15,3,Midfielders,MID,Midfielder,MID,5,,,2,5,False,[],347
True,False,,,569014,0,0,-2,2,0,3,0.5,0.5,0,Eric,0.0,428,False,,,43,569014.jpg,1.0,False,da Silva Moreira,0.1,False,,a,16,17,2,22201,0,21652,0,0.0,0.5,Da Silva Moreira,80.0,2024-07-01,2006-05-03,False,p569014,28,0,0,0,0,0,0,0,0,0,0,0,9,5.2,0.3,0.0,0.6,0,0.00,0.00,0.00,0.31,0,0,0,0,0,0,0,514,237,512,249,634,246,533,245,,,,,,,0.0,0.0,0.0,0.0,1.0,0.0,598,347,565,198,482,213,463,168,0.0,0.0,17,0,,16,0,Nott'm Forest,0,0,7,NFO,4,,False,0,1220,1290,1190,1330,1250,1250,15,3,Midfielders,MID,Midfielder,MID,5,,,2,5,False,[],347
True,False,100.0,100.0,513046,0,0,-3,3,0,3,0.7,0.7,0,Danilo,0.2,429,False,,2024-08-17T20:00:06.172553Z,47,513046.jpg,1.4,False,dos Santos de Oliveira,0.0,False,,a,16,17,11,3351,0,7267,0,0.0,2.3,Danilo,30.0,2023-01-16,2001-04-29,False,p513046,270,0,0,1,4,0,0,0,0,0,0,0,43,34.6,5.0,0.0,3.9,5,0.00,0.01,0.01,4.86,0,0,0,0,0,0,0,459,207,476,237,756,324,491,229,,,,,,,0.0,0.0,0.0,0.0,1.62,1.33,343,223,399,185,411,190,632,249,1.67,0.33,17,0,,16,0,Nott'm Forest,0,0,7,NFO,4,,False,0,1220,1290,1190,1330,1250,1250,15,3,Midfielders,MID,Midfielder,MID,5,,,2,5,False,[],347
True,False,100.0,100.0,250199,0,0,-2,2,0,3,2.0,2.1,2,Nicolás,1.6,431,False,,2024-12-21T21:30:08.505388Z,48,250199.jpg,1.6,False,Domínguez,0.0,False,,a,16,17,54,7223,0,8220,0,0.3,11.2,Dominguez,10.0,2023-09-01,1998-06-28,False,p250199,1954,0,1,7,27,0,0,0,9,0,0,0,292,410.2,247.2,237.0,89.4,23,1.58,1.58,3.16,31.90,0,0,0,0,0,0,0,177,73,178,122,147,94,170,94,,,,,,,0.07,0.0,0.07,0.14,1.47,1.24,308,200,227,106,375,174,580,224,1.06,0.32,17,0,,16,0,Nott'm Forest,0,0,7,NFO,4,,False,0,1220,1290,1190,1330,1250,1250,15,3,Midfielders,MID,Midfielder,MID,5,,,2,5,False,[],347
True,False,100.0,100.0,449434,0,0,0,0,4,3,4.5,4.1,2,Anthony,3.6,432,False,,2025-04-05T20:30:07.053074Z,55,449434.jpg,4.0,False,Elanga,9.4,False,,a,16,17,153,2359170,0,1538449,0,0.7,27.8,Elanga,206.0,2023-07-25,2002-04-27,False,p449434,2496,6,11,12,35,0,0,0,1,0,0,15,535,627.0,785.4,582.0,199.8,31,4.81,5.12,9.93,38.74,0,0,0,0,0,0,0,84,30,24,20,52,33,30,24,2.0,,4.0,,,,0.17,0.0,0.18,0.35,1.4,1.26,116,72,87,34,44,21,42,13,1.12,0.43,17,0,,16,0,Nott'm Forest,0,0,7,NFO,4,,False,0,1220,1290,1190,1330,1250,1250,15,3,Midfielders,MID,Midfielder,MID,5,,,2,5,False,[],347
True,False,100.0,100.0,222531,0,0,0,0,4,3,7.0,6.1,2,Morgan,5.6,433,False,,2025-03-30T02:00:09.046182Z,65,222531.jpg,4.5,False,Gibbs-White,7.4,False,,a,16,17,154,1860716,0,1540907,0,0.9,23.7,Gibbs-White,241.0,2022-08-19,2000-01-27,False,p222531,2806,7,11,13,34,0,0,0,9,1,0,18,594,680.4,793.7,632.0,210.6,34,6.31,4.68,10.99,41.21,0,0,0,0,0,0,0,64,20,23,19,47,28,22,17,,,2.0,,2.0,,0.2,0.0,0.15,0.35,1.32,1.09,44,22,28,8,23,12,50,16,1.09,0.42,17,0,,16,0,Nott'm Forest,0,0,7,NFO,4,,False,0,1220,1290,1190,1330,1250,1250,15,3,Midfielders,MID,Midfielder,MID,5,,,2,5,False,[],347
True,False,100.0,100.0,209046,0,0,-4,4,2,3,1.0,1.1,1,Callum,0.6,434,False,,2025-05-01T23:00:08.500281Z,51,209046.jpg,3.3,False,Hudson-Odoi,1.2,False,,a,16,17,103,560375,0,786229,0,0.1,20.2,Hudson-Odoi,241.0,2023-09-01,2000-11-07,False,p209046,2190,5,3,11,23,0,0,0,2,0,0,7,454,445.6,663.9,405.0,151.0,25,2.52,2.54,5.06,27.79,0,0,0,0,0,0,0,163,65,43,36,82,53,73,50,,,,,,,0.1,0.0,0.1,0.2,1.14,0.95,185,110,326,156,116,52,182,59,1.03,0.45,17,0,,16,0,Nott'm Forest,0,0,7,NFO,4,,False,0,1220,1290,1190,1330,1250,1250,15,3,Midfielders,MID,Midfielder,MID,5,,,2,5,False,[],347
True,False,0.0,0.0,244930,0,0,0,0,0,3,0.0,0.0,0,Alex,0.0,435,False,Season long loan to Port Vale,2024-08-29T11:09:56.647313Z,45,244930.jpg,0.0,False,Mighten,0.0,False,,u,16,17,0,689,0,4230,0,0.0,0.0,Mighten,,,,False,p244930,0,0,0,0,0,0,0,0,0,0,0,0,0,0.0,0.0,0.0,0.0,0,0.00,0.00,0.00,0.00,0,0,0,0,0,0,0,697,270,693,270,673,261,697,270,,,,,,,0.0,0.0,0.0,0.0,0.0,0.0,385,237,609,220,702,271,702,287,0.0,0.0,17,0,,16,0,Nott'm Forest,0,0,7,NFO,4,,False,0,1220,1290,1190,1330,1250,1250,15,3,Midfielders,MID,Midfielder,MID,5,,,2,5,False,[],347
True,False,0.0,0.0,243345,0,0,0,0,0,3,0.0,0.0,0,Lewis,0.0,439,False,On loan to Los Angeles Football Club for the rest of the season,2024-08-01T07:01:57.624673Z,50,243345.jpg,0.0,False,O'Brien,0.0,False,,u,16,17,0,0,0,129,0,0.0,0.0,O'Brien,241.0,2022-07-20,,False,p243345,0,0,0,0,0,0,0,0,0,0,0,0,0,0.0,0.0,0.0,0.0,0,0.00,0.00,0.00,0.00,0,0,0,0,0,0,0,782,335,780,335,774,333,782,335,,,,,,,0.0,0.0,0.0,0.0,0.0,0.0,212,132,741,315,782,335,798,345,0.0,0.0,17,0,,16,0,Nott'm Forest,0,0,7,NFO,4,,False,0,1220,1290,1190,1330,1250,1250,15,3,Midfielders,MID,Midfielder,MID,5,,,2,5,False,[],347
True,False,100.0,100.0,210462,0,0,-2,2,0,3,2.3,2.1,1,Ibrahim,1.6,442,False,,2024-09-12T15:00:06.800627Z,43,210462.jpg,1.5,False,Sangaré,1.2,False,,a,16,17,20,340277,0,441680,0,0.4,4.7,Sangaré,54.0,2023-09-01,1997-12-02,False,p210462,584,0,1,2,6,0,0,0,3,0,0,0,107,130.6,80.3,21.0,23.2,7,0.02,0.21,0.23,8.41,0,0,0,0,0,0,0,367,171,320,185,399,208,386,190,,,,,,,0.0,0.0,0.03,0.03,1.3,0.92,573,340,226,105,379,176,183,60,1.08,0.31,17,0,,16,0,Nott'm Forest,0,0,7,NFO,4,,False,0,1220,1290,1190,1330,1250,1250,15,3,Midfielders,MID,Midfielder,MID,5,,,2,5,False,[],347
True,False,100.0,100.0,204968,0,0,-2,2,0,3,1.5,1.5,1,Ryan,1.0,449,False,,2024-12-27T00:30:09.776071Z,48,204968.jpg,1.9,False,Yates,0.1,False,,a,16,17,67,61721,0,68480,0,0.2,14.0,Yates,241.0,2018-08-01,1997-11-21,False,p204968,1901,2,2,6,27,0,0,0,10,0,0,3,306,344.4,241.1,265.0,85.4,18,2.41,0.47,2.88,27.84,0,0,0,0,0,0,0,215,94,182,125,127,84,186,99,,,,,,,0.11,0.0,0.02,0.13,1.32,1.28,295,193,277,131,315,141,424,146,0.85,0.28,17,0,,16,0,Nott'm Forest,0,0,7,NFO,4,,False,0,1220,1290,1190,1330,1250,1250,15,3,Midfielders,MID,Midfielder,MID,5,,,2,5,False,[],347
True,False,100.0,100.0,510500,0,0,-1,1,0,3,1.3,1.3,1,João Pedro,0.8,596,False,,2024-11-01T10:30:06.942890Z,59,510500.jpg,1.7,False,Ferreira Silva,0.1,False,,a,16,17,52,21924,0,28282,0,0.1,8.8,Jota Silva,173.0,2024-08-01,1999-08-01,False,p510500,835,3,2,1,16,0,0,0,5,0,0,0,212,221.8,182.9,239.0,64.6,5,2.13,1.87,4.00,12.56,0,0,0,0,0,0,0,285,130,219,146,144,93,252,129,,,,,,,0.23,0.0,0.2,0.43,1.35,1.72,88,57,318,149,359,168,411,143,0.54,0.11,17,0,,16,0,Nott'm Forest,0,0,7,NFO,4,,False,0,1220,1290,1190,1330,1250,1250,15,3,Midfielders,MID,Midfielder,MID,5,,,2,5,False,[],347
True,False,,,502222,0,0,0,0,0,3,1.0,0.9,0,Ramón,0.4,620,False,,,55,502222.jpg,1.3,False,Sosa,0.1,False,,a,16,17,25,7803,0,7637,0,0.1,4.5,Sosa,168.0,2024-08-16,1999-08-31,False,p502222,280,1,0,1,5,0,0,0,1,0,0,0,101,87.4,103.0,104.0,29.2,1,1.11,0.36,1.47,4.81,0,0,0,0,0,0,0,408,191,293,174,269,153,367,183,,,,,,,0.36,0.0,0.12,0.48,1.55,1.61,121,74,366,174,428,202,521,194,0.32,0.32,17,0,,16,0,Nott'm Forest,0,0,7,NFO,4,,False,0,1220,1290,1190,1330,1250,1250,15,3,Midfielders,MID,Midfielder,MID,5,,,2,5,False,[],347
True,False,100.0,100.0,503714,0,0,-1,1,0,3,-0.7,-0.7,2,Lesley,0.8,188,False,,2025-04-03T09:30:07.026958Z,44,503714.jpg,1.8,False,Ugochukwu,0.3,False,,a,17,20,47,81741,0,85086,0,0.2,10.7,Ugochukwu,73.0,2024-08-16,2004-03-26,False,p503714,1652,1,1,1,39,0,0,0,7,0,0,3,209,265.0,211.9,84.0,55.9,18,0.85,0.62,1.47,40.28,0,0,0,0,0,0,0,261,118,199,135,289,161,276,143,,,,,,,0.05,0.0,0.03,0.08,2.19,2.12,540,322,303,139,330,150,304,92,0.98,0.05,20,0,,17,0,Southampton,0,0,20,SOU,2,,False,0,975,975,1000,1000,990,990,20,3,Midfielders,MID,Midfielder,MID,5,,,2,5,False,[],347
True,False,100.0,100.0,90105,0,0,-2,2,0,3,-1.5,-1.5,0,Ryan,0.0,397,False,,2025-01-31T16:00:09.299719Z,48,90105.jpg,0.9,False,Fraser,0.0,False,,a,17,20,7,2848,0,5195,0,0.0,1.5,Fraser,243.0,2024-08-30,1994-02-24,False,p90105,303,0,0,0,12,0,0,0,0,1,0,0,31,35.8,26.8,13.0,6.7,4,0.02,0.10,0.12,10.39,0,0,0,0,0,0,0,456,205,414,216,426,218,468,218,,,,,,,0.01,0.0,0.03,0.04,3.09,3.56,283,182,708,290,531,249,647,259,1.19,0.0,20,0,,17,0,Southampton,0,0,20,SOU,2,,False,0,975,975,1000,1000,990,990,20,3,Midfielders,MID,Midfielder,MID,5,,,2,5,False,[],347
True,False,0.0,0.0,499724,0,0,-1,1,0,3,0.0,0.0,0,Samuel,0.0,451,False,Loaned to Strasbourg,2025-02-04T23:53:50.935089Z,44,499724.jpg,0.5,False,Amo-Ameyaw,0.1,False,,u,17,20,1,24416,0,29770,0,0.0,0.2,Amo-Ameyaw,241.0,2023-05-27,,False,p499724,26,0,0,0,0,0,0,0,1,0,0,0,1,4.0,16.1,6.0,2.6,0,0.02,0.13,0.15,1.11,0,0,0,0,0,0,0,522,239,438,225,450,229,499,233,,,,,,,0.07,0.0,0.45,0.52,3.84,0.0,539,321,583,205,555,255,483,175,0.0,0.0,20,0,,17,0,Southampton,0,0,20,SOU,2,,False,0,975,975,1000,1000,990,990,20,3,Midfielders,MID,Midfielder,MID,5,,,2,5,False,[],347
True,False,,,193204,0,0,-1,1,0,3,-1.0,-1.0,0,Joe,0.5,452,False,,,49,193204.jpg,2.2,False,Aribo,0.1,False,,a,17,20,72,22304,0,24348,0,0.1,14.7,Aribo,157.0,2022-07-09,1996-07-21,False,p193204,2007,3,0,1,56,0,0,0,1,0,0,7,394,386.2,293.0,242.0,92.3,21,2.69,1.23,3.92,56.51,0,0,0,0,0,0,0,190,81,149,104,142,91,163,92,,,,,,,0.12,0.0,0.06,0.18,2.53,2.51,248,158,349,163,256,108,523,195,0.94,0.04,20,0,,17,0,Southampton,0,0,20,SOU,2,,False,0,975,975,1000,1000,990,990,20,3,Midfielders,MID,Midfielder,MID,5,,,2,5,False,[],347
True,False,0.0,0.0,463210,0,0,0,0,0,3,0.0,0.0,0,Shea,0.0,458,False,Has joined Sheffield Wednesday on a season-long loan,2024-08-29T11:10:39.600629Z,45,463210.jpg,0.0,False,Charles,0.0,False,,u,17,20,0,1091,0,7829,0,0.0,0.0,Charles,,,,False,p463210,0,0,0,0,0,0,0,0,0,0,0,0,0,0.0,0.0,0.0,0.0,0,0.00,0.00,0.00,0.00,0,0,0,0,0,0,0,708,280,705,280,685,271,708,280,,,,,,,0.0,0.0,0.0,0.0,0.0,0.0,401,248,622,230,713,281,649,261,0.0,0.0,20,0,,17,0,Southampton,0,0,20,SOU,2,,False,0,975,975,1000,1000,990,990,20,3,Midfielders,MID,Midfielder,MID,5,,,2,5,False,[],347
True,False,0.0,0.0,490503,0,0,-1,1,0,3,0.0,0.0,0,Samuel,0.0,459,False,Loaned to Anderlecht,2024-09-10T11:28:17.403794Z,49,490503.jpg,0.5,False,Edozie,0.0,False,,u,17,20,1,463,0,2678,0,0.0,0.2,Edozie,,,,False,p490503,64,0,0,0,0,0,0,0,1,0,0,0,6,9.8,19.0,22.0,5.1,0,0.00,0.15,0.15,0.31,0,0,0,0,0,0,0,502,232,435,223,397,207,485,226,,,,,,,0.0,0.0,0.21,0.21,0.44,0.0,271,174,732,307,558,257,721,300,0.0,0.0,20,0,,17,0,Southampton,0,0,20,SOU,2,,False,0,975,975,1000,1000,990,990,20,3,Midfielders,MID,Midfielder,MID,5,,,2,5,False,[],347
True,False,100.0,100.0,504783,0,0,0,0,0,3,-0.3,0.0,2,Kamaldeen,1.5,462,False,,2025-01-24T00:00:09.946289Z,50,504783.jpg,2.0,False,Sulemana,0.0,False,,a,17,20,53,9208,0,8633,0,0.3,10.6,Kamaldeen,81.0,2023-01-31,2002-02-15,False,p504783,1394,1,2,3,36,0,0,0,2,0,0,2,163,187.2,182.4,290.0,65.7,17,1.39,0.85,2.24,35.69,0,0,0,0,0,0,0,324,146,220,147,118,78,247,126,,,,,,,0.09,0.0,0.05,0.14,2.3,2.32,227,143,237,113,302,135,650,262,1.1,0.19,20,0,,17,0,Southampton,0,0,20,SOU,2,,False,0,975,975,1000,1000,990,990,20,3,Midfielders,MID,Midfielder,MID,5,,,2,5,False,[],347
True,False,100.0,100.0,39155,0,0,0,0,0,3,-1.5,-1.5,0,Adam,0.0,463,False,,2025-02-14T12:30:08.682021Z,50,39155.jpg,1.2,False,Lallana,0.0,False,,a,17,20,17,4192,0,6895,0,0.0,3.4,Lallana,241.0,2024-06-14,1988-05-10,False,p39155,352,0,2,0,8,0,0,0,4,0,0,1,74,81.2,82.4,21.0,18.4,5,0.15,0.48,0.63,7.96,0,0,0,0,0,0,0,413,192,319,184,400,209,402,194,,,,,,,0.04,0.0,0.12,0.16,2.04,2.05,193,117,736,310,440,208,629,247,1.28,0.0,20,0,,17,0,Southampton,0,0,20,SOU,2,,False,0,975,975,1000,1000,990,990,20,3,Midfielders,MID,Midfielder,MID,5,,,2,5,False,[],347
True,False,100.0,100.0,214466,0,0,0,0,0,3,-0.7,-0.5,1,Will,1.0,471,False,,2025-03-14T15:00:07.572220Z,50,214466.jpg,1.4,False,Smallbone,0.0,False,,a,17,20,26,2919,0,7130,0,0.2,5.2,Smallbone,104.0,2019-07-22,2000-02-21,False,p214466,679,1,0,0,22,0,0,0,1,0,0,0,119,112.6,163.3,64.0,33.9,6,0.57,0.89,1.46,19.73,0,0,0,0,0,0,0,383,181,236,153,318,175,346,171,2.0,,1.0,,,,0.08,0.0,0.12,0.2,2.62,2.92,207,128,285,135,416,194,646,258,0.8,0.0,20,0,,17,0,Southampton,0,0,20,SOU,2,,False,0,975,975,1000,1000,990,990,20,3,Midfielders,MID,Midfielder,MID,5,,,2,5,False,[],347
True,False,0.0,0.0,149519,0,0,-3,3,0,3,0.0,0.0,0,Maxwel,0.0,515,False,Loaned to Genoa,2025-01-22T10:14:43.133544Z,47,149519.jpg,0.5,False,Cornet,0.0,False,,u,17,20,1,2364,0,4744,0,0.0,0.2,Cornet,54.0,2024-08-30,,False,p149519,71,0,0,0,4,0,0,0,1,0,0,0,12,11.6,3.5,7.0,2.2,1,0.16,0.00,0.16,1.79,0,0,0,0,0,0,0,499,229,482,239,446,227,504,236,,,,,,,0.2,0.0,0.0,0.2,2.27,5.07,319,206,698,285,557,256,666,272,1.27,0.0,20,0,,17,0,Southampton,0,0,20,SOU,2,,False,0,975,975,1000,1000,990,990,20,3,Midfielders,MID,Midfielder,MID,5,,,2,5,False,[],347
True,False,100.0,100.0,220585,0,0,-3,3,0,3,0.3,0.3,2,Flynn,1.8,518,False,,2025-04-02T22:00:08.792867Z,47,220585.jpg,1.8,False,Downes,0.0,False,,a,17,20,48,8033,0,11844,0,0.4,10.2,Downes,241.0,2024-07-16,1999-01-20,False,p220585,2149,1,0,4,49,0,0,0,12,0,0,0,312,297.6,292.2,118.0,71.0,25,0.64,1.41,2.05,48.11,0,0,0,0,0,0,0,241,108,150,105,253,143,231,117,,,,,,,0.03,0.0,0.06,0.09,2.01,2.05,328,212,212,93,333,152,591,228,1.05,0.17,20,0,,17,0,Southampton,0,0,20,SOU,2,,False,0,975,975,1000,1000,990,990,20,3,Midfielders,MID,Midfielder,MID,5,,,2,5,False,[],347
True,False,0.0,0.0,204814,0,0,-7,7,0,3,0.0,0.0,0,Ben,0.0,584,False,Loaned to Sheffield United,2025-01-22T10:11:54.592530Z,48,204814.jpg,1.3,False,Brereton Díaz,0.1,False,,u,17,20,13,22711,0,83231,0,0.0,2.7,Brereton Díaz,44.0,2024-07-30,,False,p204814,446,0,0,0,10,0,0,0,1,0,0,0,43,21.8,63.6,81.0,16.8,4,0.90,0.15,1.05,11.43,0,0,0,0,0,0,0,479,221,345,196,295,166,408,196,,,,,,,0.18,0.0,0.03,0.21,2.31,2.02,294,192,714,296,424,199,441,155,0.81,0.0,20,0,,17,0,Southampton,0,0,20,SOU,2,,False,0,975,975,1000,1000,990,990,20,3,Midfielders,MID,Midfielder,MID,5,,,2,5,False,[],347
True,False,100.0,100.0,496661,0,0,-2,2,1,3,0.3,0.0,0,Tyler,1.5,608,False,,2025-01-16T23:00:08.124193Z,43,496661.jpg,2.1,False,Dibling,1.4,False,,a,17,20,68,828208,0,702137,0,0.3,15.8,Dibling,241.0,2023-08-07,2006-02-17,False,p496661,1863,2,2,3,50,0,0,0,6,0,0,4,247,261.0,344.5,264.0,87.0,20,2.60,1.47,4.07,49.16,0,0,0,0,0,0,0,265,121,119,84,128,85,179,98,4.0,,,,,,0.13,0.0,0.07,0.2,2.37,2.42,591,343,231,108,266,115,173,57,0.97,0.14,20,0,,17,0,Southampton,0,0,20,SOU,2,,False,0,975,975,1000,1000,990,990,20,3,Midfielders,MID,Midfielder,MID,5,,,2,5,False,[],347
True,False,100.0,100.0,551226,0,0,0,0,0,3,0.5,1.5,6,Mateus Gonçalo,3.0,623,False,,2024-12-30T09:30:07.304371Z,50,551226.jpg,2.6,False,Espanha Fernandes,0.1,False,,a,17,20,95,32821,0,29503,0,0.6,19.0,M.Fernandes,173.0,2024-08-20,2004-07-10,False,p551226,2911,2,4,5,66,0,0,0,8,0,0,8,513,553.4,649.5,372.0,157.8,34,4.12,3.62,7.74,70.78,0,0,0,0,0,0,0,117,42,45,38,90,59,65,46,3.0,,3.0,,,,0.13,0.0,0.11,0.24,2.19,2.04,234,149,129,53,197,84,512,188,1.05,0.15,20,0,,17,0,Southampton,0,0,20,SOU,2,,False,0,975,975,1000,1000,990,990,20,3,Midfielders,MID,Midfielder,MID,5,,,2,5,False,[],347
True,False,0.0,0.0,545508,0,0,0,0,0,3,0.0,0.0,0,Joseph,0.0,693,False,Loaned to Accrington Stanley,2025-02-04T10:28:24.963013Z,45,545508.jpg,0.0,False,O'Brien-Whitmarsh,0.0,False,,u,17,20,0,828,0,796,0,0.0,0.0,O'Brien-Whitmarsh,104.0,2024-08-27,2005-05-11,False,p545508,0,0,0,0,0,0,0,0,0,0,0,0,0,0.0,0.0,0.0,0.0,0,0.00,0.00,0.00,0.00,0,0,0,0,0,0,0,742,308,738,308,722,300,742,308,,,,,,,0.0,0.0,0.0,0.0,0.0,0.0,453,286,663,262,746,309,778,330,0.0,0.0,20,0,,17,0,Southampton,0,0,20,SOU,2,,False,0,975,975,1000,1000,990,990,20,3,Midfielders,MID,Midfielder,MID,5,,,2,5,False,[],347
True,False,25.0,25.0,494779,0,0,-1,1,0,3,-0.4,-0.4,0,Albert,0.0,734,False,Achilles injury - 25% chance of playing,2025-05-23T14:00:08.950082Z,49,494779.jpg,1.5,False,Grønbæk,0.0,False,,d,17,20,6,1308,0,1064,0,0.0,1.2,Grønbæk,58.0,2025-01-21,2001-05-23,False,p494779,141,0,0,0,3,0,0,0,0,0,0,0,13,15.8,11.4,9.0,3.7,2,0.12,0.01,0.13,5.10,0,0,0,0,0,0,0,490,226,454,232,438,223,492,230,,,,,,,0.08,0.0,0.01,0.09,3.26,1.91,274,176,734,309,387,180,755,316,1.28,0.0,20,0,,17,0,Southampton,0,0,20,SOU,2,,False,0,975,975,1000,1000,990,990,20,3,Midfielders,MID,Midfielder,MID,5,,,2,5,False,[],347
True,False,100.0,100.0,202993,0,0,-1,1,0,3,0.2,0.5,1,Rodrigo,0.5,480,False,,2025-02-17T10:00:09.911033Z,49,202993.jpg,1.9,False,Bentancur,0.1,False,,a,18,6,49,24694,0,41645,0,0.1,10.0,Bentancur,230.0,2022-01-31,1997-06-25,False,p202993,1640,2,0,3,26,0,0,0,9,0,0,1,293,324.6,208.5,165.0,70.2,21,1.36,1.02,2.38,26.87,0,0,0,0,0,0,0,229,103,203,137,207,125,233,119,,,,,,,0.07,0.0,0.06,0.13,1.47,1.43,253,162,351,164,318,144,443,157,1.15,0.16,6,0,,18,0,Spurs,0,0,17,TOT,3,,False,0,1100,1170,1060,1070,1210,1270,21,3,Midfielders,MID,Midfielder,MID,5,,,2,5,False,[],347
True,False,0.0,0.0,570526,0,0,-1,1,0,3,0.0,0.0,0,Lucas,0.0,481,False,Ankle injury - Expected back 01 Jun,2025-05-01T23:00:08.545135Z,44,570526.jpg,1.6,False,Bergvall,0.8,False,,i,18,6,44,253610,0,268104,0,0.0,10.0,Bergvall,206.0,2024-07-01,2006-02-02,False,p570526,1200,0,2,3,25,0,0,0,3,0,0,0,216,237.2,218.7,97.0,55.0,11,0.71,0.82,1.53,24.33,0,0,0,0,0,0,0,276,125,190,131,277,154,278,145,,,,,,,0.05,0.0,0.06,0.11,1.82,1.88,548,330,589,211,368,169,230,73,0.82,0.23,6,0,,18,0,Spurs,0,0,17,TOT,3,,False,0,1100,1170,1060,1070,1210,1270,21,3,Midfielders,MID,Midfielder,MID,5,,,2,5,False,[],347
True,False,100.0,50.0,227127,0,0,-2,2,1,3,0.5,0.6,1,Yves,1.2,482,False,,2025-05-24T20:00:08.632607Z,48,227127.jpg,1.8,False,Bissouma,0.2,False,,a,18,6,50,95124,0,99052,0,0.3,10.4,Bissouma,132.0,2022-06-17,1996-08-30,False,p227127,1396,2,0,3,28,0,0,0,7,0,0,4,258,283.8,133.8,59.0,48.0,16,0.64,0.48,1.12,26.38,0,0,0,0,0,0,0,250,112,262,161,324,178,296,151,,,,,,,0.04,0.0,0.03,0.07,1.7,1.81,303,197,253,118,335,154,337,106,1.03,0.19,6,0,,18,0,Spurs,0,0,17,TOT,3,,False,0,1100,1170,1060,1070,1210,1270,21,3,Midfielders,MID,Midfielder,MID,5,,,2,5,False,[],347
True,False,0.0,0.0,436234,0,0,0,0,0,3,0.0,0.0,0,Bryan,0.0,483,False,On loan to Girona for the season,2024-07-31T11:08:25.895794Z,50,436234.jpg,0.0,False,Gil Salvatierra,0.0,False,,u,18,6,0,0,0,153,0,0.0,0.0,Bryan,,,,False,p436234,0,0,0,0,0,0,0,0,0,0,0,0,0,0.0,0.0,0.0,0.0,0,0.00,0.00,0.00,0.00,0,0,0,0,0,0,0,783,336,782,336,775,334,783,336,,,,,,,0.0,0.0,0.0,0.0,0.0,0.0,217,136,744,317,783,336,793,341,0.0,0.0,6,0,,18,0,Spurs,0,0,17,TOT,3,,False,0,1100,1170,1060,1070,1210,1270,21,3,Midfielders,MID,Midfielder,MID,5,,,2,5,False,[],347
True,False,0.0,0.0,496179,0,0,0,0,0,3,0.0,0.0,0,Alfie,0.0,485,False,Loaned to Westerlo,2024-09-10T11:37:22.522366Z,45,496179.jpg,0.0,False,Devine,0.0,False,,u,18,6,0,4716,0,12913,0,0.0,0.0,Devine,,,,False,p496179,0,0,0,0,0,0,0,0,0,0,0,0,0,0.0,0.0,0.0,0.0,0,0.00,0.00,0.00,0.00,0,0,0,0,0,0,0,718,288,715,288,696,279,718,288,,,,,,,0.0,0.0,0.0,0.0,0.0,0.0,418,258,635,239,723,289,567,216,0.0,0.0,6,0,,18,0,Spurs,0,0,17,TOT,3,,False,0,1100,1170,1060,1070,1210,1270,21,3,Midfielders,MID,Midfielder,MID,5,,,2,5,False,[],347
True,False,100.0,100.0,547701,0,0,-4,4,0,3,1.5,1.8,2,Archie,1.8,489,False,,2024-12-02T00:00:08.747842Z,46,547701.jpg,1.6,False,Gray,0.2,False,,a,18,6,45,41227,0,52251,0,0.4,9.8,Gray,241.0,2024-07-02,2006-03-12,False,p547701,1750,0,0,2,41,1,0,0,1,0,0,0,253,254.6,71.4,15.0,34.3,19,0.03,0.19,0.22,37.33,0,0,0,0,0,0,0,270,123,334,193,419,216,345,170,,,,,,,0.0,0.0,0.01,0.01,1.92,2.11,359,230,210,91,372,172,383,126,0.98,0.1,6,0,,18,0,Spurs,0,0,17,TOT,3,,False,0,1100,1170,1060,1070,1210,1270,21,3,Midfielders,MID,Midfielder,MID,5,,,2,5,False,[],347
True,False,0.0,0.0,132015,0,0,0,0,0,3,0.0,0.0,0,Pierre-Emile,0.0,490,False,On loan to Marseille for the season,2024-07-23T11:58:08.802970Z,50,132015.jpg,0.0,False,Højbjerg,0.0,False,,u,18,6,0,0,0,532,0,0.0,0.0,Højbjerg,,,,False,p132015,0,0,0,0,0,0,0,0,0,0,0,0,0,0.0,0.0,0.0,0.0,0,0.00,0.00,0.00,0.00,0,0,0,0,0,0,0,781,334,779,334,773,332,781,334,,,,,,,0.0,0.0,0.0,0.0,0.0,0.0,199,120,737,311,781,334,774,327,0.0,0.0,6,0,,18,0,Spurs,0,0,17,TOT,3,,False,0,1100,1170,1060,1070,1210,1270,21,3,Midfielders,MID,Midfielder,MID,5,,,2,5,False,[],347
True,False,100.0,100.0,242898,0,0,-3,3,2,3,0.8,0.8,2,Brennan,0.8,491,False,,2025-01-17T15:00:07.684598Z,62,242898.jpg,4.2,False,Johnson,2.3,False,,a,18,6,137,2279095,0,2164899,0,0.1,22.1,Johnson,244.0,2023-09-01,2001-05-23,False,p242898,2171,11,6,2,38,0,0,0,5,0,0,13,461,559.6,295.0,761.0,161.0,24,10.75,1.99,12.74,38.88,0,0,0,0,0,0,0,116,41,147,103,28,16,63,44,,,,,,,0.45,0.0,0.08,0.53,1.61,1.58,62,35,319,150,35,18,128,42,0.99,0.08,6,0,,18,0,Spurs,0,0,17,TOT,3,,False,0,1100,1170,1060,1070,1210,1270,21,3,Midfielders,MID,Midfielder,MID,5,,,2,5,False,[],347
True,False,0.0,0.0,445044,0,0,-3,3,0,3,0.0,0.0,0,Dejan,0.8,492,False,Knee injury - Expected back 01 Jun,2025-05-11T23:00:09.341216Z,62,445044.jpg,3.7,False,Kulusevski,2.2,False,,i,18,6,117,1487786,0,1561097,0,0.1,18.9,Kulusevski,206.0,2023-07-01,2000-04-25,False,p445044,2386,7,4,6,41,0,0,0,3,0,0,9,426,613.6,843.8,733.0,218.7,27,4.06,4.03,8.09,42.39,0,0,0,0,0,0,0,93,33,17,14,32,19,17,12,3.0,,,,,,0.15,0.0,0.15,0.3,1.6,1.55,65,38,320,151,75,35,134,44,1.02,0.23,6,0,,18,0,Spurs,0,0,17,TOT,3,,False,0,1100,1170,1060,1070,1210,1270,21,3,Midfielders,MID,Midfielder,MID,5,,,2,5,False,[],347
True,False,0.0,0.0,200826,0,0,-1,1,0,3,0.0,0.0,0,Giovani,0.0,493,False,Transferred to Real Betis,2024-08-31T06:14:45.936781Z,49,200826.jpg,0.0,False,Lo Celso,0.0,False,,u,18,6,0,2052,0,10727,0,0.0,0.0,Lo Celso,,,,False,p200826,0,0,0,0,0,0,0,0,0,0,0,0,0,0.0,0.0,0.0,0.0,0,0.00,0.00,0.00,0.00,0,0,0,0,0,0,0,776,331,775,332,763,328,776,331,,,,,,,0.0,0.0,0.0,0.0,0.0,0.0,251,161,727,304,777,332,626,246,0.0,0.0,6,0,,18,0,Spurs,0,0,17,TOT,3,,False,0,1100,1170,1060,1070,1210,1270,21,3,Midfielders,MID,Midfielder,MID,5,,,2,5,False,[],347
True,False,0.0,0.0,172780,0,0,-1,1,3,3,0.0,0.0,0,James,0.0,494,False,Knee injury - Expected back 01 Jun,2025-05-01T23:00:08.579870Z,74,172780.jpg,4.3,False,Maddison,3.8,False,,i,18,6,133,2397921,0,2588050,0,0.0,18.0,Maddison,241.0,2023-06-28,1996-11-23,False,p172780,1799,9,8,6,32,0,0,0,6,0,0,15,592,683.4,702.3,495.0,187.8,21,5.54,5.92,11.46,32.39,0,0,0,0,0,0,0,63,19,36,31,64,41,43,33,1.0,,2.0,,2.0,,0.28,0.0,0.3,0.58,1.62,1.6,18,12,801,347,30,16,100,31,1.05,0.3,6,0,,18,0,Spurs,0,0,17,TOT,3,,False,0,1100,1170,1060,1070,1210,1270,21,3,Midfielders,MID,Midfielder,MID,5,,,2,5,False,[],347
True,False,100.0,100.0,482442,0,0,-3,3,1,3,1.5,1.5,1,Pape Matar,1.5,499,False,,2025-01-24T00:00:10.023844Z,47,482442.jpg,2.0,False,Sarr,0.2,False,,a,18,6,71,60946,0,71948,0,0.3,15.1,P.M.Sarr,189.0,2021-08-27,2002-09-14,False,p482442,1901,3,2,2,38,0,0,0,6,0,0,4,365,398.4,257.2,220.0,87.2,22,3.72,0.78,4.50,36.38,0,0,0,0,0,0,0,180,75,171,118,160,101,178,97,,,,,,,0.18,0.0,0.04,0.22,1.72,1.8,336,219,234,110,297,131,370,118,1.04,0.09,6,0,,18,0,Spurs,0,0,17,TOT,3,,False,0,1100,1170,1060,1070,1210,1270,21,3,Midfielders,MID,Midfielder,MID,5,,,2,5,False,[],347
True,False,0.0,0.0,235674,0,0,-1,1,0,3,0.0,0.0,0,Manor,0.0,502,False,Season long loan to Leeds United,2024-08-29T11:11:30.036154Z,54,235674.jpg,0.0,False,Solomon,0.0,False,,u,18,6,0,480,0,5494,0,0.0,0.0,Solomon,,,,False,p235674,0,0,0,0,0,0,0,0,0,0,0,0,0,0.0,0.0,0.0,0.0,0,0.00,0.00,0.00,0.00,0,0,0,0,0,0,0,794,342,794,342,790,340,794,342,,,,,,,0.0,0.0,0.0,0.0,0.0,0.0,133,81,772,330,793,342,656,268,0.0,0.0,6,0,,18,0,Spurs,0,0,17,TOT,3,,False,0,1100,1170,1060,1070,1210,1270,21,3,Midfielders,MID,Midfielder,MID,5,,,2,5,False,[],347
True,False,25.0,25.0,85971,0,0,-3,3,2,3,0.2,0.2,0,Son,0.8,503,False,Foot injury - 25% chance of playing,2025-05-24T20:00:08.711465Z,97,85971.jpg,4.3,False,Heung-min,4.1,False,,d,18,6,129,2141985,0,2790602,0,0.1,13.3,Son,114.0,2015-08-28,1992-07-08,False,p85971,2106,7,10,4,35,0,0,1,1,0,0,12,543,629.6,734.9,707.0,207.2,24,7.25,4.97,12.22,37.99,0,0,0,0,0,0,0,80,28,31,27,35,20,25,20,4.0,,,,1.0,,0.31,0.0,0.21,0.52,1.62,1.5,5,4,325,155,31,17,92,28,1.03,0.17,6,0,,18,0,Spurs,0,0,17,TOT,3,,False,0,1100,1170,1060,1070,1210,1270,21,3,Midfielders,MID,Midfielder,MID,5,,,2,5,False,[],347
True,False,25.0,25.0,165153,0,0,-3,3,0,3,0.0,0.0,0,Timo,0.0,509,False,Hamstring injury - 25% chance of playing,2025-05-24T20:00:08.728150Z,62,165153.jpg,1.9,False,Werner,0.1,False,,d,18,6,34,15034,0,36838,0,0.0,5.5,Werner,80.0,2024-01-09,1996-03-06,False,p165153,504,0,3,1,12,0,0,0,0,0,0,2,120,114.6,148.0,113.0,37.1,4,1.04,1.55,2.59,11.41,0,0,0,0,0,0,0,380,178,248,156,261,149,333,166,,,,,,,0.19,0.0,0.28,0.47,2.04,2.14,56,30,791,342,323,147,409,142,0.71,0.18,6,0,,18,0,Spurs,0,0,17,TOT,3,,False,0,1100,1170,1060,1070,1210,1270,21,3,Midfielders,MID,Midfielder,MID,5,,,2,5,False,[],347
True,False,100.0,100.0,499721,0,0,0,0,0,3,1.2,1.2,0,Mikey,1.2,610,False,,2024-11-07T09:00:08.150966Z,45,499721.jpg,1.9,False,Moore,0.2,False,,a,18,6,19,50725,0,54928,0,0.3,4.2,Moore,241.0,2024-05-01,2007-08-11,False,p499721,359,0,2,0,5,0,0,0,0,0,0,0,51,33.2,45.2,34.0,11.0,3,0.20,0.56,0.76,6.87,0,0,0,0,0,0,0,463,210,370,202,368,195,435,205,,,,,,,0.05,0.0,0.14,0.19,1.72,1.25,424,264,252,117,313,139,367,117,0.75,0.0,6,0,,18,0,Spurs,0,0,17,TOT,3,,False,0,1100,1170,1060,1070,1210,1270,21,3,Midfielders,MID,Midfielder,MID,5,,,2,5,False,[],347
True,False,100.0,100.0,550839,0,0,-2,2,0,3,3.8,3.8,1,Wilson,3.8,612,False,,2024-10-30T12:00:07.631102Z,53,550839.jpg,2.1,False,Odobert,0.0,False,,a,18,6,34,13405,0,12863,0,0.7,6.4,Odobert,73.0,2024-08-16,2004-11-28,False,p550839,843,1,0,1,20,0,0,0,0,0,0,3,92,101.2,108.6,156.0,36.7,9,1.63,0.76,2.39,16.29,0,0,0,0,0,0,0,401,188,288,172,217,126,335,167,,,,,,,0.17,0.0,0.08,0.25,1.74,2.14,158,95,82,31,284,127,570,218,0.96,0.11,6,0,,18,0,Spurs,0,0,17,TOT,3,,False,0,1100,1170,1060,1070,1210,1270,21,3,Midfielders,MID,Midfielder,MID,5,,,2,5,False,[],347
True,False,,,499726,0,0,0,0,0,3,0.0,0.0,0,Callum,0.0,683,False,,,45,499726.jpg,0.0,False,Olusesi,0.0,False,,a,18,6,0,1412,0,1071,0,0.0,0.0,Olusesi,241.0,2024-11-06,2007-03-11,False,p499726,0,0,0,0,0,0,0,0,0,0,0,0,0,0.0,0.0,0.0,0.0,0,0.00,0.00,0.00,0.00,0,0,0,0,0,0,0,723,293,720,293,701,284,723,293,,,,,,,0.0,0.0,0.0,0.0,0.0,0.0,425,265,640,244,728,294,724,301,0.0,0.0,6,0,,18,0,Spurs,0,0,17,TOT,3,,False,0,1100,1170,1060,1070,1210,1270,21,3,Midfielders,MID,Midfielder,MID,5,,,2,5,False,[],347
True,False,0.0,0.0,611917,0,0,0,0,0,3,0.0,0.0,0,Luca,0.0,689,False,U18 team,2025-01-17T11:48:35.885884Z,45,611917.jpg,0.0,False,Williams-Barnett,0.0,False,,u,18,6,0,790,0,802,0,0.0,0.0,Williams-Barnett,241.0,2024-11-06,,False,p611917,0,0,0,0,0,0,0,0,0,0,0,0,0,0.0,0.0,0.0,0.0,0,0.00,0.00,0.00,0.00,0,0,0,0,0,0,0,767,325,764,325,748,318,767,325,,,,,,,0.0,0.0,0.0,0.0,0.0,0.0,489,308,692,281,769,326,763,320,0.0,0.0,6,0,,18,0,Spurs,0,0,17,TOT,3,,False,0,1100,1170,1060,1070,1210,1270,21,3,Midfielders,MID,Midfielder,MID,5,,,2,5,False,[],347
True,False,0.0,0.0,623095,0,0,0,0,0,3,0.0,0.0,0,Min-Hyeok,0.0,717,False,Loaned to Queens Park Rangers,2025-02-03T10:24:52.232670Z,45,623095.jpg,0.0,False,Yang,0.0,False,,u,18,6,0,468,0,417,0,0.0,0.0,Yang,114.0,2025-01-01,,False,p623095,0,0,0,0,0,0,0,0,0,0,0,0,0,0.0,0.0,0.0,0.0,0,0.00,0.00,0.00,0.00,0,0,0,0,0,0,0,769,327,767,327,751,320,769,327,,,,,,,0.0,0.0,0.0,0.0,0.0,0.0,492,310,695,283,771,328,785,334,0.0,0.0,6,0,,18,0,Spurs,0,0,17,TOT,3,,False,0,1100,1170,1060,1070,1210,1270,21,3,Midfielders,MID,Midfielder,MID,5,,,2,5,False,[],347
True,False,,,574799,0,0,0,0,0,3,0.0,0.0,0,Damola,0.0,729,False,,,45,574799.jpg,0.0,False,Ajayi,0.0,False,,a,18,6,0,1210,0,705,0,0.0,0.0,Ajayi,241.0,2024-10-02,2005-12-27,False,p574799,0,0,0,0,0,0,0,0,0,0,0,0,0,0.0,0.0,0.0,0.0,0,0.00,0.00,0.00,0.00,0,0,0,0,0,0,0,755,318,752,318,735,310,755,318,,,,,,,0.0,0.0,0.0,0.0,0.0,0.0,469,297,677,272,758,319,725,302,0.0,0.0,6,0,,18,0,Spurs,0,0,17,TOT,3,,False,0,1100,1170,1060,1070,1210,1270,21,3,Midfielders,MID,Midfielder,MID,5,,,2,5,False,[],347
True,False,,,511499,0,0,-2,2,0,3,2.2,3.0,5,Mathys,3.0,768,False,,,58,511499.jpg,3.2,False,Tel,0.1,False,,a,18,6,42,46727,0,36001,0,0.5,7.2,Tel,73.0,2025-02-03,2005-04-27,False,p511499,908,2,2,2,20,0,0,0,2,0,0,2,151,183.8,208.3,236.0,62.3,11,2.96,1.55,4.51,17.39,0,0,0,0,0,0,0,328,148,204,138,149,96,260,135,,,,,,,0.29,0.0,0.15,0.44,1.72,1.98,92,59,134,57,130,58,454,162,1.09,0.2,6,0,,18,0,Spurs,0,0,17,TOT,3,,False,0,1100,1170,1060,1070,1210,1270,21,3,Midfielders,MID,Midfielder,MID,5,,,2,5,False,[],347
True,False,100.0,100.0,213999,0,0,0,0,0,3,0.7,1.3,2,Edson,0.8,511,False,,2025-04-25T00:00:08.647370Z,50,213999.jpg,1.4,False,Álvarez Velázquez,0.1,False,,a,19,21,40,16810,0,21389,0,0.2,8.0,Álvarez,139.0,2023-08-10,1997-10-24,False,p213999,1769,0,1,3,31,0,0,0,7,1,0,0,221,281.8,213.9,51.0,54.7,20,0.39,0.89,1.28,30.15,0,0,0,0,0,0,0,252,114,195,132,340,183,281,148,,,,,,,0.02,0.0,0.05,0.07,1.53,1.58,206,127,312,145,415,193,442,156,1.02,0.15,21,0,,19,0,West Ham,0,0,14,WHU,3,,False,0,1090,1100,1090,1090,1090,1110,25,3,Midfielders,MID,Midfielder,MID,5,,,2,5,False,[],347
True,False,100.0,100.0,178186,0,0,4,-4,4,3,9.3,10.0,13,Jarrod,9.5,514,True,,2024-12-30T09:30:07.187593Z,79,178186.jpg,5.7,False,Bowen,18.0,False,,a,19,21,193,3689972,0,2430305,0,1.2,24.4,Bowen,241.0,2020-01-31,1996-12-20,False,p178186,2974,13,11,8,50,0,0,0,1,0,0,21,678,903.0,737.8,1081.0,271.9,34,8.60,6.47,15.07,51.12,0,0,0,0,0,0,0,17,5,30,26,7,3,8,5,2.0,,,,4.0,,0.26,0.0,0.2,0.46,1.55,1.51,13,10,4,1,6,4,19,6,1.03,0.24,21,0,,19,0,West Ham,0,0,14,WHU,3,,False,0,1090,1100,1090,1090,1090,1110,25,3,Midfielders,MID,Midfielder,MID,5,,,2,5,False,[],347
True,False,0.0,0.0,490885,0,0,0,0,0,3,0.0,0.0,0,George,0.0,519,False,Loaned to Bristol City,2024-08-16T11:57:26.531525Z,45,490885.jpg,0.0,False,Earthy,0.0,False,,u,19,21,0,0,0,8137,0,0.0,0.0,Earthy,,,,False,p490885,0,0,0,0,0,0,0,0,0,0,0,0,0,0.0,0.0,0.0,0.0,0,0.00,0.00,0.00,0.00,0,0,0,0,0,0,0,715,285,712,285,693,276,715,285,,,,,,,0.0,0.0,0.0,0.0,0.0,0.0,414,255,632,236,720,286,654,266,0.0,0.0,21,0,,19,0,West Ham,0,0,14,WHU,3,,False,0,1090,1100,1090,1090,1090,1110,25,3,Midfielders,MID,Midfielder,MID,5,,,2,5,False,[],347
True,False,100.0,100.0,460842,0,0,-3,3,0,3,4.5,4.5,7,Mohammed,4.0,525,False,,2025-04-02T19:00:08.867939Z,62,460842.jpg,3.3,False,Kudus,2.6,False,,a,19,21,106,474364,0,1072148,0,0.6,17.1,Kudus,81.0,2023-08-27,2000-08-02,False,p460842,2589,5,4,7,46,0,0,0,2,1,0,5,373,471.6,552.5,752.0,177.5,31,6.97,2.67,9.64,43.46,0,0,0,0,0,0,0,152,57,65,52,30,18,56,39,,,,,,,0.24,0.0,0.09,0.33,1.51,1.6,66,39,69,26,120,55,119,39,1.08,0.24,21,0,,19,0,West Ham,0,0,14,WHU,3,,False,0,1090,1100,1090,1090,1090,1110,25,3,Midfielders,MID,Midfielder,MID,5,,,2,5,False,[],347
True,False,,,577114,0,0,-4,4,0,3,0.7,0.7,0,Luis Guilherme,0.2,526,False,,,46,577114.jpg,1.0,False,Lira dos Santos,0.0,False,,a,19,21,12,2619,0,4989,0,0.0,2.6,L.Guilherme,30.0,2024-06-14,2006-02-09,False,p577114,139,0,0,0,5,0,0,0,0,0,0,0,47,27.6,49.1,32.0,10.8,1,0.42,0.13,0.55,2.61,0,0,0,0,0,0,0,467,214,364,199,375,200,438,207,,,,,,,0.27,0.0,0.08,0.35,1.69,3.24,360,231,396,182,512,234,642,256,0.65,0.0,21,0,,19,0,West Ham,0,0,14,WHU,3,,False,0,1090,1100,1090,1090,1090,1110,25,3,Midfielders,MID,Midfielder,MID,5,,,2,5,False,[],347
True,False,100.0,100.0,224024,0,0,-3,3,0,3,1.3,1.0,1,Lucas,0.5,527,False,,2025-02-21T03:30:10.447243Z,57,224024.jpg,2.4,False,Tolentino Coelho de Lima,0.9,False,,a,19,21,80,241162,0,359598,0,0.1,14.0,L.Paquetá,30.0,2022-08-29,1997-08-27,False,p224024,2374,4,1,4,50,0,0,0,10,0,0,5,375,433.2,627.7,267.0,132.6,27,5.36,3.36,8.72,43.32,0,0,0,0,0,0,0,166,68,51,42,125,82,95,62,,,3.0,,1.0,,0.2,0.0,0.13,0.33,1.64,1.9,96,63,358,170,232,101,213,67,1.02,0.15,21,0,,19,0,West Ham,0,0,14,WHU,3,,False,0,1090,1100,1090,1090,1090,1110,25,3,Midfielders,MID,Midfielder,MID,5,,,2,5,False,[],347
True,False,100.0,100.0,215439,0,0,-2,2,2,3,5.5,4.3,2,Tomáš,3.8,530,False,,2024-12-27T00:30:09.920421Z,48,215439.jpg,3.6,False,Souček,1.5,False,,a,19,21,126,527848,0,625980,0,0.8,26.2,Souček,57.0,2020-07-28,1995-02-27,False,p215439,2563,9,2,7,44,0,0,0,8,0,0,15,442,672.6,231.8,643.0,154.0,30,6.60,1.27,7.87,44.29,0,0,0,0,0,0,0,67,22,186,128,46,27,71,49,,,,,,,0.23,0.0,0.04,0.27,1.56,1.55,299,195,77,29,80,36,162,51,1.05,0.25,21,0,,19,0,West Ham,0,0,14,WHU,3,,False,0,1090,1100,1090,1090,1090,1110,25,3,Midfielders,MID,Midfielder,MID,5,,,2,5,False,[],347
True,False,100.0,100.0,101178,0,0,-4,4,0,3,2.0,4.0,9,James,3.5,531,False,,2024-10-25T22:30:06.650947Z,61,101178.jpg,2.1,False,Ward-Prowse,0.5,False,,a,19,21,51,38443,0,177823,0,0.6,8.4,Ward-Prowse,241.0,2023-08-14,1994-11-01,False,p101178,1433,1,2,5,18,0,0,0,2,1,0,2,293,282.4,378.3,138.0,80.0,17,1.59,2.68,4.27,19.29,0,0,0,0,0,0,0,251,113,108,79,232,134,203,104,1.0,,1.0,,,,0.1,0.0,0.17,0.27,1.21,1.13,67,40,100,42,287,129,255,80,1.07,0.31,21,0,,19,0,West Ham,0,0,14,WHU,3,,False,0,1090,1100,1090,1090,1090,1110,25,3,Midfielders,MID,Midfielder,MID,5,,,2,5,False,[],347
True,False,,,229384,0,0,-3,3,0,3,0.5,0.5,0,Andy,0.0,576,False,,,47,229384.jpg,0.9,False,Irving,0.0,False,,a,19,21,9,1704,0,3152,0,0.0,1.9,Irving,243.0,2023-08-31,2000-05-13,False,p229384,161,0,0,0,4,0,0,0,2,0,0,0,38,37.6,26.5,17.0,8.1,1,0.13,0.12,0.25,4.48,0,0,0,0,0,0,0,452,203,416,217,413,214,455,214,,,,,,,0.07,0.0,0.07,0.14,2.5,2.24,329,213,702,288,530,248,641,255,0.56,0.0,21,0,,19,0,West Ham,0,0,14,WHU,3,,False,0,1090,1100,1090,1090,1090,1110,25,3,Midfielders,MID,Midfielder,MID,5,,,2,5,False,[],347
True,False,0.0,0.0,450070,0,0,-5,5,0,3,0.0,0.0,0,Crysencio,0.0,587,False,Hamstring injury - Expected back 01 Jun,2025-01-11T01:30:09.528172Z,55,450070.jpg,1.7,False,Summerville,0.3,False,,i,19,21,33,49684,0,127893,0,0.0,6.0,Summerville,152.0,2024-08-03,2001-10-30,False,p450070,776,1,1,2,20,0,0,0,2,0,0,2,129,156.4,246.1,186.0,58.7,7,1.61,1.71,3.32,17.58,0,0,0,0,0,0,0,345,158,180,123,194,122,270,141,5.0,,,,,,0.19,0.0,0.2,0.39,2.04,2.32,117,73,780,335,358,167,314,97,0.81,0.23,21,0,,19,0,West Ham,0,0,14,WHU,3,,False,0,1090,1100,1090,1090,1090,1110,25,3,Midfielders,MID,Midfielder,MID,5,,,2,5,False,[],347
True,False,100.0,100.0,197024,0,0,-2,2,0,3,1.3,2.3,4,Guido,1.8,588,False,,2024-12-27T00:30:09.990636Z,48,197024.jpg,1.6,False,Rodríguez,0.1,False,,a,19,21,36,7516,0,11622,0,0.4,7.5,G.Rodríguez,10.0,2024-08-06,1994-04-12,False,p197024,1147,0,1,4,19,0,0,0,6,0,0,0,193,205.4,79.7,29.0,31.5,16,0.22,0.17,0.39,20.67,0,0,0,0,0,0,0,305,140,321,186,385,204,358,179,,,,,,,0.02,0.0,0.01,0.03,1.62,1.49,292,190,216,96,374,173,514,190,1.26,0.31,21,0,,19,0,West Ham,0,0,14,WHU,3,,False,0,1090,1100,1090,1090,1090,1110,25,3,Midfielders,MID,Midfielder,MID,5,,,2,5,False,[],347
True,False,100.0,100.0,224860,0,0,0,0,0,3,1.0,1.0,0,Carlos,0.5,654,False,,2024-12-27T02:00:10.148689Z,50,224860.jpg,1.5,False,Soler,0.0,False,,a,19,21,47,8771,0,8042,0,0.1,9.4,C.Soler,200.0,2024-08-30,1997-01-02,False,p224860,1394,1,1,2,25,0,0,0,6,0,0,2,216,189.0,295.8,186.0,67.2,14,1.85,1.93,3.78,28.62,0,0,0,0,0,0,0,322,145,146,102,193,121,243,124,4.0,,4.0,,,,0.12,0.0,0.12,0.24,1.85,1.61,210,130,355,167,389,182,607,238,0.9,0.13,21,0,,19,0,West Ham,0,0,14,WHU,3,,False,0,1090,1100,1090,1090,1090,1110,25,3,Midfielders,MID,Midfielder,MID,5,,,2,5,False,[],347
True,False,,,518442,0,0,0,0,0,3,0.5,0.5,0,Lewis,0.0,701,False,,,45,518442.jpg,1.0,False,Orford,0.0,False,,a,19,21,2,1760,0,1514,0,0.0,0.4,Orford,241.0,2022-11-01,2006-02-18,False,p518442,47,0,0,0,1,0,0,0,0,0,0,0,13,6.4,27.6,6.0,4.0,0,0.03,0.04,0.07,1.23,0,0,0,0,0,0,0,510,236,412,215,451,230,490,228,,,,,,,0.06,0.0,0.08,0.14,2.36,1.91,434,272,647,250,497,225,732,305,0.0,0.0,21,0,,19,0,West Ham,0,0,14,WHU,3,,False,0,1090,1100,1090,1090,1090,1110,25,3,Midfielders,MID,Midfielder,MID,5,,,2,5,False,[],347
True,False,100.0,100.0,476502,0,0,-2,2,0,3,0.0,0.0,0,Boubacar,0.0,534,False,,2025-01-14T13:30:09.399865Z,48,476502.jpg,1.0,False,Traoré,0.0,False,,a,20,39,1,2322,0,7081,0,0.0,0.2,B.Traore,132.0,2023-07-01,2001-08-20,False,p476502,1,0,0,0,0,0,0,0,0,0,0,0,3,4.0,0.0,0.0,0.4,0,0.00,0.00,0.00,0.00,0,0,0,0,0,0,0,524,241,772,330,760,326,538,247,,,,,,,0.0,0.0,0.0,0.0,0.0,0.0,313,203,721,300,517,237,634,251,0.0,0.0,39,0,,20,0,Wolves,0,0,16,WOL,3,,False,0,1125,1145,1100,1120,1150,1170,38,3,Midfielders,MID,Midfielder,MID,5,,,2,5,False,[],347
True,False,100.0,100.0,231057,0,0,-1,1,2,3,2.2,2.2,1,Jean-Ricner,2.2,535,False,,2025-04-14T08:30:08.180694Z,49,231057.jpg,2.6,False,Bellegarde,0.2,False,,a,20,39,90,89095,0,79933,0,0.4,18.4,Bellegarde,73.0,2023-09-01,1998-06-27,False,p231057,1666,2,7,6,31,0,0,0,3,0,0,5,332,355.6,422.8,200.0,97.2,20,1.46,2.74,4.20,26.55,0,0,0,0,0,0,0,207,91,92,71,177,112,152,88,,,1.0,,,,0.08,0.0,0.15,0.23,1.43,1.67,258,164,177,76,194,81,395,134,1.08,0.32,39,0,,20,0,Wolves,0,0,16,WOL,3,,False,0,1125,1145,1100,1120,1150,1170,38,3,Midfielders,MID,Midfielder,MID,5,,,2,5,False,[],347
True,False,0.0,0.0,510363,0,0,0,0,0,3,0.0,0.0,0,Francisco Jorge,0.0,537,False,Season long loan to RCD Mallorca,2024-09-01T09:12:21.111329Z,45,510363.jpg,1.0,False,Tomás Oliveira,0.1,False,,u,20,39,1,11572,0,28167,0,0.0,0.2,Chiquinho,,,,False,p510363,6,0,0,0,0,0,0,0,0,0,0,0,4,3.0,14.3,2.0,1.9,0,0.00,0.05,0.05,0.00,0,0,0,0,0,0,0,532,245,443,227,474,238,512,237,,,,,,,0.0,0.0,0.75,0.75,0.0,0.0,428,267,643,246,496,224,513,189,0.0,0.0,39,0,,20,0,Wolves,0,0,16,WOL,3,,False,0,1125,1145,1100,1120,1150,1170,38,3,Midfielders,MID,Midfielder,MID,5,,,2,5,False,[],347
True,False,0.0,0.0,497606,0,0,0,0,0,3,0.0,0.0,0,Tawanda,0.0,538,False,Loaened to Derby County,2024-08-27T08:37:28.318365Z,45,497606.jpg,0.0,False,Chirewa,0.0,False,,u,20,39,0,1909,0,8974,0,0.0,0.0,Chirewa,239.0,2023-12-01,,False,p497606,0,0,0,0,0,0,0,0,0,0,0,0,0,0.0,0.0,0.0,0.0,0,0.00,0.00,0.00,0.00,0,0,0,0,0,0,0,721,291,718,291,699,282,721,291,,,,,,,0.0,0.0,0.0,0.0,0.0,0.0,421,261,638,242,726,292,652,264,0.0,0.0,39,0,,20,0,Wolves,0,0,16,WOL,3,,False,0,1125,1145,1100,1120,1150,1170,38,3,Midfielders,MID,Midfielder,MID,5,,,2,5,False,[],347
True,False,0.0,0.0,245923,0,0,0,0,0,3,0.0,0.0,0,Luke,0.0,540,False,Loaned to Millwall,2025-02-03T10:24:24.082682Z,45,245923.jpg,0.0,False,Cundle,0.1,False,,u,20,39,0,33477,0,38180,0,0.0,0.0,Cundle,241.0,2019-07-16,,False,p245923,0,0,0,0,0,0,0,0,0,0,0,0,0,0.0,0.0,0.0,0.0,0,0.00,0.00,0.00,0.00,0,0,0,0,0,0,0,699,272,695,272,675,263,699,272,,,,,,,0.0,0.0,0.0,0.0,0.0,0.0,387,239,611,222,704,273,408,141,0.0,0.0,39,0,,20,0,Wolves,0,0,16,WOL,3,,False,0,1125,1145,1100,1120,1150,1170,38,3,Midfielders,MID,Midfielder,MID,5,,,2,5,False,[],347
True,False,,,220394,0,0,-3,3,0,3,0.0,0.0,0,Tommy,0.0,544,False,,,47,220394.jpg,1.2,False,Doyle,0.0,False,,a,20,39,28,5435,0,7881,0,0.0,6.0,Doyle,241.0,2024-07-01,2001-10-17,False,p220394,474,0,1,0,10,0,0,0,1,0,0,0,128,114.6,101.7,34.0,25.3,3,0.55,0.35,0.90,10.16,0,0,0,0,0,0,0,379,177,297,177,369,196,376,188,,,,,,,0.1,0.0,0.07,0.17,1.93,1.9,327,211,701,287,438,206,594,230,0.57,0.0,39,0,,20,0,Wolves,0,0,16,WOL,3,,False,0,1125,1145,1100,1120,1150,1170,38,3,Midfielders,MID,Midfielder,MID,5,,,2,5,False,[],347
True,False,0.0,0.0,593001,0,0,-1,1,0,3,0.0,0.0,0,Enso,0.0,547,False,Knee injury - Unknown return date,2024-08-05T15:00:04.514369Z,44,593001.jpg,0.0,False,González,0.0,False,,i,20,39,0,12091,0,12621,0,0.0,0.0,Gonzalez,168.0,2023-08-31,2005-01-20,False,p593001,0,0,0,0,0,0,0,0,0,0,0,0,0,0.0,0.0,0.0,0.0,0,0.00,0.00,0.00,0.00,0,0,0,0,0,0,0,685,267,680,267,657,258,685,267,,,,,,,0.0,0.0,0.0,0.0,0.0,0.0,554,335,593,214,690,268,593,229,0.0,0.0,39,0,,20,0,Wolves,0,0,16,WOL,3,,False,0,1125,1145,1100,1120,1150,1170,38,3,Midfielders,MID,Midfielder,MID,5,,,2,5,False,[],347
True,False,100.0,100.0,181284,0,0,-2,2,1,3,1.2,1.5,2,Gonçalo Manuel,1.5,548,False,,2025-02-22T21:30:09.805820Z,53,181284.jpg,2.1,False,Ganchinho Guedes,0.1,False,,a,20,39,62,30245,0,33627,0,0.3,11.7,Guedes,173.0,2022-08-08,1996-11-29,False,p181284,979,2,4,3,25,0,0,0,1,0,0,2,187,215.8,213.9,217.0,64.0,10,3.28,0.92,4.20,18.83,0,0,0,0,0,0,0,294,135,196,133,164,104,254,131,,,,,,,0.3,0.0,0.08,0.38,1.73,2.3,147,88,239,115,283,126,471,171,0.92,0.28,39,0,,20,0,Wolves,0,0,16,WOL,3,,False,0,1125,1145,1100,1120,1150,1170,38,3,Midfielders,MID,Midfielder,MID,5,,,2,5,False,[],347
True,False,100.0,100.0,184754,0,0,-4,4,0,3,0.5,0.5,0,Hwang,0.5,550,False,,2025-05-09T16:30:08.831398Z,61,184754.jpg,1.8,False,Hee-chan,0.2,False,,a,20,39,37,50858,0,121707,0,0.1,6.1,Hee Chan,114.0,2022-07-01,1996-01-26,False,p184754,646,2,1,0,19,0,0,0,0,0,0,0,130,111.6,72.7,84.0,26.7,5,0.79,0.35,1.14,12.57,0,0,0,0,0,0,0,386,184,331,191,291,163,374,186,,,,,1.0,,0.11,0.0,0.05,0.16,1.75,2.65,69,42,361,172,344,160,330,102,0.7,0.0,39,0,,20,0,Wolves,0,0,16,WOL,3,,False,0,1125,1145,1100,1120,1150,1170,38,3,Midfielders,MID,Midfielder,MID,5,,,2,5,False,[],347
True,False,0.0,0.0,240299,0,0,0,0,0,3,0.0,0.0,0,Joe,0.0,551,False,Season long to Huddersfield Town,2024-08-29T11:12:19.576028Z,45,240299.jpg,0.0,False,Hodge,0.2,False,,u,20,39,0,17482,0,54029,0,0.0,0.0,Hodge,,,,False,p240299,0,0,0,0,0,0,0,0,0,0,0,0,0,0.0,0.0,0.0,0.0,0,0.00,0.00,0.00,0.00,0,0,0,0,0,0,0,695,269,691,269,671,260,695,269,,,,,,,0.0,0.0,0.0,0.0,0.0,0.0,382,235,606,218,700,270,396,135,0.0,0.0,39,0,,20,0,Wolves,0,0,16,WOL,3,,False,0,1125,1145,1100,1120,1150,1170,38,3,Midfielders,MID,Midfielder,MID,5,,,2,5,False,[],347
True,False,100.0,100.0,448089,0,0,-1,1,1,3,1.8,1.2,1,João Victor,1.2,553,False,,2025-01-25T20:30:09.446646Z,49,448089.jpg,2.4,False,Gomes da Silva,0.2,False,,a,20,39,87,192501,0,189060,0,0.2,17.8,J.Gomes,30.0,2023-01-30,2001-02-12,False,p448089,2975,3,1,6,59,0,0,0,9,1,0,7,489,513.4,428.9,231.0,117.3,35,2.94,2.61,5.55,49.50,0,0,0,0,0,0,0,136,54,90,70,153,98,121,72,,,,,,,0.09,0.0,0.08,0.17,1.5,1.78,265,170,256,121,223,93,342,109,1.06,0.18,39,0,,20,0,Wolves,0,0,16,WOL,3,,False,0,1125,1145,1100,1120,1150,1170,38,3,Midfielders,MID,Midfielder,MID,5,,,2,5,False,[],347
True,False,0.0,0.0,151086,0,0,-2,2,1,3,0.0,0.0,0,Mario,0.0,557,False,Loaned to Galatasaray,2025-02-06T23:46:06.386435Z,48,151086.jpg,2.8,False,Lemina,0.1,False,,u,20,39,47,105788,0,114987,0,0.0,9.8,Mario Jr.,77.0,2023-01-13,,False,p151086,1363,1,3,1,39,0,0,0,4,0,0,5,252,356.8,166.7,120.0,64.4,15,1.30,0.87,2.17,27.26,0,0,0,0,0,0,0,205,89,232,152,251,141,253,130,,,,,,,0.09,0.0,0.06,0.15,1.8,2.58,285,184,709,291,171,72,428,148,0.99,0.07,39,0,,20,0,Wolves,0,0,16,WOL,3,,False,0,1125,1145,1100,1120,1150,1170,38,3,Midfielders,MID,Midfielder,MID,5,,,2,5,False,[],347
True,False,0.0,0.0,200600,0,0,0,0,0,3,0.0,0.0,0,Daniel,0.0,562,False,Transferred to Al-Shabab,2024-09-05T10:36:18.217223Z,55,200600.jpg,1.0,False,Castelo Podence,0.0,False,,u,20,39,2,1049,0,5158,0,0.0,0.4,Podence,,,,False,p200600,46,0,0,0,2,0,0,0,0,0,0,0,9,3.0,1.1,1.0,0.4,0,0.04,0.01,0.05,0.70,0,0,0,0,0,0,0,534,246,497,242,479,243,539,248,,,,,,,0.08,0.0,0.02,0.1,1.37,3.91,108,67,777,334,525,243,660,270,0.0,0.0,39,0,,20,0,Wolves,0,0,16,WOL,3,,False,0,1125,1145,1100,1120,1150,1170,38,3,Midfielders,MID,Midfielder,MID,5,,,2,5,False,[],347
True,False,100.0,100.0,483081,0,0,-4,4,0,3,2.5,1.2,1,Rodrigo,1.2,563,False,,2025-02-17T10:00:10.093003Z,51,483081.jpg,1.7,False,Martins Gomes,0.1,False,,a,20,39,42,7425,0,17689,0,0.2,8.2,R.Gomes,173.0,2024-07-01,2003-07-07,False,p483081,794,2,0,1,20,0,0,0,0,0,0,0,183,186.6,180.2,113.0,47.6,7,0.72,0.87,1.59,16.09,0,0,0,0,0,0,0,327,147,222,148,260,148,297,152,,,,,,,0.08,0.0,0.1,0.18,1.82,2.27,189,113,260,124,355,164,499,181,0.79,0.11,39,0,,20,0,Wolves,0,0,16,WOL,3,,False,0,1125,1145,1100,1120,1150,1170,38,3,Midfielders,MID,Midfielder,MID,5,,,2,5,False,[],347
True,False,100.0,100.0,88484,0,0,-5,5,1,3,1.2,1.0,0,Pablo,1.0,565,False,,2024-12-06T10:30:08.162176Z,50,88484.jpg,2.2,False,Sarabia,0.1,False,,a,20,39,50,26662,0,39266,0,0.2,10.0,Sarabia,200.0,2023-01-17,1992-05-11,False,p88484,800,3,2,1,17,0,0,0,3,0,0,3,175,217.6,245.9,177.0,63.8,7,2.88,1.90,4.78,15.78,0,0,0,0,0,0,0,292,133,181,124,200,124,257,133,2.0,,2.0,,2.0,,0.32,0.0,0.21,0.53,1.78,1.91,196,119,283,133,257,109,450,159,0.79,0.11,39,0,,20,0,Wolves,0,0,16,WOL,3,,False,0,1125,1145,1100,1120,1150,1170,38,3,Midfielders,MID,Midfielder,MID,5,,,2,5,False,[],347
True,False,100.0,100.0,509291,0,0,0,0,0,3,2.0,1.8,2,André,1.8,642,False,,2024-12-30T09:30:07.327372Z,50,509291.jpg,1.8,False,Trindade da Costa Neto,0.0,False,,a,20,39,61,8441,0,7107,0,0.4,12.2,André,30.0,2024-08-30,2001-07-16,False,p509291,2472,0,0,7,46,0,0,0,7,0,0,1,436,383.2,285.5,30.0,69.7,31,0.41,0.52,0.93,40.79,0,0,0,0,0,0,0,192,83,154,107,381,203,234,120,,,,,,,0.01,0.0,0.02,0.03,1.49,1.67,228,144,217,97,339,157,601,234,1.13,0.25,39,0,,20,0,Wolves,0,0,16,WOL,3,,False,0,1125,1145,1100,1120,1150,1170,38,3,Midfielders,MID,Midfielder,MID,5,,,2,5,False,[],347
True,False,100.0,100.0,463212,0,0,-1,1,0,3,0.2,0.0,0,Carlos Roberto,0.0,655,False,,2025-01-25T21:00:11.019183Z,54,463212.jpg,0.9,False,Forbs Borges,0.0,False,,a,20,39,9,4489,0,4611,0,0.0,1.7,Forbs,173.0,2024-08-30,2004-03-19,False,p463212,236,0,0,0,9,0,0,0,2,0,0,0,35,25.8,24.2,35.0,8.3,1,0.15,0.10,0.25,8.09,0,0,0,0,0,0,0,469,216,423,219,366,194,453,213,,,,,,,0.06,0.0,0.04,0.1,3.09,3.43,136,84,774,332,534,251,608,239,0.38,0.0,39,0,,20,0,Wolves,0,0,16,WOL,3,,False,0,1125,1145,1100,1120,1150,1170,38,3,Midfielders,MID,Midfielder,MID,5,,,2,5,False,[],347
True,False,,,596054,0,0,0,0,0,3,0.0,0.0,0,Tom,0.0,682,False,,,45,596054.jpg,0.0,False,Edozie,0.0,False,,a,20,39,0,4208,0,3131,0,0.0,0.0,Edozie,241.0,2024-11-22,2006-05-18,False,p596054,0,0,0,0,0,0,0,0,0,0,0,0,0,0.0,0.0,0.0,0.0,0,0.00,0.00,0.00,0.00,0,0,0,0,0,0,0,764,324,761,324,744,316,764,324,,,,,,,0.0,0.0,0.0,0.0,0.0,0.0,480,304,687,279,767,325,655,267,0.0,0.0,39,0,,20,0,Wolves,0,0,16,WOL,3,,False,0,1125,1145,1100,1120,1150,1170,38,3,Midfielders,MID,Midfielder,MID,5,,,2,5,False,[],347
True,False,100.0,100.0,433312,0,0,0,0,0,3,2.0,3.5,9,Marshall,3.5,770,False,,2025-03-09T23:00:09.898129Z,50,433312.jpg,3.6,False,Munetsi,0.1,False,,a,20,39,50,33865,0,28115,0,0.7,10.0,Munetsi,239.0,2025-02-03,1996-06-22,False,p433312,1077,2,2,5,11,0,0,0,0,0,0,4,134,176.8,132.9,212.0,52.3,12,3.32,1.08,4.39,14.59,0,0,0,0,0,0,0,332,150,265,164,166,106,289,150,,,,,,,0.28,0.0,0.09,0.37,1.22,0.92,216,135,95,38,82,37,532,201,1.0,0.42,39,0,,20,0,Wolves,0,0,16,WOL,3,,False,0,1125,1145,1100,1120,1150,1170,38,3,Midfielders,MID,Midfielder,MID,5,,,2,5,False,[],347
