can_transact,can_select,chance_of_playing_next_round,chance_of_playing_this_round,code,cost_change_event,cost_change_event_fall,cost_change_start,cost_change_start_fall,dreamteam_count,element_type,ep_next,ep_this,event_points,first_name,form,id,in_dreamteam,news,news_added,now_cost,photo,points_per_game,removed,second_name,selected_by_percent,special,squad_number,status,team,team_code,total_points,transfers_in,transfers_in_event,transfers_out,transfers_out_event,value_form,value_season,web_name,region,team_join_date,birth_date,has_temporary_code,opta_code,minutes,goals_scored,assists,clean_sheets,goals_conceded,own_goals,penalties_saved,penalties_missed,yellow_cards,red_cards,saves,bonus,bps,influence,creativity,threat,ict_index,starts,expected_goals,expected_assists,expected_goal_involvements,expected_goals_conceded,mng_win,mng_draw,mng_loss,mng_underdog_win,mng_underdog_draw,mng_clean_sheets,mng_goals_scored,influence_rank,influence_rank_type,creativity_rank,creativity_rank_type,threat_rank,threat_rank_type,ict_index_rank,ict_index_rank_type,corners_and_indirect_freekicks_order,corners_and_indirect_freekicks_text,direct_freekicks_order,direct_freekicks_text,penalties_order,penalties_text,expected_goals_per_90,saves_per_90,expected_assists_per_90,expected_goal_involvements_per_90,expected_goals_conceded_per_90,goals_conceded_per_90,now_cost_rank,now_cost_rank_type,form_rank,form_rank_type,points_per_game_rank,points_per_game_rank_type,selected_rank,selected_rank_type,starts_per_90,clean_sheets_per_90,code_team,draw,form_team,id_team,loss,name,played,points,position,short_name,strength,team_division,unavailable,win,strength_overall_home,strength_overall_away,strength_attack_home,strength_attack_away,strength_defence_home,strength_defence_away,pulse_id,id_position,plural_name,plural_name_short,singular_name,singular_name_short,squad_select,squad_min_select,squad_max_select,squad_min_play,squad_max_play,ui_shirt_specific,sub_positions_locked,element_count
True,False,,,111234,0,0,2,-2,5,1,3.3,5.0,11,Jordan,5.5,235,True,,,52,111234.jpg,4.2,False,Pickford,15.9,False,,a,8,11,158,2522034,0,2440525,0,1.1,30.4,Pickford,241.0,2017-07-01,1994-03-07,False,p111234,3420,0,1,12,44,0,2,0,7,0,122,15,593,1052.0,20.3,0.0,107.0,38,0.00,0.22,0.22,46.11,0,0,0,0,0,0,0,5,2,429,5,787,79,140,2,,,,,,,0.0,3.21,0.01,0.01,1.21,1.16,165,6,30,2,32,6,24,3,1.0,0.32,11,0,,8,0,Everton,0,0,13,EVE,3,,False,0,1120,1145,1160,1160,1080,1130,7,1,Goalkeepers,GKP,Goalkeeper,GKP,2,,,1,1,True,[12],82
True,False,100.0,100.0,85633,0,0,7,-7,3,1,2.3,2.3,2,Matz,1.8,443,False,,2024-10-12T11:00:07.468908Z,52,85633.jpg,3.9,False,Sels,19.9,False,,a,16,17,150,3541533,0,1554132,0,0.3,28.8,Sels,21.0,2024-02-01,1992-02-26,False,p85633,3420,0,1,13,46,0,0,0,4,0,120,11,521,942.2,20.2,0.0,96.7,38,0.00,0.26,0.26,50.17,0,0,0,0,0,0,0,12,5,430,6,785,77,154,5,,,,,,,0.0,3.16,0.01,0.01,1.32,1.21,161,4,218,18,51,9,17,2,1.0,0.34,17,0,,16,0,Nott'm Forest,0,0,7,NFO,4,,False,0,1220,1290,1190,1330,1250,1250,15,1,Goalkeepers,GKP,Goalkeeper,GKP,2,,,1,1,True,[12],82
True,False,100.0,100.0,154561,0,0,1,-1,3,1,4.8,4.5,2,David,3.0,15,False,,2025-01-30T11:00:08.979724Z,56,154561.jpg,3.7,False,Raya Martin,32.6,False,,a,1,3,142,4184559,0,3511572,0,0.5,25.4,Raya,200.0,2024-07-04,1995-09-15,False,p154561,3420,0,0,13,34,0,0,0,3,0,86,10,555,755.4,10.7,0.0,76.7,38,0.00,0.03,0.03,35.03,0,0,0,0,0,0,0,43,11,458,12,796,82,212,11,,,,,,,0.0,2.26,0.0,0.0,0.92,0.89,101,1,133,14,73,12,6,1,1.0,0.34,3,0,,1,0,Arsenal,0,0,2,ARS,5,,False,0,1350,1350,1390,1400,1310,1300,1,1,Goalkeepers,GKP,Goalkeeper,GKP,2,,,1,1,True,[12],82
True,False,100.0,100.0,118342,0,0,0,0,2,1,6.2,5.6,3,Mark,5.6,91,False,,2025-02-03T02:00:08.276126Z,45,118342.jpg,3.7,False,Flekken,10.0,False,,a,4,94,138,1835614,0,1826995,0,1.2,30.7,Flekken,152.0,2023-07-01,1993-06-13,False,p118342,3275,0,2,7,55,0,0,0,1,0,153,12,584,1298.4,30.3,0.0,132.5,37,0.00,0.11,0.11,54.82,0,0,0,0,0,0,0,2,1,403,2,664,68,96,1,,,,,,,0.0,4.2,0.0,0.0,1.51,1.51,367,16,27,1,69,11,40,7,1.02,0.19,94,0,,4,0,Brentford,0,0,10,BRE,3,,False,0,1130,1180,1100,1100,1160,1260,130,1,Goalkeepers,GKP,Goalkeeper,GKP,2,,,1,1,True,[12],82
True,False,100.0,100.0,172649,0,0,1,-1,3,1,2.3,2.0,2,Dean,3.0,201,False,,2025-01-12T22:00:08.068713Z,46,172649.jpg,3.6,False,Henderson,11.7,False,,a,7,31,135,1875205,0,2293286,0,0.7,29.3,Henderson,241.0,2023-08-31,1997-03-12,False,p172649,3420,0,0,11,51,0,1,0,3,0,104,8,466,853.6,30.0,4.0,88.6,38,0.01,0.02,0.03,50.33,0,0,0,0,0,0,0,20,6,406,4,465,2,172,6,,,,,,,0.0,2.74,0.0,0.0,1.32,1.34,352,13,125,12,78,13,36,5,1.0,0.29,31,0,,7,0,Crystal Palace,0,0,12,CRY,3,,False,0,1150,1155,1140,1140,1160,1170,6,1,Goalkeepers,GKP,Goalkeeper,GKP,2,,,1,1,True,[12],82
True,False,100.0,100.0,215059,0,0,0,0,2,1,4.3,3.5,6,Robert,4.0,185,False,,2025-05-01T00:30:08.074171Z,45,215059.jpg,3.9,False,Sánchez,6.2,False,,a,6,8,126,2374350,0,2101220,0,0.9,28.0,Sánchez,200.0,2023-08-05,1997-11-18,False,p215059,2880,0,0,10,34,0,1,0,5,0,95,11,470,755.6,20.0,0.0,77.5,32,0.00,0.02,0.02,38.55,0,0,0,0,0,0,0,42,10,431,7,670,69,208,10,,,,,,,0.0,2.97,0.0,0.0,1.2,1.06,378,17,60,5,50,8,62,11,1.0,0.31,8,0,,6,0,Chelsea,0,0,4,CHE,3,,False,0,1155,1235,1120,1170,1190,1300,4,1,Goalkeepers,GKP,Goalkeeper,GKP,2,,,1,1,True,[12],82
True,False,,,202641,0,0,-1,1,1,1,1.0,0.5,0,André,0.5,383,False,,,49,202641.jpg,3.5,False,Onana,5.0,False,,a,14,1,120,1185049,0,1391174,0,0.1,24.5,Onana,38.0,2023-07-20,1996-04-02,False,p202641,3060,0,0,9,44,0,1,0,0,0,90,8,443,733.0,13.0,0.0,74.7,34,0.00,0.20,0.20,47.79,0,0,0,0,0,0,0,49,13,445,10,764,73,219,13,,,,,,,0.0,2.65,0.01,0.01,1.41,1.29,252,10,350,25,91,16,74,14,1.0,0.26,1,0,,14,0,Man Utd,0,0,15,MUN,3,,False,0,1095,1135,1120,1130,1070,1140,12,1,Goalkeepers,GKP,Goalkeeper,GKP,2,,,1,1,True,[12],82
True,False,,,80201,0,0,0,0,1,1,2.5,2.5,2,Bernd,3.0,248,False,,,50,80201.jpg,3.0,False,Leno,2.9,False,,a,9,54,115,594796,0,587626,0,0.6,23.0,Leno,80.0,2022-08-02,1992-03-04,False,p80201,3420,0,2,5,54,0,1,0,5,0,110,5,475,967.0,20.0,0.0,98.6,38,0.00,0.03,0.03,47.75,0,0,0,0,0,0,0,10,4,432,8,770,74,149,3,,,,,,,0.0,2.89,0.0,0.0,1.26,1.42,195,7,128,13,142,21,114,17,1.0,0.13,54,0,,9,0,Fulham,0,0,11,FUL,3,,False,0,1155,1155,1150,1150,1160,1160,34,1,Goalkeepers,GKP,Goalkeeper,GKP,2,,,1,1,True,[12],82
True,False,100.0,100.0,116535,0,0,0,0,2,1,3.5,3.8,3,Alisson,2.8,310,False,,2025-03-22T01:00:07.863924Z,55,116535.jpg,4.0,False,Ramses Becker,8.4,False,,a,12,14,112,1648407,0,2025060,0,0.5,20.4,A.Becker,30.0,2018-07-19,1992-10-02,False,p116535,2508,0,0,10,29,0,0,0,0,0,78,9,451,628.8,13.0,0.0,64.0,28,0.00,0.20,0.20,27.10,0,0,0,0,0,0,0,81,15,446,11,794,81,255,15,,,,,,,0.0,2.8,0.01,0.01,0.97,1.04,104,2,148,15,43,7,46,8,1.0,0.36,14,0,,12,0,Liverpool,0,0,1,LIV,5,,False,0,1350,1370,1320,1360,1380,1380,10,1,Goalkeepers,GKP,Goalkeeper,GKP,2,,,1,1,True,[12],82
True,False,0.0,100.0,98980,0,0,0,0,2,1,7.7,5.2,-2,Emiliano,5.2,47,False,Suspended until 23 Aug,2025-05-25T18:00:07.245002Z,50,98980.jpg,3.0,False,Martínez Romero,13.3,False,,s,2,7,111,1948436,0,1972857,0,1.0,22.2,Martinez,10.0,2020-09-16,1992-09-02,False,p98980,3195,0,0,8,47,0,1,0,5,1,100,6,457,839.6,20.0,0.0,86.0,37,0.00,0.02,0.02,44.99,0,0,0,0,0,0,0,24,8,433,9,772,76,184,7,,,,,,,0.0,2.82,0.0,0.0,1.27,1.32,198,9,36,3,143,22,31,4,1.04,0.23,7,0,,2,0,Aston Villa,0,0,6,AVL,3,,False,0,1145,1240,1130,1180,1160,1300,2,1,Goalkeepers,GKP,Goalkeeper,GKP,2,,,1,1,True,[12],82
True,False,100.0,100.0,121160,0,0,-2,2,2,1,4.8,5.5,7,Ederson,5.0,347,False,,2025-04-12T20:00:08.389207Z,53,121160.jpg,4.3,False,Santana de Moraes,5.7,False,,a,13,43,111,885490,0,1169725,0,0.9,20.9,Ederson M.,30.0,2017-07-01,1993-08-17,False,p121160,2320,0,4,10,26,0,0,0,4,0,54,9,400,567.0,43.0,0.0,60.9,26,0.00,0.16,0.16,29.50,0,0,0,0,0,0,0,112,19,373,1,789,80,264,18,,,,,,,0.0,2.09,0.01,0.01,1.14,1.01,144,3,42,4,29,5,66,13,1.01,0.39,43,0,,13,0,Man City,0,0,3,MCI,4,,False,0,1220,1270,1160,1170,1280,1370,11,1,Goalkeepers,GKP,Goalkeeper,GKP,2,,,1,1,True,[12],82
True,False,100.0,100.0,109745,0,0,1,-1,0,1,2.7,3.5,6,Kepa,3.0,152,False,,2025-01-04T19:30:08.158014Z,46,109745.jpg,3.4,False,Arrizabalaga,3.7,False,,a,3,91,106,838119,0,497680,0,0.7,23.0,Arrizabalaga,200.0,2024-08-29,1994-10-03,False,p109745,2790,0,0,8,39,0,0,0,3,0,97,7,406,744.4,10.4,4.0,75.8,31,0.06,0.03,0.09,38.83,0,0,0,0,0,0,0,44,12,460,13,464,1,217,12,,,,,,,0.0,3.13,0.0,0.0,1.25,1.26,350,12,124,11,100,17,103,15,1.0,0.26,91,0,,3,0,Bournemouth,0,0,9,BOU,3,,False,0,1170,1200,1120,1180,1220,1220,127,1,Goalkeepers,GKP,Goalkeeper,GKP,2,,,1,1,True,[12],82
True,False,100.0,100.0,489639,0,0,0,0,1,1,3.5,3.8,2,Bart,3.8,146,False,,2024-08-12T14:30:04.523944Z,45,489639.jpg,2.9,False,Verbruggen,2.5,False,,a,5,36,103,807148,0,622236,0,0.8,22.9,Verbruggen,152.0,2023-07-03,2002-08-18,False,p489639,3240,0,1,7,58,0,0,0,5,0,91,6,366,849.8,10.0,0.0,85.8,36,0.00,0.01,0.01,53.10,0,0,0,0,0,0,0,21,7,466,18,691,70,185,8,,,,,,,0.0,2.53,0.0,0.0,1.48,1.61,410,18,76,8,149,23,124,19,1.0,0.19,36,0,,5,0,Brighton,0,0,8,BHA,3,,False,0,1140,1165,1090,1140,1190,1190,131,1,Goalkeepers,GKP,Goalkeeper,GKP,2,,,1,1,True,[12],82
True,False,100.0,100.0,98747,0,0,0,0,1,1,5.0,4.3,3,Nick,3.8,413,False,,2024-12-13T11:30:08.088931Z,50,98747.jpg,3.6,False,Pope,6.1,False,,a,15,4,102,1190853,0,1306610,0,0.8,20.4,Pope,241.0,2022-06-23,1992-04-19,False,p98747,2520,0,0,8,35,0,1,0,2,0,88,2,384,666.0,10.0,0.0,67.4,28,0.00,0.00,0.00,34.94,0,0,0,0,0,0,0,72,14,467,19,771,75,242,14,,,,,,,0.0,3.14,0.0,0.0,1.25,1.25,197,8,78,9,81,14,63,12,1.0,0.29,4,0,,15,0,Newcastle,0,0,5,NEW,4,,False,0,1220,1255,1150,1170,1290,1340,23,1,Goalkeepers,GKP,Goalkeeper,GKP,2,,,1,1,True,[12],82
True,False,100.0,100.0,225321,0,0,-1,1,4,1,2.0,2.3,3,Aaron,3.8,14,False,,2025-01-24T00:00:09.434398Z,44,225321.jpg,3.2,False,Ramsdale,1.3,False,,a,17,20,97,357661,0,340586,0,0.9,22.0,Ramsdale,241.0,2024-08-30,1998-05-14,False,p225321,2700,0,0,3,66,0,2,0,2,0,125,11,315,980.6,0.1,0.0,98.3,30,0.00,0.04,0.04,66.34,0,0,0,0,0,0,0,9,3,526,23,641,61,150,4,,,,,,,0.0,4.17,0.0,0.0,2.21,2.2,516,21,74,7,124,19,174,24,1.0,0.1,20,0,,17,0,Southampton,0,0,20,SOU,2,,False,0,975,975,1000,1000,990,990,20,1,Goalkeepers,GKP,Goalkeeper,GKP,2,,,1,1,True,[12],82
True,False,100.0,100.0,149065,0,0,-1,1,1,1,3.8,1.8,4,José,1.8,554,False,,2025-04-21T04:30:08.014170Z,44,149065.jpg,3.2,False,Malheiro de Sá,2.8,False,,a,20,39,93,498272,0,433814,0,0.4,21.1,José Sá,173.0,2021-07-15,1993-01-17,False,p149065,2610,0,0,7,48,0,2,0,2,0,71,4,305,603.4,30.0,0.0,63.4,29,0.00,0.01,0.01,42.22,0,0,0,0,0,0,0,99,17,405,3,636,60,258,16,,,,,,,0.0,2.45,0.0,0.0,1.46,1.66,502,20,205,17,123,18,116,18,1.0,0.24,39,0,,20,0,Wolves,0,0,16,WOL,3,,False,0,1125,1145,1100,1120,1150,1170,38,1,Goalkeepers,GKP,Goalkeeper,GKP,2,,,1,1,True,[12],82
True,False,100.0,100.0,84182,0,0,-3,3,0,1,4.3,3.5,0,Alphonse,3.0,513,False,,2025-01-16T22:00:08.950625Z,42,84182.jpg,2.7,False,Areola,7.2,False,,a,19,21,69,877867,0,1021415,0,0.7,16.4,Areola,73.0,2022-07-01,1993-02-27,False,p84182,2259,0,0,4,41,1,0,0,0,0,82,1,261,619.8,0.0,0.0,62.1,25,0.00,0.00,0.00,37.78,0,0,0,0,0,0,0,89,16,653,70,618,53,261,17,,,,,,,0.0,3.27,0.0,0.0,1.51,1.63,605,32,119,10,181,28,54,10,1.0,0.16,21,0,,19,0,West Ham,0,0,14,WHU,3,,False,0,1090,1100,1090,1090,1090,1110,25,1,Goalkeepers,GKP,Goalkeeper,GKP,2,,,1,1,True,[12],82
True,False,100.0,100.0,184254,0,0,-2,2,1,1,0.5,0.8,1,Guglielmo,0.8,508,False,,2024-11-26T00:00:08.341528Z,48,184254.jpg,2.8,False,Vicario,1.8,False,,a,18,6,66,279535,0,543983,0,0.2,13.8,Vicario,106.0,2023-07-01,1996-10-07,False,p184254,2160,0,0,4,37,0,0,0,1,0,68,2,293,587.8,0.0,0.0,58.5,24,0.00,0.00,0.00,33.60,0,0,0,0,0,0,0,105,18,770,81,758,72,271,19,,,,,,,0.0,2.83,0.0,0.0,1.4,1.54,291,11,310,22,172,26,145,21,1.0,0.17,6,0,,18,0,Spurs,0,0,17,TOT,3,,False,0,1100,1170,1060,1070,1210,1270,21,1,Goalkeepers,GKP,Goalkeeper,GKP,2,,,1,1,True,[12],82
True,False,0.0,0.0,467189,0,0,-1,1,1,1,0.0,0.0,0,Mads,0.0,293,False,Groin Injury - Expected back 01 Jun,2025-05-01T12:00:08.105076Z,44,467189.jpg,2.3,False,Hermansen,0.4,False,,i,11,13,63,131552,0,153449,0,0.0,14.3,Hermansen,58.0,2023-07-18,2000-07-11,False,p467189,2385,0,0,1,58,0,1,0,1,0,103,1,231,827.0,0.2,0.0,82.8,27,0.00,0.02,0.02,55.09,0,0,0,0,0,0,0,27,9,521,21,646,65,192,9,,,,,,,0.0,3.89,0.0,0.0,2.08,2.19,532,25,579,80,238,35,287,43,1.02,0.04,13,0,,11,0,Leicester,0,0,18,LEI,2,,False,0,975,975,1000,1020,990,990,26,1,Goalkeepers,GKP,Goalkeeper,GKP,2,,,1,1,True,[12],82
True,False,0.0,0.0,232917,0,0,-1,1,0,1,0.0,0.0,0,Arijanet,0.0,568,False,Shoulder injury - Expected back 01 Jun,2025-04-11T14:00:07.052575Z,44,232917.jpg,2.7,False,Muric,0.4,False,,i,10,40,49,199421,0,207808,0,0.0,11.1,Muric,286.0,2024-07-17,1998-11-07,False,p232917,1620,0,0,1,33,0,0,0,1,0,70,5,186,531.2,0.0,0.0,53.1,18,0.00,0.01,0.01,36.12,0,0,0,0,0,0,0,127,20,669,77,643,63,286,20,,,,,,,0.0,3.89,0.0,0.0,2.01,1.83,524,23,575,78,184,30,270,38,1.0,0.06,40,0,,10,0,Ipswich,0,0,19,IPS,2,,False,0,1065,1065,1040,1040,1090,1090,8,1,Goalkeepers,GKP,Goalkeeper,GKP,2,,,1,1,True,[12],82
True,False,,,200720,0,0,-6,6,1,1,1.0,1.0,0,Caoimhin,0.0,325,False,,,39,200720.jpg,4.5,False,Kelleher,1.2,False,,a,12,14,45,792966,0,744108,0,0.0,11.5,Kelleher,104.0,2016-08-06,1998-11-23,False,p200720,900,0,0,4,12,0,1,0,0,0,27,1,156,224.2,0.0,0.0,22.4,10,0.00,0.00,0.00,11.09,0,0,0,0,0,0,0,283,25,560,34,513,14,389,25,,,,,,,0.0,2.7,0.0,0.0,1.11,1.2,750,72,427,36,19,2,178,26,1.0,0.4,14,0,,12,0,Liverpool,0,0,1,LIV,5,,False,0,1350,1370,1320,1360,1380,1380,10,1,Goalkeepers,GKP,Goalkeeper,GKP,2,,,1,1,True,[12],82
True,False,100.0,100.0,67089,0,0,-5,5,1,1,0.5,0.5,0,Martin,0.0,396,False,,2024-10-02T00:30:05.687323Z,40,67089.jpg,4.4,False,Dúbravka,1.3,False,,a,15,4,44,438818,0,436352,0,0.0,11.0,Dúbravka,194.0,2018-07-01,1989-01-15,False,p67089,900,0,0,5,12,0,0,0,0,0,29,2,160,220.2,0.0,0.0,22.0,10,0.00,0.00,0.00,11.19,0,0,0,0,0,0,0,288,27,575,46,534,27,391,27,,,,,,,0.0,2.9,0.0,0.0,1.12,1.2,638,42,451,49,25,4,176,25,1.0,0.5,4,0,,15,0,Newcastle,0,0,5,NEW,4,,False,0,1220,1255,1150,1170,1290,1340,23,1,Goalkeepers,GKP,Goalkeeper,GKP,2,,,1,1,True,[12],82
True,False,100.0,100.0,37096,0,0,-1,1,0,1,0.5,1.3,3,Łukasz,0.8,521,False,,2024-12-27T02:00:09.942808Z,39,37096.jpg,2.8,False,Fabiański,10.0,False,,a,19,21,39,1714254,0,1962090,0,0.2,10.0,Fabianski,172.0,2018-06-20,1985-04-18,False,p37096,1160,0,0,2,21,0,0,0,2,0,50,2,143,387.8,0.3,0.0,38.7,13,0.00,0.00,0.00,22.78,0,0,0,0,0,0,0,188,21,508,20,504,7,330,21,,,,,,,0.0,3.88,0.0,0.0,1.77,1.63,735,65,294,21,160,24,39,6,1.01,0.16,21,0,,19,0,West Ham,0,0,14,WHU,3,,False,0,1090,1100,1090,1090,1090,1110,25,1,Goalkeepers,GKP,Goalkeeper,GKP,2,,,1,1,True,[12],82
True,False,,,88248,0,0,-3,3,0,1,0.5,0.5,0,Stefan,0.0,358,False,,,52,88248.jpg,2.7,False,Ortega Moreno,0.7,False,,a,13,43,35,98398,0,126640,0,0.0,6.7,Ortega Moreno,80.0,2022-07-01,1992-11-06,False,p88248,1099,0,0,3,18,0,0,0,1,0,33,0,144,292.6,0.0,0.0,29.4,12,0.00,0.00,0.00,19.12,0,0,0,0,0,0,0,245,23,792,82,786,78,366,23,,,,,,,0.0,2.7,0.0,0.0,1.57,1.47,162,5,763,82,187,31,241,31,0.98,0.25,43,0,,13,0,Man City,0,0,3,MCI,4,,False,0,1220,1270,1160,1170,1280,1370,11,1,Goalkeepers,GKP,Goalkeeper,GKP,2,,,1,1,True,[12],82
True,False,100.0,100.0,436680,0,0,0,0,0,1,2.7,3.3,2,Jakub,3.8,304,False,,2024-07-25T11:00:04.015354Z,40,436680.jpg,2.5,False,Stolarczyk,0.5,False,,a,11,13,25,114312,0,65438,0,1.0,6.2,Stolarczyk,172.0,2020-09-04,2000-12-19,False,p436680,900,0,0,2,16,0,0,0,1,0,28,0,104,228.4,0.0,0.0,22.8,10,0.00,0.00,0.00,14.83,0,0,0,0,0,0,0,281,24,590,52,549,33,387,24,,,,,,,0.0,2.8,0.0,0.0,1.48,1.6,658,48,72,6,201,32,257,35,1.0,0.2,13,0,,11,0,Leicester,0,0,18,LEI,2,,False,0,975,975,1000,1020,990,990,26,1,Goalkeepers,GKP,Goalkeeper,GKP,2,,,1,1,True,[12],82
True,False,,,112520,0,0,0,0,0,1,1.0,0.7,0,Alex,1.2,764,False,,,45,112520.jpg,1.7,False,Palmer,0.1,False,,a,10,40,22,22477,0,12319,0,0.3,4.9,Palmer,241.0,2025-02-03,1996-08-10,False,p112520,1170,0,0,0,30,0,0,0,2,0,45,0,94,356.8,10.0,0.0,36.6,13,0.00,0.00,0.00,24.64,0,0,0,0,0,0,0,204,22,465,17,663,67,336,22,,,,,,,0.0,3.46,0.0,0.0,1.9,2.31,366,15,251,20,350,39,451,62,1.0,0.0,40,0,,10,0,Ipswich,0,0,19,IPS,2,,False,0,1065,1065,1040,1040,1090,1090,8,1,Goalkeepers,GKP,Goalkeeper,GKP,2,,,1,1,True,[12],82
True,False,0.0,0.0,229600,0,0,-1,1,0,1,0.0,0.0,0,Mark,0.0,84,False,Loaned to Middlesbrough,2025-02-03T10:20:13.419620Z,44,229600.jpg,3.8,False,Travers,0.1,False,,u,3,91,19,19149,0,28730,0,0.0,4.3,Travers,104.0,2018-07-01,,False,p229600,450,0,0,1,5,0,0,0,0,0,20,1,76,146.4,0.0,0.0,14.6,5,0.00,0.01,0.01,7.36,0,0,0,0,0,0,0,355,33,668,76,642,62,421,33,,,,,,,0.0,4.0,0.0,0.0,1.47,1.0,518,22,572,77,59,10,455,63,1.0,0.2,91,0,,3,0,Bournemouth,0,0,9,BOU,3,,False,0,1170,1200,1120,1180,1220,1220,127,1,Goalkeepers,GKP,Goalkeeper,GKP,2,,,1,1,True,[12],82
True,False,,,40383,0,0,-2,2,0,1,0.0,0.0,0,Fraser,0.0,488,False,,,43,40383.jpg,2.7,False,Forster,0.3,False,,a,18,6,19,105486,0,107219,0,0.0,4.4,Forster,241.0,2022-06-10,1988-03-17,False,p40383,630,0,0,1,15,0,0,0,0,0,29,0,64,221.0,0.0,0.0,22.2,7,0.00,0.00,0.00,14.80,0,0,0,0,0,0,0,286,26,658,73,624,56,390,26,,,,,,,0.0,4.14,0.0,0.0,2.11,2.14,557,26,550,75,182,29,303,47,1.0,0.14,6,0,,18,0,Spurs,0,0,17,TOT,3,,False,0,1100,1170,1060,1070,1210,1270,21,1,Goalkeepers,GKP,Goalkeeper,GKP,2,,,1,1,True,[12],82
True,False,100.0,100.0,508479,0,0,-3,3,0,1,-0.5,-0.5,0,Filip,0.0,581,False,,2024-11-21T08:30:09.544798Z,42,508479.jpg,3.0,False,Jørgensen,0.4,False,,a,6,8,18,122385,0,123731,0,0.0,4.3,Jørgensen,58.0,2024-07-30,2002-04-16,False,p508479,540,0,0,1,9,0,0,0,0,0,20,0,59,157.6,0.0,0.0,15.9,6,0.00,0.00,0.00,8.83,0,0,0,0,0,0,0,341,32,657,72,623,55,417,32,,,,,,,0.0,3.33,0.0,0.0,1.47,1.5,625,34,549,74,140,20,286,42,1.0,0.17,8,0,,6,0,Chelsea,0,0,4,CHE,3,,False,0,1155,1235,1120,1170,1190,1300,4,1,Goalkeepers,GKP,Goalkeeper,GKP,2,,,1,1,True,[12],82
True,False,,,485055,0,0,-4,4,0,1,1.2,1.2,0,Antonín,1.2,716,False,,,41,485055.jpg,2.8,False,Kinsky,0.1,False,,a,18,6,17,47681,0,37037,0,0.3,4.1,Kinsky,57.0,2025-01-05,2003-03-13,False,p485055,540,0,0,1,11,0,0,0,0,0,24,0,86,208.2,10.1,0.0,21.7,6,0.00,0.01,0.01,11.80,0,0,0,0,0,0,0,302,28,462,14,615,50,393,28,,,,,,,0.0,4.0,0.0,0.0,1.97,1.83,634,38,249,19,162,25,416,58,1.0,0.17,6,0,,18,0,Spurs,0,0,17,TOT,3,,False,0,1100,1170,1060,1070,1210,1270,21,1,Goalkeepers,GKP,Goalkeeper,GKP,2,,,1,1,True,[12],82
True,False,100.0,100.0,108813,0,0,-2,2,1,1,-0.5,0.0,2,Christian,0.5,283,False,,2025-02-05T18:30:08.721535Z,43,108813.jpg,2.3,False,Walton,0.2,False,,a,10,40,16,23977,0,33652,0,0.1,3.7,Walton,241.0,2022-01-19,1995-11-09,False,p108813,630,0,0,1,19,0,0,0,0,0,20,2,42,163.2,10.0,0.0,17.3,7,0.00,0.00,0.00,13.88,0,0,0,0,0,0,0,339,31,464,16,626,57,406,30,,,,,,,0.0,2.86,0.0,0.0,1.98,2.71,563,27,335,24,236,34,392,54,1.0,0.14,40,0,,10,0,Ipswich,0,0,19,IPS,2,,False,0,1065,1065,1040,1040,1090,1090,8,1,Goalkeepers,GKP,Goalkeeper,GKP,2,,,1,1,True,[12],82
True,False,,,58376,0,0,-3,3,0,1,-1.5,-1.5,0,Alex,0.0,469,False,,,42,58376.jpg,2.4,False,McCarthy,0.1,False,,a,17,20,12,20111,0,29383,0,0.0,2.9,McCarthy,241.0,2016-08-01,1989-12-03,False,p58376,450,0,0,0,13,0,0,0,0,0,24,0,32,166.4,0.0,0.0,16.7,5,0.00,0.00,0.00,11.22,0,0,0,0,0,0,0,337,30,651,68,616,51,409,31,,,,,,,0.0,4.8,0.0,0.0,2.24,2.6,601,30,537,71,217,33,421,59,1.0,0.0,20,0,,17,0,Southampton,0,0,20,SOU,2,,False,0,975,975,1000,1000,990,990,20,1,Goalkeepers,GKP,Goalkeeper,GKP,2,,,1,1,True,[12],82
True,False,0.0,0.0,101982,0,0,-4,4,0,1,0.0,0.0,0,Sam,0.0,204,False,Knock - Unknown return date,2025-04-18T15:30:07.848146Z,41,101982.jpg,1.7,False,Johnstone,0.2,False,,i,20,39,12,56218,0,83029,0,0.0,2.9,Johnstone,241.0,2024-08-30,1993-03-25,False,p101982,630,0,0,0,17,0,0,0,0,0,23,0,42,193.8,10.0,0.0,20.4,7,0.00,0.00,0.00,12.98,0,0,0,0,0,0,0,318,29,463,15,613,48,396,29,,,,,,,0.0,3.29,0.0,0.0,1.85,2.43,627,36,534,69,346,38,328,49,1.0,0.0,39,0,,20,0,Wolves,0,0,16,WOL,3,,False,0,1125,1145,1100,1120,1150,1170,38,1,Goalkeepers,GKP,Goalkeeper,GKP,2,,,1,1,True,[12],82
True,False,100.0,100.0,111782,0,0,0,0,0,1,0.0,0.2,1,Robin,0.2,51,False,,2024-10-18T16:30:05.894923Z,45,111782.jpg,2.2,False,Olsen,0.1,False,,a,2,7,9,15716,0,19607,0,0.0,2.0,Olsen,206.0,2022-06-10,1990-01-08,False,p111782,225,0,0,1,6,0,0,0,0,0,8,0,23,59.2,0.0,0.0,5.9,1,0.00,0.00,0.00,5.50,0,0,0,0,0,0,0,431,38,685,79,662,66,475,38,,,,,,,0.0,3.2,0.0,0.0,2.2,2.4,365,14,389,27,253,36,413,56,0.4,0.4,7,0,,2,0,Aston Villa,0,0,6,AVL,3,,False,0,1145,1240,1130,1180,1160,1300,2,1,Goalkeepers,GKP,Goalkeeper,GKP,2,,,1,1,True,[12],82
True,False,75.0,75.0,49262,0,0,-5,5,0,1,0.0,0.0,0,Jason,0.0,142,False,Hand injury - 75% chance of playing,2025-05-19T22:00:08.291938Z,40,49262.jpg,4.5,False,Steele,0.7,False,,d,5,36,9,300194,0,351203,0,0.0,2.2,Steele,241.0,2018-07-01,1990-08-18,False,p49262,180,0,0,1,1,0,0,0,0,0,3,1,46,40.4,0.0,0.0,4.1,2,0.00,0.00,0.00,1.88,0,0,0,0,0,0,0,448,39,574,45,533,26,489,39,,,,,,,0.0,1.5,0.0,0.0,0.94,0.5,637,41,450,48,20,3,242,32,1.0,0.5,36,0,,5,0,Brighton,0,0,8,BHA,3,,False,0,1140,1165,1090,1140,1190,1190,131,1,Goalkeepers,GKP,Goalkeeper,GKP,2,,,1,1,True,[12],82
True,False,,,79602,0,0,-1,1,0,1,0.5,0.5,0,Daniel,0.5,536,False,,,39,79602.jpg,4.5,False,Bentley,1.7,False,,a,20,39,9,158234,0,198548,0,0.1,2.3,Bentley,241.0,2023-01-25,1993-07-13,False,p79602,180,0,0,1,4,0,0,0,0,0,8,1,29,60.0,0.0,0.0,6.0,2,0.00,0.00,0.00,3.01,0,0,0,0,0,0,0,429,37,553,28,505,8,472,37,,,,,,,0.0,4.0,0.0,0.0,1.5,2.0,737,66,327,23,18,1,151,22,1.0,0.5,39,0,,20,0,Wolves,0,0,16,WOL,3,,False,0,1125,1145,1100,1120,1150,1170,38,1,Goalkeepers,GKP,Goalkeeper,GKP,2,,,1,1,True,[12],82
True,False,100.0,100.0,451302,0,0,-2,2,0,1,0.5,2.0,6,Altay,2.0,367,False,,2025-02-14T14:30:08.406927Z,43,451302.jpg,2.0,False,Bayindir,0.1,False,,a,14,1,8,13115,0,17199,0,0.5,1.9,Bayindir,219.0,2023-09-01,1998-04-14,False,p451302,360,0,0,1,10,0,0,0,0,0,8,0,22,80.0,0.0,0.0,7.9,4,0.00,0.00,0.00,6.93,0,0,0,0,0,0,0,415,35,659,74,628,58,458,35,,,,,,,0.0,2.0,0.0,0.0,1.73,2.5,584,28,188,16,292,37,446,61,1.0,0.25,1,0,,14,0,Man Utd,0,0,15,MUN,3,,False,0,1095,1135,1120,1130,1070,1140,12,1,Goalkeepers,GKP,Goalkeeper,GKP,2,,,1,1,True,[12],82
True,False,,,167888,0,0,0,0,0,1,-1.5,-1.5,0,Joe,0.0,466,False,,,40,167888.jpg,2.7,False,Lumley,0.4,False,,a,17,20,8,83341,0,74402,0,0.0,2.0,Lumley,241.0,2023-08-07,1995-02-15,False,p167888,270,0,0,0,7,0,0,0,0,0,13,0,22,102.2,0.0,0.0,10.2,3,0.00,0.00,0.00,9.40,0,0,0,0,0,0,0,397,34,577,47,536,28,444,34,,,,,,,0.0,4.33,0.0,0.0,3.13,2.33,642,43,453,50,180,27,279,41,1.0,0.0,20,0,,17,0,Southampton,0,0,20,SOU,2,,False,0,975,975,1000,1000,990,990,20,1,Goalkeepers,GKP,Goalkeeper,GKP,2,,,1,1,True,[12],82
True,False,100.0,100.0,69752,0,0,-4,4,0,1,1.5,1.5,0,Norberto,0.0,73,False,,2025-04-25T00:00:07.994709Z,41,69752.jpg,3.5,False,Murara Neto,0.7,False,,a,1,3,7,92955,0,261168,0,0.0,1.7,Neto,30.0,2024-08-30,1989-07-19,False,p69752,180,0,0,0,2,0,0,0,0,0,11,0,30,77.8,0.0,0.0,7.8,2,0.00,0.00,0.00,2.91,0,0,0,0,0,0,0,417,36,649,66,612,47,460,36,,,,,,,0.0,5.5,0.0,0.0,1.46,1.0,626,35,533,68,88,15,243,33,1.0,0.0,3,0,,1,0,Arsenal,0,0,2,ARS,5,,False,0,1350,1350,1390,1400,1310,1300,1,1,Goalkeepers,GKP,Goalkeeper,GKP,2,,,1,1,True,[12],82
True,False,,,507433,0,0,-1,1,0,1,0.0,0.0,0,Hákon,0.0,109,False,,,39,507433.jpg,1.0,False,Valdimarsson,2.9,False,,a,4,94,2,477163,0,564324,0,0.0,0.5,Valdimarsson,99.0,2024-01-26,2001-10-13,False,p507433,144,0,0,0,2,0,0,0,0,0,3,0,14,21.4,0.1,0.0,2.1,1,0.00,0.00,0.00,1.49,0,0,0,0,0,0,0,480,41,525,22,523,22,506,41,,,,,,,0.0,1.88,0.0,0.0,0.93,1.25,767,80,439,44,458,42,113,16,0.62,0.0,94,0,,4,0,Brentford,0,0,10,BRE,3,,False,0,1130,1180,1100,1100,1160,1260,130,1,Goalkeepers,GKP,Goalkeeper,GKP,2,,,1,1,True,[12],82
True,False,,,95463,0,0,-1,1,0,1,-0.5,-0.5,0,Danny,0.0,308,False,,,39,95463.jpg,1.0,False,Ward,2.0,False,,a,11,13,2,194120,0,239516,0,0.0,0.5,Ward,244.0,2018-07-20,1993-06-22,False,p95463,135,0,0,0,6,0,0,0,0,0,4,0,-5,35.4,0.0,0.0,3.6,1,0.00,0.00,0.00,3.35,0,0,0,0,0,0,0,457,40,554,29,506,9,493,40,,,,,,,0.0,2.67,0.0,0.0,2.23,4.0,739,67,420,32,454,40,137,20,0.67,0.0,13,0,,11,0,Leicester,0,0,18,LEI,2,,False,0,975,975,1000,1020,990,990,26,1,Goalkeepers,GKP,Goalkeeper,GKP,2,,,1,1,True,[12],82
True,False,,,432987,0,0,0,0,0,1,1.0,1.0,0,Vítezslav,0.0,660,False,,,40,432987.jpg,1.0,False,Jaros,0.1,False,,a,12,14,1,35776,0,31786,0,0.0,0.2,Jaros,57.0,2019-07-10,2001-07-23,False,p432987,11,0,0,0,0,0,0,0,0,0,1,0,6,8.8,0.0,0.0,0.9,0,0.00,0.00,0.00,0.14,0,0,0,0,0,0,0,505,43,589,51,548,32,526,43,,,,,,,0.0,8.18,0.0,0.0,1.15,0.0,657,47,467,54,466,44,481,65,0.0,0.0,14,0,,12,0,Liverpool,0,0,1,LIV,5,,False,0,1350,1370,1320,1360,1380,1380,10,1,Goalkeepers,GKP,Goalkeeper,GKP,2,,,1,1,True,[12],82
True,False,,,214572,0,0,0,0,0,1,0.0,0.0,0,Brandon,0.0,479,False,,,40,214572.jpg,1.0,False,Austin,0.4,False,,a,18,6,1,41189,0,47044,0,0.0,0.2,Austin,241.0,2017-07-22,1999-01-08,False,p214572,90,0,0,0,2,0,0,0,0,0,2,0,7,20.0,0.0,0.0,2.0,1,0.00,0.00,0.00,2.53,0,0,0,0,0,0,0,483,42,584,49,543,30,507,42,,,,,,,0.0,2.0,0.0,0.0,2.53,2.0,651,45,461,52,464,43,274,40,1.0,0.0,6,0,,18,0,Spurs,0,0,17,TOT,3,,False,0,1100,1170,1060,1070,1210,1270,21,1,Goalkeepers,GKP,Goalkeeper,GKP,2,,,1,1,True,[12],82
True,False,,,138001,0,0,-1,1,0,1,0.0,0.2,1,Tom,0.2,556,False,,,39,138001.jpg,1.0,False,King,1.2,False,,a,20,39,1,87851,0,109743,0,0.1,0.3,King,244.0,2023-07-03,1995-03-09,False,p138001,1,0,0,0,0,0,0,0,0,0,0,0,3,0.0,0.0,0.0,0.0,0,0.00,0.00,0.00,0.14,0,0,0,0,0,0,0,577,49,557,31,509,11,577,49,,,,,,,0.0,0.0,0.0,0.0,12.6,0.0,744,69,369,26,455,41,181,27,0.0,0.0,39,0,,20,0,Wolves,0,0,16,WOL,3,,False,0,1125,1145,1100,1120,1150,1170,38,1,Goalkeepers,GKP,Goalkeeper,GKP,2,,,1,1,True,[12],82
True,False,0.0,0.0,463748,0,0,0,0,0,1,0.0,0.0,0,Karl,0.0,5,False,Loaned to Real Valladolid,2024-08-14T08:31:46.556082Z,40,463748.jpg,0.0,False,Hein,0.0,False,,u,1,3,0,0,0,4643,0,0.0,0.0,Hein,,,,False,p463748,0,0,0,0,0,0,0,0,0,0,0,0,0,0.0,0.0,0.0,0.0,0,0.00,0.00,0.00,0.00,0,0,0,0,0,0,0,612,68,599,57,558,38,612,68,,,,,,,0.0,0.0,0.0,0.0,0.0,0.0,667,53,476,59,619,68,643,71,0.0,0.0,3,0,,1,0,Arsenal,0,0,2,ARS,5,,False,0,1350,1350,1390,1400,1310,1300,1,1,Goalkeepers,GKP,Goalkeeper,GKP,2,,,1,1,True,[12],82
True,False,,,551221,0,0,0,0,0,1,1.5,1.5,0,Tommy,0.0,639,False,,,45,551221.jpg,0.0,False,Setford,0.1,False,,a,1,3,0,4526,0,4943,0,0.0,0.0,Setford,241.0,2024-07-24,2006-03-13,False,p551221,0,0,0,0,0,0,0,0,0,0,0,0,0,0.0,0.0,0.0,0.0,0,0.00,0.00,0.00,0.00,0,0,0,0,0,0,0,748,82,744,80,728,71,748,82,,,,,,,0.0,0.0,0.0,0.0,0.0,0.0,460,19,669,81,752,82,533,69,0.0,0.0,3,0,,1,0,Arsenal,0,0,2,ARS,5,,False,0,1350,1350,1390,1400,1310,1300,1,1,Goalkeepers,GKP,Goalkeeper,GKP,2,,,1,1,True,[12],82
True,False,,,616059,0,0,0,0,0,1,1.5,1.5,0,Jack,0.0,756,False,,,40,616059.jpg,0.0,False,Porter,0.0,False,,a,1,3,0,1928,0,1018,0,0.0,0.0,Porter,241.0,2024-09-18,2008-07-15,False,p616059,0,0,0,0,0,0,0,0,0,0,0,0,0,0.0,0.0,0.0,0.0,0,0.00,0.00,0.00,0.00,0,0,0,0,0,0,0,657,76,645,65,607,46,657,76,,,,,,,0.0,0.0,0.0,0.0,0.0,0.0,726,61,529,67,664,76,690,74,0.0,0.0,3,0,,1,0,Arsenal,0,0,2,ARS,5,,False,0,1350,1350,1390,1400,1310,1300,1,1,Goalkeepers,GKP,Goalkeeper,GKP,2,,,1,1,True,[12],82
True,False,0.0,0.0,462492,0,0,0,0,0,1,0.0,0.0,0,Joe,0.0,39,False,Loaned to Barnsley,2025-02-03T10:19:41.424678Z,40,462492.jpg,0.0,False,Gauci,0.5,False,,u,2,7,0,63380,0,80126,0,0.0,0.0,Gauci,13.0,2024-02-01,,False,p462492,0,0,0,0,0,0,0,0,0,0,0,0,0,0.0,0.0,0.0,0.0,0,0.00,0.00,0.00,0.00,0,0,0,0,0,0,0,611,67,598,56,557,37,611,67,,,,,,,0.0,0.0,0.0,0.0,0.0,0.0,666,52,475,58,618,67,259,36,0.0,0.0,7,0,,2,0,Aston Villa,0,0,6,AVL,3,,False,0,1145,1240,1130,1180,1160,1300,2,1,Goalkeepers,GKP,Goalkeeper,GKP,2,,,1,1,True,[12],82
True,False,0.0,0.0,462381,0,0,0,0,0,1,0.0,0.0,0,Filip,0.0,46,False,Has joined MK Dons for the rest of the season,2024-07-18T09:50:40.812599Z,40,462381.jpg,0.0,False,Marschall,0.0,False,,u,2,7,0,0,0,90,0,0.0,0.0,Marschall,,,,False,p462381,0,0,0,0,0,0,0,0,0,0,0,0,0,0.0,0.0,0.0,0.0,0,0.00,0.00,0.00,0.00,0,0,0,0,0,0,0,610,66,597,55,556,36,610,66,,,,,,,0.0,0.0,0.0,0.0,0.0,0.0,665,51,474,57,617,66,799,81,0.0,0.0,7,0,,2,0,Aston Villa,0,0,6,AVL,3,,False,0,1145,1240,1130,1180,1160,1300,2,1,Goalkeepers,GKP,Goalkeeper,GKP,2,,,1,1,True,[12],82
True,False,0.0,0.0,248164,0,0,0,0,0,1,0.0,0.0,0,Viljami,0.0,55,False,Permanent transfer to Celtic,2024-07-18T09:43:21.242291Z,40,248164.jpg,0.0,False,Sinisalo,0.0,False,,u,2,7,0,0,0,95,0,0.0,0.0,Sinisalo,,,,False,p248164,0,0,0,0,0,0,0,0,0,0,0,0,0,0.0,0.0,0.0,0.0,0,0.00,0.00,0.00,0.00,0,0,0,0,0,0,0,603,63,588,50,547,31,603,63,,,,,,,0.0,0.0,0.0,0.0,0.0,0.0,656,46,466,53,610,63,801,82,0.0,0.0,7,0,,2,0,Aston Villa,0,0,6,AVL,3,,False,0,1145,1240,1130,1180,1160,1300,2,1,Goalkeepers,GKP,Goalkeeper,GKP,2,,,1,1,True,[12],82
True,False,100.0,100.0,477424,0,0,5,-5,2,2,5.8,6.5,8,Joško,6.0,350,True,,2024-10-31T02:30:07.426838Z,65,477424.jpg,4.1,False,Gvardiol,38.6,False,,a,13,43,153,6026146,0,5098220,0,0.9,23.5,Gvardiol,97.0,2023-08-05,2002-01-23,False,p477424,3278,5,0,13,41,0,0,0,2,0,0,15,623,847.0,501.7,497.0,185.0,36,4.60,2.92,7.52,44.27,0,0,0,0,0,0,0,23,7,74,14,63,2,49,5,,,,,,,0.13,0.0,0.08,0.21,1.22,1.13,48,3,22,6,40,3,4,1,0.99,0.36,43,0,,13,0,Man City,0,0,3,MCI,4,,False,0,1220,1270,1160,1170,1280,1370,11,2,Defenders,DEF,Defender,DEF,5,,,3,5,False,[],268
True,False,100.0,100.0,169187,0,0,2,-2,4,2,2.5,1.5,1,Trent,0.5,311,True,,2025-03-12T11:30:07.218287Z,72,169187.jpg,4.5,False,Alexander-Arnold,16.7,False,,a,12,14,148,4729153,0,6226115,0,0.1,20.6,Alexander-Arnold,241.0,2015-07-01,1998-10-07,False,p169187,2362,3,7,12,25,0,0,0,5,0,0,13,603,723.8,833.7,268.0,182.4,28,1.81,7.20,9.01,21.67,0,0,0,0,0,0,0,54,22,19,3,124,13,51,6,1.0,,1.0,,,,0.07,0.0,0.27,0.34,0.83,0.95,24,1,362,110,24,1,22,7,1.07,0.46,14,0,,12,0,Liverpool,0,0,1,LIV,5,,False,0,1350,1370,1320,1360,1380,1380,10,2,Defenders,DEF,Defender,DEF,5,,,3,5,False,[],268
True,False,,,227444,0,0,7,-7,1,2,3.5,3.3,2,Nikola,2.8,573,True,,,52,227444.jpg,3.9,False,Milenković,18.0,False,,a,16,17,145,3058362,0,1081740,0,0.5,27.9,Milenković,190.0,2024-07-18,1997-10-12,False,p227444,3330,5,2,13,45,0,0,0,4,0,0,2,499,805.2,107.9,361.0,127.2,37,4.05,0.73,4.78,48.95,0,0,0,0,0,0,0,33,13,290,87,93,4,101,16,,,,,,,0.11,0.0,0.02,0.13,1.32,1.22,170,21,145,39,52,4,20,6,1.0,0.35,17,0,,16,0,Nott'm Forest,0,0,7,NFO,4,,False,0,1220,1290,1190,1330,1250,1250,15,2,Defenders,DEF,Defender,DEF,5,,,3,5,False,[],268
True,False,,,97032,0,0,7,-7,0,2,3.2,3.0,1,Virgil,2.0,339,False,,,67,97032.jpg,3.9,False,van Dijk,25.6,False,,a,12,14,143,3763048,0,2640817,0,0.3,21.3,Virgil,152.0,2018-01-01,1991-07-08,False,p97032,3330,3,1,14,38,0,0,0,5,0,0,8,631,932.6,206.6,299.0,143.7,37,2.22,0.98,3.20,36.13,0,0,0,0,0,0,0,14,2,205,46,116,9,84,11,,,3.0,,,,0.06,0.0,0.03,0.09,0.98,1.03,37,2,198,60,57,5,11,3,1.0,0.38,14,0,,12,0,Liverpool,0,0,1,LIV,5,,False,0,1350,1370,1320,1360,1380,1380,10,2,Defenders,DEF,Defender,DEF,5,,,3,5,False,[],268
True,False,100.0,100.0,247348,0,0,2,-2,4,2,3.3,2.8,2,Daniel,3.8,211,False,,2024-12-16T09:30:06.692125Z,52,247348.jpg,3.8,False,Muñoz,19.3,False,,a,7,31,142,3673253,0,1971404,0,0.7,27.3,Muñoz,48.0,2024-01-30,1996-05-26,False,p247348,3229,4,6,11,46,0,0,0,10,0,0,9,480,816.6,634.2,524.0,197.6,37,4.92,3.46,8.38,46.30,0,0,0,0,0,0,0,30,11,47,8,58,1,34,1,,,,,,,0.14,0.0,0.1,0.24,1.29,1.28,171,22,80,21,62,7,18,5,1.03,0.31,31,0,,7,0,Crystal Palace,0,0,12,CRY,3,,False,0,1150,1155,1140,1140,1160,1170,6,2,Defenders,DEF,Defender,DEF,5,,,3,5,False,[],268
True,False,100.0,100.0,544877,0,0,8,-8,2,2,2.3,3.3,6,Milos,2.8,70,False,,2024-11-21T08:30:08.632085Z,53,544877.jpg,3.5,False,Kerkez,20.0,False,,a,3,91,134,3604031,0,1437233,0,0.5,25.3,Kerkez,98.0,2023-07-20,2003-11-07,False,p544877,3336,2,6,9,45,0,0,0,4,0,0,10,550,694.0,642.0,238.0,157.3,38,0.60,2.57,3.17,48.69,0,0,0,0,0,0,0,59,23,46,7,145,19,67,7,,,,,,,0.02,0.0,0.07,0.09,1.31,1.21,157,20,147,40,93,16,16,4,1.03,0.24,91,0,,3,0,Bournemouth,0,0,9,BOU,3,,False,0,1170,1200,1120,1180,1220,1220,127,2,Defenders,DEF,Defender,DEF,5,,,3,5,False,[],268
True,False,100.0,100.0,179268,0,0,4,-4,5,2,5.5,6.0,8,Marc,6.5,163,False,,2024-12-16T09:30:06.586582Z,54,179268.jpg,3.7,False,Cucurella Saseta,11.8,False,,a,6,8,133,2224687,0,1662071,0,1.2,24.6,Cucurella,200.0,2022-08-05,1998-07-22,False,p179268,2988,5,2,9,38,0,0,0,8,1,0,14,533,668.6,350.6,358.0,137.9,33,2.79,2.39,5.18,39.94,0,0,0,0,0,0,0,71,28,116,25,94,5,90,12,,,,,,,0.08,0.0,0.07,0.15,1.2,1.14,129,13,14,2,72,11,35,14,0.99,0.27,8,0,,6,0,Chelsea,0,0,4,CHE,3,,False,0,1155,1235,1120,1170,1190,1300,4,2,Defenders,DEF,Defender,DEF,5,,,3,5,False,[],268
True,False,0.0,0.0,462424,0,0,4,-4,3,2,0.0,0.0,0,William,0.8,18,False,Hamstring injury - Expected back 01 Jun,2025-05-18T20:30:07.323616Z,64,462424.jpg,3.7,False,Saliba,25.8,False,,i,1,3,130,4071193,0,5556474,0,0.1,20.3,Saliba,73.0,2019-07-25,2001-03-24,False,p462424,3039,2,0,12,29,0,0,0,2,1,0,14,564,672.6,150.1,116.0,94.2,35,2.42,1.28,3.70,30.32,0,0,0,0,0,0,0,68,27,246,66,257,72,159,42,,,,,,,0.07,0.0,0.04,0.11,0.9,0.86,50,4,321,95,76,12,10,2,1.04,0.36,3,0,,1,0,Arsenal,0,0,2,ARS,5,,False,0,1350,1350,1390,1400,1310,1300,1,2,Defenders,DEF,Defender,DEF,5,,,3,5,False,[],268
True,False,100.0,75.0,575476,0,0,2,-2,3,2,2.6,2.5,2,Murillo,2.8,436,False,,2025-05-23T14:00:08.714469Z,47,575476.jpg,3.6,False,Santiago Costa dos Santos,4.1,False,,a,16,17,130,1100075,0,738435,0,0.6,27.7,Murillo,30.0,2023-08-31,2002-07-04,False,p575476,3188,2,0,12,44,0,0,0,6,0,0,18,541,927.2,211.2,201.0,134.0,36,1.47,1.15,2.62,47.42,0,0,0,0,0,0,0,15,3,200,44,176,29,92,14,,,3.0,,,,0.04,0.0,0.03,0.07,1.34,1.24,344,47,140,37,79,14,95,35,1.02,0.34,17,0,,16,0,Nott'm Forest,0,0,7,NFO,4,,False,0,1220,1290,1190,1330,1250,1250,15,2,Defenders,DEF,Defender,DEF,5,,,3,5,False,[],268
True,False,100.0,100.0,159506,0,0,8,-8,4,2,1.5,1.5,1,Ola,1.0,422,False,,2025-04-01T22:30:08.809939Z,53,159506.jpg,3.7,False,Aina,13.0,False,,a,16,17,128,5010441,0,3861843,0,0.2,24.2,Aina,157.0,2023-07-22,1996-10-08,False,p159506,2996,2,1,12,39,0,0,0,5,0,0,15,483,578.2,282.3,80.0,94.1,35,0.63,2.25,2.88,40.59,0,0,0,0,0,0,0,109,41,157,32,297,89,160,43,,,,,,,0.02,0.0,0.07,0.09,1.22,1.17,146,17,286,84,70,10,32,11,1.05,0.36,17,0,,16,0,Nott'm Forest,0,0,7,NFO,4,,False,0,1220,1290,1190,1330,1250,1250,15,2,Defenders,DEF,Defender,DEF,5,,,3,5,False,[],268
True,False,,,432830,0,0,1,-1,2,2,5.2,4.6,2,Nathan,4.6,88,False,,,46,432830.jpg,3.3,False,Collins,4.5,False,,a,4,94,127,992798,0,568992,0,1.0,27.6,Collins,104.0,2023-07-04,2001-04-30,False,p432830,3420,2,7,8,57,0,0,0,5,0,0,11,549,1023.2,160.5,311.0,149.6,38,2.44,1.57,4.01,56.31,0,0,0,0,0,0,0,7,1,239,61,106,7,77,10,,,,,,,0.06,0.0,0.04,0.1,1.48,1.5,357,52,46,11,114,26,83,28,1.0,0.21,94,0,,4,0,Brentford,0,0,10,BRE,3,,False,0,1130,1180,1100,1100,1160,1260,130,2,Defenders,DEF,Defender,DEF,5,,,3,5,False,[],268
True,False,100.0,100.0,448514,0,0,6,-6,5,2,3.5,1.2,2,Rayan,1.2,533,False,,2024-12-14T21:30:08.057496Z,51,448514.jpg,3.4,False,Aït-Nouri,15.0,False,,a,20,39,125,3944482,0,2534119,0,0.2,24.5,Aït-Nouri,3.0,2021-07-09,2001-06-06,False,p448514,3112,4,7,7,67,0,0,0,5,1,0,13,447,778.4,694.3,435.0,191.0,37,2.69,3.98,6.67,53.27,0,0,0,0,0,0,0,36,14,37,5,75,3,41,3,,,,,,,0.08,0.0,0.12,0.2,1.54,1.94,188,25,259,74,107,22,26,10,1.07,0.2,39,0,,20,0,Wolves,0,0,16,WOL,3,,False,0,1125,1145,1100,1120,1150,1170,38,2,Defenders,DEF,Defender,DEF,5,,,3,5,False,[],268
True,False,,,244723,0,0,-2,2,1,2,2.7,3.0,5,Tyrick,4.0,210,False,,,48,244723.jpg,3.3,False,Mitchell,2.1,False,,a,7,31,123,412152,0,434799,0,0.8,25.6,Mitchell,241.0,2019-12-15,1999-09-01,False,p244723,3090,0,6,12,46,0,0,0,2,0,0,4,455,630.8,559.1,170.0,136.2,37,1.31,3.67,4.98,46.45,0,0,0,0,0,0,0,78,30,64,11,205,44,91,13,,,,,,,0.04,0.0,0.11,0.15,1.35,1.34,306,39,64,18,115,27,135,52,1.08,0.35,31,0,,7,0,Crystal Palace,0,0,12,CRY,3,,False,0,1150,1155,1140,1140,1160,1170,6,2,Defenders,DEF,Defender,DEF,5,,,3,5,False,[],268
True,False,100.0,100.0,224967,0,0,-1,1,1,2,4.0,5.7,9,Vitalii,6.2,231,False,,2025-04-05T16:00:08.540143Z,44,224967.jpg,3.5,False,Mykolenko,6.7,False,,a,8,11,121,1637298,0,1780064,0,1.4,27.5,Mykolenko,225.0,2022-01-01,1999-05-29,False,p224967,3082,1,3,11,39,0,0,0,4,0,0,9,467,621.4,428.5,100.0,115.2,35,0.48,2.12,2.60,39.81,0,0,0,0,0,0,0,88,33,91,17,273,79,123,30,,,,,,,0.01,0.0,0.06,0.07,1.16,1.14,515,97,16,3,89,15,57,19,1.02,0.32,11,0,,8,0,Everton,0,0,13,EVE,3,,False,0,1120,1145,1160,1160,1080,1130,7,2,Defenders,DEF,Defender,DEF,5,,,3,5,False,[],268
True,False,100.0,100.0,119471,0,0,0,0,2,2,5.3,4.0,1,Fabian,3.5,415,False,,2025-05-05T07:30:08.372746Z,55,119471.jpg,3.5,False,Schär,5.0,False,,a,15,4,118,990239,0,663107,0,0.6,21.5,Schär,207.0,2018-07-26,1991-12-20,False,p119471,2935,4,2,11,42,0,0,0,9,1,0,4,440,743.2,111.5,346.0,119.6,33,3.94,1.01,4.95,37.26,0,0,0,0,0,0,0,45,17,283,82,98,6,115,24,,,2.0,,,,0.12,0.0,0.03,0.15,1.14,1.29,105,10,97,26,95,17,73,25,1.01,0.34,4,0,,15,0,Newcastle,0,0,5,NEW,4,,False,0,1220,1255,1150,1170,1290,1340,23,2,Defenders,DEF,Defender,DEF,5,,,3,5,False,[],268
True,False,100.0,100.0,214590,0,0,0,0,4,2,5.7,6.7,5,Aaron,6.2,388,False,,2025-04-17T16:00:08.340512Z,45,214590.jpg,3.3,False,Wan-Bissaka,6.4,False,,a,19,21,118,1500048,0,1043373,0,1.4,26.2,Wan-Bissaka,241.0,2024-08-13,1997-11-26,False,p214590,3154,2,6,6,59,1,0,0,1,0,0,15,496,807.4,531.5,188.0,152.7,35,1.18,2.75,3.93,56.95,0,0,0,0,0,0,0,31,12,67,12,191,35,72,8,,,,,,,0.03,0.0,0.08,0.11,1.63,1.68,377,63,17,4,112,24,58,20,1.0,0.17,21,0,,19,0,West Ham,0,0,14,WHU,3,,False,0,1090,1100,1090,1090,1090,1110,25,2,Defenders,DEF,Defender,DEF,5,,,3,5,False,[],268
True,False,0.0,0.0,226597,0,0,1,-1,2,2,0.0,0.0,0,Gabriel,0.0,3,False,Hamstring injury - Expected back 01 Jun,2025-04-01T22:00:07.982867Z,61,226597.jpg,4.2,False,dos Santos Magalhães,12.2,False,,i,1,3,117,5093448,0,5431768,0,0.0,19.2,Gabriel,30.0,2020-09-01,1997-12-19,False,p226597,2363,3,2,10,22,0,0,0,4,0,0,9,459,584.6,208.8,287.0,108.2,28,2.70,1.21,3.91,23.09,0,0,0,0,0,0,0,108,40,202,45,120,11,135,36,,,,,,,0.1,0.0,0.05,0.15,0.88,0.84,70,6,789,266,34,2,34,13,1.07,0.38,3,0,,1,0,Arsenal,0,0,2,ARS,5,,False,0,1350,1350,1390,1400,1310,1300,1,2,Defenders,DEF,Defender,DEF,5,,,3,5,False,[],268
True,False,0.0,0.0,209036,0,0,2,-2,2,2,0.0,0.0,0,Marc,2.2,200,False,Eye Injury - Expected back 01 Jun,2025-05-19T15:30:05.944462Z,47,209036.jpg,3.4,False,Guéhi,5.7,False,,i,7,31,116,1349618,0,1494548,0,0.5,24.7,Guéhi,241.0,2021-07-18,2000-07-13,False,p209036,3059,3,2,11,42,3,0,0,7,1,0,11,492,827.0,237.6,247.0,131.0,34,1.87,2.01,3.88,41.55,0,0,0,0,0,0,0,28,9,183,38,137,17,98,15,,,,,,,0.06,0.0,0.06,0.12,1.22,1.24,325,44,170,50,101,21,65,21,1.0,0.32,31,0,,7,0,Crystal Palace,0,0,12,CRY,3,,False,0,1150,1155,1140,1140,1160,1170,6,2,Defenders,DEF,Defender,DEF,5,,,3,5,False,[],268
True,False,100.0,100.0,78916,0,0,1,-1,2,2,7.3,4.5,2,Dan,4.0,395,False,,2025-02-10T09:30:07.448812Z,46,78916.jpg,3.1,False,Burn,12.6,False,,a,15,4,115,1915239,0,2106902,0,0.9,25.0,Burn,241.0,2022-01-31,1992-05-09,False,p78916,3330,1,1,13,45,2,0,0,11,0,0,9,476,736.6,123.6,297.0,115.8,37,1.97,1.09,3.06,45.22,0,0,0,0,0,0,0,47,19,274,77,117,10,122,29,,,,,,,0.05,0.0,0.03,0.08,1.22,1.22,347,48,62,17,134,37,33,12,1.0,0.35,4,0,,15,0,Newcastle,0,0,5,NEW,4,,False,0,1220,1255,1150,1170,1290,1340,23,2,Defenders,DEF,Defender,DEF,5,,,3,5,False,[],268
True,False,0.0,0.0,445122,0,0,0,0,2,2,0.0,0.0,0,Jurriën,0.0,6,False,Ankle injury - Expected back 01 Jun,2025-05-16T14:00:08.018204Z,55,445122.jpg,3.8,False,Timber,4.3,False,,i,1,3,114,1963751,0,1640941,0,0.0,20.7,J.Timber,152.0,2023-07-14,2001-06-17,False,p445122,2415,1,3,11,21,0,0,0,7,0,0,9,426,393.0,296.8,254.0,94.2,27,1.23,1.30,2.53,21.09,0,0,0,0,0,0,0,186,69,145,29,135,15,158,41,,,,,,,0.05,0.0,0.05,0.1,0.79,0.78,115,12,779,265,63,8,88,32,1.01,0.41,3,0,,1,0,Arsenal,0,0,2,ARS,5,,False,0,1350,1350,1390,1400,1310,1300,1,2,Defenders,DEF,Defender,DEF,5,,,3,5,False,[],268
True,False,100.0,100.0,437499,0,0,0,0,1,2,2.0,1.8,2,Maxence,2.8,650,False,,2025-04-05T20:30:07.212041Z,45,437499.jpg,3.3,False,Lacroix,0.9,False,,a,7,31,114,224879,0,141184,0,0.6,25.3,Lacroix,73.0,2024-08-30,2000-04-06,False,p437499,3116,1,2,11,45,0,0,0,5,0,0,9,463,723.8,113.7,277.0,111.4,35,3.50,1.01,4.51,44.59,0,0,0,0,0,0,0,53,21,281,80,122,12,131,33,,,,,,,0.1,0.0,0.03,0.13,1.29,1.3,389,67,139,36,113,25,216,83,1.01,0.32,31,0,,7,0,Crystal Palace,0,0,12,CRY,3,,False,0,1150,1155,1140,1140,1160,1170,6,2,Defenders,DEF,Defender,DEF,5,,,3,5,False,[],268
True,False,100.0,100.0,460028,0,0,-1,1,2,2,3.0,5.3,15,Levi,5.8,162,False,,2025-01-17T15:00:07.145576Z,44,460028.jpg,3.1,False,Colwill,2.4,False,,a,6,8,109,1105860,0,958654,0,1.3,24.8,Colwill,241.0,2022-07-01,2003-02-26,False,p460028,3150,2,1,10,41,0,0,0,9,0,0,6,461,692.0,214.3,185.0,109.4,35,1.92,1.31,3.23,43.52,0,0,0,0,0,0,0,60,24,194,43,195,36,133,35,,,,,,,0.05,0.0,0.04,0.09,1.24,1.17,531,105,25,7,132,35,125,46,1.0,0.29,8,0,,6,0,Chelsea,0,0,4,CHE,3,,False,0,1155,1235,1120,1170,1190,1300,4,2,Defenders,DEF,Defender,DEF,5,,,3,5,False,[],268
True,False,,,215136,0,0,0,0,2,2,3.0,2.9,2,Neco,2.4,437,False,,,45,215136.jpg,3.1,False,Williams,4.0,False,,a,16,17,109,748496,0,359156,0,0.5,24.2,N.Williams,244.0,2022-07-11,2001-04-13,False,p215136,2588,1,3,10,31,0,0,0,7,0,0,8,435,628.4,305.3,244.0,118.0,28,2.29,1.54,3.83,38.50,0,0,0,0,0,0,0,82,31,142,28,140,18,120,28,,,5.0,,,,0.08,0.0,0.05,0.13,1.34,1.08,379,64,166,48,133,36,97,36,0.97,0.35,17,0,,16,0,Nott'm Forest,0,0,7,NFO,4,,False,0,1220,1290,1190,1330,1250,1250,15,2,Defenders,DEF,Defender,DEF,5,,,3,5,False,[],268
True,False,100.0,100.0,169528,0,0,2,-2,0,2,0.3,0.5,1,Antonee,1.0,255,False,,2025-05-16T14:00:08.406092Z,47,169528.jpg,2.9,False,Robinson,15.2,False,,a,9,54,106,4106887,0,3466264,0,0.2,22.6,Robinson,229.0,2020-08-20,1997-08-08,False,p169528,3166,0,10,5,49,0,0,0,8,0,0,8,507,922.2,723.4,206.0,185.5,35,0.70,4.17,4.87,44.79,0,0,0,0,0,0,0,16,4,34,4,171,27,48,4,,,,,,,0.02,0.0,0.12,0.14,1.27,1.39,322,42,276,81,150,40,25,9,0.99,0.14,54,0,,9,0,Fulham,0,0,11,FUL,3,,False,0,1155,1155,1150,1150,1160,1160,34,2,Defenders,DEF,Defender,DEF,5,,,3,5,False,[],268
True,False,100.0,100.0,204716,0,0,3,-3,0,2,2.0,2.0,2,Ibrahima,1.0,326,False,,2024-11-28T10:30:07.514061Z,53,204716.jpg,3.4,False,Konaté,7.0,False,,a,12,14,106,3105510,0,2691589,0,0.2,20.0,Konaté,73.0,2021-07-01,1999-05-25,False,p204716,2561,1,2,11,28,0,0,0,5,0,0,4,487,578.0,161.4,133.0,87.6,30,1.80,0.91,2.71,26.67,0,0,0,0,0,0,0,110,42,238,60,237,62,176,52,,,,,,,0.06,0.0,0.03,0.09,0.94,0.98,149,18,287,85,108,23,55,18,1.05,0.39,14,0,,12,0,Liverpool,0,0,1,LIV,5,,False,0,1350,1370,1320,1360,1380,1380,10,2,Defenders,DEF,Defender,DEF,5,,,3,5,False,[],268
True,False,0.0,0.0,17761,0,0,-3,3,2,2,0.0,0.0,0,James,0.0,236,False,Hamstring injury - Expected back 01 Jun,2025-04-19T21:00:07.561932Z,47,17761.jpg,3.2,False,Tarkowski,1.6,False,,i,8,11,105,591473,0,656707,0,0.0,22.3,Tarkowski,241.0,2022-07-01,1992-11-19,False,p17761,2922,1,1,10,38,0,0,0,6,0,0,8,468,859.0,188.8,217.0,126.9,33,1.32,2.33,3.65,39.30,0,0,0,0,0,0,0,19,6,217,50,163,26,102,17,,,,,,,0.04,0.0,0.07,0.11,1.21,1.17,318,41,697,253,128,33,154,59,1.02,0.31,11,0,,8,0,Everton,0,0,13,EVE,3,,False,0,1120,1145,1160,1160,1080,1130,7,2,Defenders,DEF,Defender,DEF,5,,,3,5,False,[],268
True,False,100.0,100.0,441191,0,0,1,-1,1,2,4.7,3.7,2,Tino,3.2,409,False,,2024-12-27T02:00:09.792616Z,46,441191.jpg,2.8,False,Livramento,8.9,False,,a,15,4,105,1595407,0,772007,0,0.7,22.8,Livramento,241.0,2023-08-08,2002-11-12,False,p441191,2835,0,1,10,40,0,0,0,1,0,0,6,476,567.4,406.2,127.0,110.1,32,0.33,2.70,3.03,37.83,0,0,0,0,0,0,0,111,43,99,20,244,67,132,34,,,,,,,0.01,0.0,0.09,0.1,1.2,1.27,358,53,106,30,169,52,43,16,1.02,0.32,4,0,,15,0,Newcastle,0,0,5,NEW,4,,False,0,1220,1255,1150,1170,1290,1340,23,2,Defenders,DEF,Defender,DEF,5,,,3,5,False,[],268
True,False,,,554605,0,0,0,0,3,2,3.0,3.7,4,Dean,3.2,580,False,,,45,554605.jpg,3.2,False,Huijsen,5.0,False,,a,3,91,104,1032680,0,509350,0,0.7,23.1,Huijsen,200.0,2024-07-30,2005-04-14,False,p554605,2422,3,2,7,31,0,0,0,10,0,0,14,449,826.4,217.6,193.0,123.6,26,1.82,1.57,3.39,37.44,0,0,0,0,0,0,0,29,10,193,42,187,34,106,20,,,,,,,0.07,0.0,0.06,0.13,1.39,1.15,462,77,105,29,127,32,75,26,0.97,0.26,91,0,,3,0,Bournemouth,0,0,9,BOU,3,,False,0,1170,1200,1120,1180,1220,1220,127,2,Defenders,DEF,Defender,DEF,5,,,3,5,False,[],268
True,False,100.0,100.0,199798,0,0,0,0,3,2,8.7,6.8,1,Ezri,6.8,44,False,,2025-02-10T10:00:08.895290Z,45,199798.jpg,3.0,False,Konsa Ngoyo,9.5,False,,a,2,7,103,1756553,0,1967466,0,1.5,22.9,Konsa,241.0,2019-07-11,1997-10-23,False,p199798,2936,2,0,8,45,0,0,0,1,0,0,10,448,532.8,123.9,166.0,82.4,33,1.29,0.61,1.90,43.82,0,0,0,0,0,0,0,126,46,273,76,206,45,195,60,,,,,,,0.04,0.0,0.02,0.06,1.34,1.38,371,58,13,1,141,38,41,15,1.01,0.25,7,0,,2,0,Aston Villa,0,0,6,AVL,3,,False,0,1145,1240,1130,1180,1160,1300,2,2,Defenders,DEF,Defender,DEF,5,,,3,5,False,[],268
True,False,0.0,0.0,487838,0,0,2,-2,2,2,0.0,0.0,0,Lewis,0.0,399,False,Foot injury - Expected back 01 Jun,2025-03-03T01:00:07.813261Z,47,487838.jpg,3.8,False,Hall,4.4,False,,i,15,4,102,3442627,0,3549842,0,0.0,21.7,Hall,241.0,2024-07-01,2004-09-08,False,p487838,2188,0,7,8,31,0,0,0,3,0,0,11,443,561.6,561.2,128.0,125.3,24,0.43,3.73,4.16,29.73,0,0,0,0,0,0,0,114,44,63,10,243,66,103,18,2.0,,,,,,0.02,0.0,0.15,0.17,1.22,1.28,337,45,705,255,61,6,86,30,0.99,0.33,4,0,,15,0,Newcastle,0,0,5,NEW,4,,False,0,1220,1255,1150,1170,1290,1340,23,2,Defenders,DEF,Defender,DEF,5,,,3,5,False,[],268
True,False,100.0,100.0,18892,0,0,-3,3,1,2,2.3,3.3,5,Ashley,3.8,238,False,,2024-12-23T10:00:08.166370Z,42,18892.jpg,3.1,False,Young,1.4,False,,a,8,11,98,684951,0,588875,0,0.9,23.3,Young,241.0,2023-07-13,1985-07-09,False,p18892,1864,1,4,9,23,0,0,0,7,1,0,9,354,431.2,388.2,46.0,86.8,19,0.27,2.87,3.14,26.17,0,0,0,0,0,0,0,168,61,105,23,348,117,181,54,,,1.0,,,,0.01,0.0,0.14,0.15,1.26,1.11,599,136,73,19,131,34,168,66,0.92,0.43,11,0,,8,0,Everton,0,0,13,EVE,3,,False,0,1120,1145,1160,1160,1080,1130,7,2,Defenders,DEF,Defender,DEF,5,,,3,5,False,[],268
True,False,100.0,100.0,441164,0,0,-3,3,2,2,0.0,-0.2,-1,Pedro,-0.2,495,False,,2024-08-19T23:00:06.196679Z,52,441164.jpg,3.0,False,Porro,16.5,False,,a,18,6,98,2929653,0,4727393,0,0.0,18.8,Pedro Porro,200.0,2023-07-01,1999-09-13,False,p441164,2606,2,6,6,47,0,0,0,5,0,0,6,456,778.4,932.9,200.0,191.2,28,1.63,4.71,6.34,49.37,0,0,0,0,0,0,0,37,15,10,1,178,30,40,2,2.0,,1.0,,,,0.06,0.0,0.16,0.22,1.71,1.62,174,23,804,268,145,39,23,8,0.97,0.21,6,0,,18,0,Spurs,0,0,17,TOT,3,,False,0,1100,1170,1060,1070,1210,1270,21,2,Defenders,DEF,Defender,DEF,5,,,3,5,False,[],268
True,False,100.0,100.0,216051,0,0,0,0,3,2,0.0,0.2,1,Diogo,0.2,369,False,,2025-04-25T13:30:08.377875Z,50,216051.jpg,2.9,False,Dalot Teixeira,4.7,False,,a,14,1,95,1487754,0,1919171,0,0.0,19.0,Dalot,173.0,2018-06-08,1999-03-18,False,p216051,2812,0,4,8,45,0,0,0,5,0,0,9,352,493.2,434.2,258.0,118.2,31,1.96,2.35,4.31,46.95,0,0,0,0,0,0,0,146,56,89,16,132,14,119,27,,,,,,,0.06,0.0,0.08,0.14,1.5,1.44,209,26,405,132,154,42,80,27,0.99,0.26,1,0,,14,0,Man Utd,0,0,15,MUN,3,,False,0,1095,1135,1120,1130,1070,1140,12,2,Defenders,DEF,Defender,DEF,5,,,3,5,False,[],268
True,False,100.0,100.0,477580,0,0,-1,1,1,2,2.0,4.3,11,Illia,3.8,85,False,,2025-02-22T21:00:09.748448Z,44,477580.jpg,2.6,False,Zabarnyi,0.5,False,,a,3,91,94,135190,0,127667,0,0.9,21.4,Zabarnyi,225.0,2023-01-31,2002-09-01,False,p477580,3109,0,1,8,42,0,0,0,4,1,0,8,429,651.4,177.0,88.0,92.0,35,1.20,0.76,1.96,42.54,0,0,0,0,0,0,0,74,29,225,55,288,86,164,45,,,,,,,0.03,0.0,0.02,0.05,1.23,1.22,533,106,75,20,189,58,254,98,1.01,0.23,91,0,,3,0,Bournemouth,0,0,9,BOU,3,,False,0,1170,1200,1120,1180,1220,1220,127,2,Defenders,DEF,Defender,DEF,5,,,3,5,False,[],268
True,False,100.0,100.0,180736,0,0,-1,1,4,2,2.5,0.3,0,Trevoh,0.8,159,False,,2025-02-22T21:00:09.834402Z,44,180736.jpg,3.7,False,Chalobah,0.7,False,,a,6,8,93,279303,0,230679,0,0.2,21.1,Chalobah,241.0,2018-02-16,1999-07-05,False,p180736,1969,3,1,6,25,0,0,0,3,0,0,11,379,496.4,124.2,222.0,84.6,23,1.98,0.64,2.62,27.15,0,0,0,0,0,0,0,145,55,272,75,158,25,187,56,,,,,,,0.09,0.0,0.03,0.12,1.24,1.14,507,90,301,91,68,9,234,90,1.05,0.27,8,0,,6,0,Chelsea,0,0,4,CHE,3,,False,0,1155,1235,1120,1170,1190,1300,4,2,Defenders,DEF,Defender,DEF,5,,,3,5,False,[],268
True,False,,,122798,0,0,-2,2,0,2,2.5,2.5,2,Andrew,1.5,335,False,,,58,122798.jpg,2.8,False,Robertson,4.0,False,,a,12,14,91,1169940,0,1300850,0,0.3,15.7,Robertson,243.0,2017-07-21,1994-03-11,False,p122798,2479,0,1,10,32,1,0,0,3,1,0,4,397,395.4,668.7,182.0,124.4,29,1.12,4.27,5.39,26.90,0,0,0,0,0,0,0,183,67,41,6,198,38,105,19,2.0,,,,,,0.04,0.0,0.16,0.2,0.98,1.16,89,7,240,69,177,54,98,37,1.05,0.36,14,0,,12,0,Liverpool,0,0,1,LIV,5,,False,0,1350,1370,1320,1360,1380,1380,10,2,Defenders,DEF,Defender,DEF,5,,,3,5,False,[],268
True,False,100.0,100.0,171314,0,0,0,0,0,2,6.5,6.7,7,Rúben,6.2,361,False,,2025-01-23T00:00:08.203274Z,55,171314.jpg,3.3,False,Gato Alves Dias,5.5,False,,a,13,43,90,820491,0,702651,0,1.1,16.4,Rúben,173.0,2020-09-29,1997-05-14,False,p171314,2269,0,0,11,21,1,0,0,4,0,0,7,410,478.2,173.8,150.0,80.2,25,1.54,1.20,2.74,29.48,0,0,0,0,0,0,0,151,58,227,57,221,54,202,63,,,,,,,0.06,0.0,0.05,0.11,1.17,0.83,107,11,19,5,117,28,68,23,0.99,0.44,43,0,,13,0,Man City,0,0,3,MCI,4,,False,0,1220,1270,1160,1170,1280,1370,11,2,Defenders,DEF,Defender,DEF,5,,,3,5,False,[],268
True,False,,,101188,0,0,-1,1,2,2,2.7,2.0,0,Lucas,2.0,36,False,,,44,101188.jpg,2.8,False,Digne,5.6,False,,a,2,7,89,2217548,0,1914740,0,0.5,20.2,Digne,73.0,2022-01-13,1993-07-20,False,p101188,2348,0,5,6,36,0,0,0,4,0,0,7,383,512.6,583.9,112.0,120.7,28,0.80,3.97,4.77,34.94,0,0,0,0,0,0,0,138,49,57,9,262,73,112,22,2.0,,2.0,,,,0.03,0.0,0.15,0.18,1.34,1.38,498,84,191,58,165,48,67,22,1.07,0.23,7,0,,2,0,Aston Villa,0,0,6,AVL,3,,False,0,1145,1240,1130,1180,1160,1300,2,2,Defenders,DEF,Defender,DEF,5,,,3,5,False,[],268
True,False,0.0,0.0,480455,0,0,-1,1,0,2,0.0,0.0,0,Jarrad,2.2,219,False,Hamstring injury - Expected back 01 Jul,2025-05-18T20:30:07.482582Z,49,480455.jpg,2.9,False,Branthwaite,1.9,False,,i,8,11,88,382261,0,419180,0,0.4,18.0,Branthwaite,241.0,2020-06-20,2002-06-27,False,p480455,2509,0,1,9,28,0,0,0,4,0,0,3,420,624.6,57.7,130.0,81.3,28,1.20,0.61,1.81,29.83,0,0,0,0,0,0,0,87,32,350,116,240,64,198,62,,,,,,,0.04,0.0,0.02,0.06,1.07,1.0,268,33,178,52,152,41,140,53,1.0,0.32,11,0,,8,0,Everton,0,0,13,EVE,3,,False,0,1120,1145,1160,1160,1080,1130,7,2,Defenders,DEF,Defender,DEF,5,,,3,5,False,[],268
True,False,100.0,100.0,230001,0,0,-3,3,2,2,1.0,0.8,1,Noussair,0.8,594,False,,2025-01-23T23:30:09.029563Z,42,230001.jpg,2.4,False,Mazraoui,7.3,False,,a,14,1,88,3131607,0,2919466,0,0.2,21.0,Mazraoui,145.0,2024-08-13,1997-11-14,False,p230001,2836,0,1,7,43,0,0,0,3,0,0,5,410,619.4,332.7,123.0,107.5,34,0.69,1.87,2.56,46.26,0,0,0,0,0,0,0,90,34,124,26,247,70,139,38,,,,,,,0.02,0.0,0.06,0.08,1.47,1.36,618,151,296,87,218,70,51,17,1.08,0.22,1,0,,14,0,Man Utd,0,0,15,MUN,3,,False,0,1095,1135,1120,1130,1070,1140,12,2,Defenders,DEF,Defender,DEF,5,,,3,5,False,[],268
True,False,100.0,100.0,469142,0,0,0,0,2,2,2.5,3.0,2,Jan Paul,3.0,144,False,,2025-04-19T21:00:07.484058Z,45,469142.jpg,2.6,False,van Hecke,0.7,False,,a,5,36,87,322311,0,294037,0,0.7,19.3,Van Hecke,152.0,2020-09-10,2000-06-08,False,p469142,2960,1,1,7,47,0,0,0,6,1,0,7,406,736.6,261.8,182.0,118.3,33,1.32,1.41,2.73,44.67,0,0,0,0,0,0,0,46,18,167,33,197,37,118,26,,,,,,,0.04,0.0,0.04,0.08,1.36,1.43,404,70,123,34,191,59,235,91,1.0,0.21,36,0,,5,0,Brighton,0,0,8,BHA,3,,False,0,1140,1165,1090,1140,1190,1190,131,2,Defenders,DEF,Defender,DEF,5,,,3,5,False,[],268
True,False,100.0,100.0,200402,0,0,0,0,0,2,2.2,1.0,1,Nélson,1.0,559,False,,2025-01-07T00:00:08.891873Z,45,200402.jpg,2.5,False,Cabral Semedo,0.6,False,,a,20,39,84,172547,0,121966,0,0.2,18.7,N.Semedo,173.0,2020-09-23,1993-11-16,False,p200402,2889,0,4,8,49,0,0,0,8,0,0,0,302,504.6,404.9,149.0,106.0,32,1.05,1.71,2.76,47.76,0,0,0,0,0,0,0,140,50,101,21,223,56,141,39,,,,,,,0.03,0.0,0.05,0.08,1.49,1.53,372,59,272,80,208,66,250,96,1.0,0.25,39,0,,20,0,Wolves,0,0,16,WOL,3,,False,0,1125,1145,1100,1120,1150,1170,38,2,Defenders,DEF,Defender,DEF,5,,,3,5,False,[],268
True,False,100.0,100.0,214048,0,0,-2,2,1,2,3.0,3.0,1,Max,2.5,524,False,,2024-12-27T02:00:09.960422Z,43,214048.jpg,2.2,False,Kilman,1.3,False,,a,19,21,82,415682,0,407010,0,0.6,19.1,Kilman,241.0,2024-07-05,1997-05-23,False,p214048,3348,0,1,6,62,0,0,0,5,0,0,5,395,832.6,203.3,149.0,118.8,38,1.55,1.19,2.74,59.71,0,0,0,0,0,0,0,26,8,208,47,222,55,117,25,,,,,,,0.04,0.0,0.03,0.07,1.61,1.67,574,120,156,44,249,79,175,69,1.02,0.16,21,0,,19,0,West Ham,0,0,14,WHU,3,,False,0,1090,1100,1090,1090,1090,1110,25,2,Defenders,DEF,Defender,DEF,5,,,3,5,False,[],268
True,False,100.0,100.0,510362,0,0,-2,2,1,2,1.8,1.0,2,Toti António,1.0,567,False,,2024-12-30T09:30:07.264222Z,43,510362.jpg,2.5,False,Gomes,0.3,False,,a,20,39,79,71908,0,68649,0,0.2,18.4,Toti,173.0,2022-01-14,1999-01-16,False,p510362,2613,0,1,8,45,0,0,0,7,0,0,8,370,617.2,144.2,102.0,86.5,30,0.73,0.60,1.33,41.65,0,0,0,0,0,0,0,91,35,255,71,272,78,182,55,,,,,,,0.03,0.0,0.02,0.05,1.43,1.55,594,133,268,77,206,64,315,121,1.03,0.28,39,0,,20,0,Wolves,0,0,16,WOL,3,,False,0,1125,1145,1100,1120,1150,1170,38,2,Defenders,DEF,Defender,DEF,5,,,3,5,False,[],268
True,False,100.0,100.0,199796,0,0,-1,1,0,2,6.0,4.8,1,Matty,4.8,32,False,,2025-01-31T15:00:08.473024Z,44,199796.jpg,2.8,False,Cash,1.6,False,,a,2,7,76,306407,0,452117,0,1.1,17.3,Cash,172.0,2020-09-03,1997-08-07,False,p199796,2069,1,1,7,22,0,0,0,7,0,0,2,286,359.2,181.0,171.0,71.3,24,0.48,1.23,1.71,28.64,0,0,0,0,0,0,0,202,74,221,52,204,43,228,73,,,,,,,0.02,0.0,0.05,0.07,1.25,0.96,510,92,45,10,166,49,157,61,1.04,0.3,7,0,,2,0,Aston Villa,0,0,6,AVL,3,,False,0,1145,1240,1130,1180,1160,1300,2,2,Defenders,DEF,Defender,DEF,5,,,3,5,False,[],268
True,False,100.0,100.0,109533,0,0,-1,1,2,2,1.7,1.3,0,Emerson,0.8,520,False,,2025-01-04T22:00:07.811285Z,44,109533.jpg,2.5,False,Palmieri dos Santos,0.6,False,,a,19,21,76,151170,0,172254,0,0.2,17.3,Emerson,106.0,2022-08-23,1994-08-03,False,p109533,2108,2,1,5,41,0,0,0,5,0,0,4,219,420.4,310.9,173.0,90.4,26,1.95,2.19,4.14,37.51,0,0,0,0,0,0,0,172,65,138,27,202,41,169,49,3.0,,1.0,,,,0.08,0.0,0.09,0.17,1.6,1.75,500,86,299,89,207,65,252,97,1.11,0.21,21,0,,19,0,West Ham,0,0,14,WHU,3,,False,0,1090,1100,1090,1090,1090,1110,25,2,Defenders,DEF,Defender,DEF,5,,,3,5,False,[],268
True,False,100.0,100.0,232892,0,0,0,0,1,2,0.7,0.3,0,Calvin,0.8,241,False,,2024-12-09T09:30:06.333045Z,45,232892.jpg,2.1,False,Bassey,0.6,False,,a,9,54,75,131118,0,112970,0,0.2,16.7,Bassey,157.0,2023-07-28,1999-12-31,False,p232892,3074,1,0,5,47,0,0,0,7,0,0,0,390,587.2,96.7,157.0,84.1,34,1.02,0.42,1.44,39.22,0,0,0,0,0,0,0,107,39,304,93,216,53,188,57,,,,,,,0.03,0.0,0.01,0.04,1.15,1.38,381,65,305,93,270,88,248,95,1.0,0.15,54,0,,9,0,Fulham,0,0,11,FUL,3,,False,0,1155,1155,1150,1150,1160,1160,34,2,Defenders,DEF,Defender,DEF,5,,,3,5,False,[],268
True,False,100.0,100.0,87835,0,0,-2,2,0,2,2.2,1.2,2,Matt,1.2,543,False,,2025-04-14T08:30:08.200855Z,43,87835.jpg,2.5,False,Doherty,0.3,False,,a,20,39,75,68787,0,59466,0,0.3,17.4,Doherty,104.0,2023-07-20,1992-01-16,False,p87835,2105,2,1,6,38,1,0,0,6,0,0,4,307,502.2,179.9,135.0,81.8,25,1.12,1.24,2.36,32.68,0,0,0,0,0,0,0,143,53,223,53,236,61,196,61,,,,,,,0.05,0.0,0.05,0.1,1.4,1.62,561,111,250,73,204,63,299,116,1.07,0.26,39,0,,20,0,Wolves,0,0,16,WOL,3,,False,0,1125,1145,1100,1120,1150,1170,38,2,Defenders,DEF,Defender,DEF,5,,,3,5,False,[],268
True,False,100.0,50.0,77794,0,0,-4,4,2,2,2.4,0.7,1,Kieran,0.8,418,False,,2025-05-09T10:30:06.643856Z,56,77794.jpg,2.9,False,Trippier,4.4,False,,a,15,4,72,607647,0,1497328,0,0.1,12.9,Trippier,241.0,2022-01-07,1990-09-19,False,p77794,1299,0,3,6,18,0,0,0,1,0,0,8,287,319.4,406.8,33.0,76.1,14,0.12,1.44,1.56,17.05,0,0,0,0,0,0,0,231,85,98,19,372,127,214,65,1.0,,1.0,,,,0.01,0.0,0.1,0.11,1.18,1.25,100,9,316,94,156,43,85,29,0.97,0.42,4,0,,15,0,Newcastle,0,0,5,NEW,4,,False,0,1220,1255,1150,1170,1290,1340,23,2,Defenders,DEF,Defender,DEF,5,,,3,5,False,[],268
True,False,,,109646,0,0,-3,3,0,2,1.5,3.0,6,Tosin,3.5,187,False,,,42,109646.jpg,3.2,False,Adarabioyo,0.3,False,,a,6,8,71,101592,0,94547,0,0.8,16.9,Tosin,241.0,2024-07-01,1997-09-24,False,p109646,1403,1,1,7,14,0,0,0,4,0,0,7,305,352.2,48.2,92.0,49.6,15,0.93,0.23,1.16,19.62,0,0,0,0,0,0,0,212,76,366,127,284,85,292,89,,,,,,,0.06,0.0,0.01,0.07,1.26,0.9,608,142,89,23,122,29,294,114,0.96,0.45,8,0,,6,0,Chelsea,0,0,4,CHE,3,,False,0,1155,1235,1120,1170,1190,1300,4,2,Defenders,DEF,Defender,DEF,5,,,3,5,False,[],268
True,False,,,118748,0,0,11,-11,12,3,4.5,5.0,10,Mohamed,4.0,328,True,,,136,118748.jpg,9.1,False,Salah,66.3,False,,a,12,14,344,7064777,0,3645258,0,0.3,25.3,M.Salah,63.0,2017-07-01,1992-06-15,False,p118748,3374,29,18,15,40,0,0,0,1,0,0,55,1133,1577.0,1199.2,1985.0,476.0,38,24.70,8.99,33.69,37.83,0,0,0,0,0,0,0,1,1,3,3,1,1,1,1,,,,,2.0,,0.66,0.0,0.24,0.9,1.01,1.07,2,1,71,28,1,1,1,1,1.01,0.4,14,0,,12,0,Liverpool,0,0,1,LIV,5,,False,0,1350,1370,1320,1360,1380,1380,10,3,Midfielders,MID,Midfielder,MID,5,,,2,5,False,[],347
True,False,100.0,100.0,446008,0,0,13,-13,6,3,4.5,5.2,8,Bryan,5.2,99,True,,2024-11-13T15:00:08.005055Z,83,446008.jpg,6.2,False,Mbeumo,46.7,False,,a,4,94,236,10656539,0,6074146,0,0.6,28.4,Mbeumo,38.0,2019-08-05,1999-08-07,False,p446008,3415,20,9,9,55,0,0,1,3,0,0,29,948,1236.8,1107.5,1060.0,340.8,38,12.52,9.24,21.75,55.40,0,0,0,0,0,0,0,3,2,5,5,8,4,2,2,2.0,,2.0,,2.0,,0.33,0.0,0.24,0.57,1.46,1.45,11,8,39,13,2,2,3,2,1.0,0.24,94,0,,4,0,Brentford,0,0,10,BRE,3,,False,0,1130,1180,1100,1100,1160,1260,130,3,Midfielders,MID,Midfielder,MID,5,,,2,5,False,[],347
True,False,100.0,100.0,244851,0,0,0,0,6,3,3.7,3.7,3,Cole,4.2,182,True,,2025-03-16T23:00:06.860890Z,105,244851.jpg,5.8,False,Palmer,34.3,False,,a,6,8,214,7552330,0,7950784,0,0.4,20.4,Palmer,241.0,2023-09-01,2002-05-06,False,p244851,3193,15,10,10,41,0,0,1,7,0,0,35,952,1068.2,1259.2,1052.0,338.0,36,16.79,9.53,26.32,43.88,0,0,0,0,0,0,0,4,3,2,2,9,5,3,3,1.0,,1.0,,1.0,,0.47,0.0,0.27,0.74,1.24,1.16,3,2,57,21,4,3,5,3,1.01,0.28,8,0,,6,0,Chelsea,0,0,4,CHE,3,,False,0,1155,1235,1120,1170,1190,1300,4,3,Midfielders,MID,Midfielder,MID,5,,,2,5,False,[],347
True,False,100.0,100.0,178186,0,0,4,-4,4,3,9.3,10.0,13,Jarrod,9.5,514,True,,2024-12-30T09:30:07.187593Z,79,178186.jpg,5.7,False,Bowen,18.0,False,,a,19,21,193,3689972,0,2430305,0,1.2,24.4,Bowen,241.0,2020-01-31,1996-12-20,False,p178186,2974,13,11,8,50,0,0,0,1,0,0,21,678,903.0,737.8,1081.0,271.9,34,8.60,6.47,15.07,51.12,0,0,0,0,0,0,0,17,5,30,26,7,3,8,5,2.0,,,,4.0,,0.26,0.0,0.2,0.46,1.55,1.51,13,10,4,1,6,4,19,6,1.03,0.24,21,0,,19,0,West Ham,0,0,14,WHU,3,,False,0,1090,1100,1090,1090,1090,1110,25,3,Midfielders,MID,Midfielder,MID,5,,,2,5,False,[],347
True,False,100.0,100.0,244731,0,0,0,0,3,3,5.0,3.8,2,Luis,2.8,327,False,,2025-01-17T11:30:08.018487Z,75,244731.jpg,5.1,False,Díaz,16.8,False,,a,12,14,183,7399125,0,6677369,0,0.4,24.4,Luis Díaz,48.0,2022-01-30,1997-01-13,False,p244731,2393,13,7,15,21,0,0,0,2,0,0,21,634,770.8,748.0,946.0,246.4,28,11.90,4.34,16.24,24.44,0,0,0,0,0,0,0,38,9,29,25,14,7,10,7,,,,,,,0.45,0.0,0.16,0.61,0.92,0.79,17,11,151,64,10,5,21,7,1.05,0.56,14,0,,12,0,Liverpool,0,0,1,LIV,5,,False,0,1350,1370,1320,1360,1380,1380,10,3,Midfielders,MID,Midfielder,MID,5,,,2,5,False,[],347
True,False,100.0,100.0,141746,0,0,-1,1,3,3,1.8,2.5,7,Bruno,2.5,366,False,,2024-12-27T00:30:09.652602Z,84,141746.jpg,4.8,False,Borges Fernandes,13.7,False,,a,14,1,174,4812923,0,5343496,0,0.3,20.7,B.Fernandes,173.0,2020-01-30,1994-09-08,False,p141746,3017,8,12,10,47,0,0,0,3,2,0,28,810,1017.8,1407.7,587.0,300.8,35,9.93,7.89,17.82,45.85,0,0,0,0,0,0,0,8,4,1,1,51,32,4,4,1.0,,1.0,,1.0,,0.3,0.0,0.24,0.54,1.37,1.4,10,7,164,69,14,8,29,10,1.04,0.3,1,0,,14,0,Man Utd,0,0,15,MUN,3,,False,0,1095,1135,1120,1130,1070,1140,12,3,Midfielders,MID,Midfielder,MID,5,,,2,5,False,[],347
True,False,100.0,100.0,437730,0,0,2,-2,4,3,4.7,6.5,16,Antoine,6.0,78,False,,2024-11-13T14:00:07.717891Z,57,437730.jpg,4.5,False,Semenyo,8.0,False,,a,3,91,165,3623976,0,2938239,0,1.1,28.9,Semenyo,81.0,2023-01-27,2000-01-07,False,p437730,3202,11,7,11,41,0,0,0,9,0,0,14,571,792.2,688.9,1204.0,267.8,36,9.51,4.43,13.94,44.18,0,0,0,0,0,0,0,35,8,38,32,4,2,9,6,,,,,,,0.27,0.0,0.12,0.39,1.24,1.15,97,64,21,6,22,11,49,15,1.01,0.31,91,0,,3,0,Bournemouth,0,0,9,BOU,3,,False,0,1170,1200,1120,1180,1220,1220,127,3,Midfielders,MID,Midfielder,MID,5,,,2,5,False,[],347
True,False,100.0,100.0,244850,0,0,8,-8,4,3,5.0,4.0,1,Morgan,4.0,54,False,,2025-02-22T21:30:09.096177Z,58,244850.jpg,4.4,False,Rogers,25.8,False,,a,2,7,161,7532072,0,5583080,0,0.7,27.8,Rogers,241.0,2024-02-01,2002-07-26,False,p244850,3115,8,11,10,40,0,0,0,10,0,0,15,534,730.6,722.7,689.0,214.2,37,6.49,5.24,11.73,43.70,0,0,0,0,0,0,0,51,13,35,30,39,24,19,14,,,,,,,0.19,0.0,0.15,0.34,1.26,1.16,90,58,67,24,27,14,9,4,1.07,0.29,7,0,,2,0,Aston Villa,0,0,6,AVL,3,,False,0,1145,1240,1130,1180,1160,1300,2,3,Midfielders,MID,Midfielder,MID,5,,,2,5,False,[],347
True,False,100.0,100.0,114243,0,0,-3,3,4,3,4.0,3.0,2,Jacob,2.5,402,False,,2025-01-13T14:00:09.130787Z,52,114243.jpg,4.5,False,Murphy,14.3,False,,a,15,4,159,3322876,0,1910681,0,0.5,30.6,J.Murphy,241.0,2017-07-19,1995-02-24,False,p114243,2356,8,13,11,31,0,0,0,4,0,0,11,601,713.4,625.2,519.0,185.6,31,5.89,6.14,12.03,28.19,0,0,0,0,0,0,0,57,16,52,43,59,38,47,35,,,,,,,0.22,0.0,0.23,0.45,1.08,1.18,166,99,162,67,21,10,28,9,1.18,0.42,4,0,,15,0,Newcastle,0,0,5,NEW,4,,False,0,1220,1255,1150,1170,1290,1340,23,3,Midfielders,MID,Midfielder,MID,5,,,2,5,False,[],347
True,False,100.0,100.0,222683,0,0,4,-4,4,3,2.0,2.3,3,Justin,1.8,71,False,,2025-04-01T14:00:07.917236Z,59,222683.jpg,4.6,False,Kluivert,11.0,False,,a,3,91,158,5516740,0,4388704,0,0.3,26.8,Kluivert,152.0,2023-07-01,1999-05-05,False,p222683,2339,12,6,13,29,0,0,0,8,0,0,14,532,700.0,654.1,771.0,212.0,29,10.05,3.66,13.71,32.60,0,0,0,0,0,0,0,58,17,44,37,27,15,20,15,,,,,1.0,,0.39,0.0,0.14,0.53,1.25,1.12,82,53,222,101,16,9,38,12,1.12,0.5,91,0,,3,0,Bournemouth,0,0,9,BOU,3,,False,0,1170,1200,1120,1180,1220,1220,127,3,Midfielders,MID,Midfielder,MID,5,,,2,5,False,[],347
True,False,,,153133,0,0,-1,1,4,3,2.3,1.3,1,Alex,1.8,247,False,,,54,153133.jpg,4.1,False,Iwobi,4.9,False,,a,9,54,156,2296894,0,1860229,0,0.3,28.9,Iwobi,157.0,2023-09-01,1996-05-03,False,p153133,2981,9,6,6,45,0,0,0,1,0,0,16,704,806.8,922.4,699.0,243.0,35,4.33,6.90,11.23,38.06,0,0,0,0,0,0,0,32,6,11,10,37,22,11,8,,,,,,,0.13,0.0,0.21,0.34,1.15,1.36,125,77,221,100,38,19,77,21,1.06,0.18,54,0,,9,0,Fulham,0,0,11,FUL,3,,False,0,1155,1155,1150,1150,1160,1160,34,3,Midfielders,MID,Midfielder,MID,5,,,2,5,False,[],347
True,False,100.0,100.0,222531,0,0,0,0,4,3,7.0,6.1,2,Morgan,5.6,433,False,,2025-03-30T02:00:09.046182Z,65,222531.jpg,4.5,False,Gibbs-White,7.4,False,,a,16,17,154,1860716,0,1540907,0,0.9,23.7,Gibbs-White,241.0,2022-08-19,2000-01-27,False,p222531,2806,7,11,13,34,0,0,0,9,1,0,18,594,680.4,793.7,632.0,210.6,34,6.31,4.68,10.99,41.21,0,0,0,0,0,0,0,64,20,23,19,47,28,22,17,,,2.0,,2.0,,0.2,0.0,0.15,0.35,1.32,1.09,44,22,28,8,23,12,50,16,1.09,0.42,17,0,,16,0,Nott'm Forest,0,0,7,NFO,4,,False,0,1220,1290,1190,1330,1250,1250,15,3,Midfielders,MID,Midfielder,MID,5,,,2,5,False,[],347
True,False,100.0,100.0,449434,0,0,0,0,4,3,4.5,4.1,2,Anthony,3.6,432,False,,2025-04-05T20:30:07.053074Z,55,449434.jpg,4.0,False,Elanga,9.4,False,,a,16,17,153,2359170,0,1538449,0,0.7,27.8,Elanga,206.0,2023-07-25,2002-04-27,False,p449434,2496,6,11,12,35,0,0,0,1,0,0,15,535,627.0,785.4,582.0,199.8,31,4.81,5.12,9.93,38.74,0,0,0,0,0,0,0,84,30,24,20,52,33,30,24,2.0,,4.0,,,,0.17,0.0,0.18,0.35,1.4,1.26,116,72,87,34,44,21,42,13,1.12,0.43,17,0,,16,0,Nott'm Forest,0,0,7,NFO,4,,False,0,1220,1290,1190,1330,1250,1250,15,3,Midfielders,MID,Midfielder,MID,5,,,2,5,False,[],347
True,False,100.0,100.0,116216,0,0,-3,3,2,3,5.5,5.5,4,Leandro,4.0,23,False,,2025-05-11T23:00:08.708617Z,67,116216.jpg,4.0,False,Trossard,4.5,False,,a,1,3,152,1341936,0,1105621,0,0.6,22.7,Trossard,21.0,2023-01-20,1994-12-04,False,p116216,2546,8,8,11,27,0,0,0,2,1,0,18,561,609.0,617.6,798.0,202.1,28,6.74,4.12,10.86,24.76,0,0,0,0,0,0,0,95,34,54,45,25,14,29,23,4.0,,,,4.0,,0.24,0.0,0.15,0.39,0.88,0.95,39,18,70,27,47,24,84,25,0.99,0.39,3,0,,1,0,Arsenal,0,0,2,ARS,5,,False,0,1350,1350,1390,1400,1310,1300,1,3,Midfielders,MID,Midfielder,MID,5,,,2,5,False,[],347
True,False,100.0,100.0,513418,0,0,-2,2,4,3,8.8,7.4,2,Kevin,7.4,106,False,,2025-01-27T01:00:08.556857Z,53,513418.jpg,3.9,False,Schade,3.3,False,,a,4,94,149,707168,0,354286,0,1.4,28.1,Schade,80.0,2023-07-01,2001-11-27,False,p513418,2281,11,4,10,34,0,0,0,3,0,0,12,498,630.8,312.7,892.0,183.3,26,8.45,1.75,10.20,30.66,0,0,0,0,0,0,0,79,27,136,96,19,10,50,36,,,,,,,0.33,0.0,0.07,0.4,1.21,1.34,156,94,9,3,54,25,108,33,1.03,0.39,94,0,,4,0,Brentford,0,0,10,BRE,3,,False,0,1130,1180,1100,1100,1160,1260,130,3,Midfielders,MID,Midfielder,MID,5,,,2,5,False,[],347
True,False,100.0,100.0,232185,0,0,-5,5,4,3,3.3,4.5,9,Ismaïla,5.5,585,False,,2025-01-17T15:00:07.869411Z,55,232185.jpg,3.9,False,Sarr,5.3,False,,a,7,31,149,2403131,0,1870962,0,1.0,27.1,I.Sarr,189.0,2024-08-01,1998-02-25,False,p232185,2708,8,7,10,39,0,0,0,4,0,0,14,542,675.0,618.0,866.0,215.9,30,10.82,6.82,17.64,38.63,0,0,0,0,0,0,0,66,21,53,44,20,11,18,13,,,,,,,0.36,0.0,0.23,0.59,1.28,1.3,112,70,34,10,55,26,70,20,1.0,0.33,31,0,,7,0,Crystal Palace,0,0,12,CRY,3,,False,0,1150,1155,1140,1140,1160,1170,6,3,Midfielders,MID,Midfielder,MID,5,,,2,5,False,[],347
True,False,100.0,100.0,232413,0,0,0,0,2,3,9.7,7.8,3,Eberechi,8.8,199,False,,2025-01-31T15:00:08.813444Z,70,232413.jpg,4.4,False,Eze,14.6,False,,a,7,31,148,3030839,0,4722130,0,1.3,21.1,Eze,241.0,2020-08-28,1998-06-29,False,p232413,2588,8,8,10,34,0,0,1,1,0,0,15,605,685.0,849.2,691.0,222.4,31,10.39,4.67,15.06,35.03,0,0,0,0,0,0,0,62,18,15,13,38,23,16,11,1.0,,1.0,,2.0,,0.36,0.0,0.16,0.52,1.22,1.18,27,15,6,2,28,15,27,8,1.08,0.35,31,0,,7,0,Crystal Palace,0,0,12,CRY,3,,False,0,1150,1155,1140,1140,1160,1170,6,3,Midfielders,MID,Midfielder,MID,5,,,2,5,False,[],347
True,False,100.0,100.0,451340,0,0,-2,2,1,3,3.2,2.8,4,Mitoma,2.8,136,False,,2025-05-16T09:30:08.547373Z,63,451340.jpg,4.0,False,Kaoru,6.3,False,,a,5,36,145,3172728,0,2925901,0,0.4,23.0,Mitoma,108.0,2021-08-09,1997-05-20,False,p451340,2597,10,5,6,40,0,0,0,1,0,0,12,536,670.6,578.0,856.0,210.7,28,9.19,4.03,13.22,37.05,0,0,0,0,0,0,0,70,23,59,49,21,12,21,16,,,,,,,0.32,0.0,0.14,0.46,1.28,1.39,55,29,150,63,46,23,59,18,0.97,0.21,36,0,,5,0,Brighton,0,0,8,BHA,3,,False,0,1140,1165,1090,1140,1190,1190,131,3,Midfielders,MID,Midfielder,MID,5,,,2,5,False,[],347
True,False,100.0,100.0,424876,0,0,-4,4,4,3,6.5,4.8,2,Dominik,3.8,336,False,,2024-12-27T00:30:09.581631Z,61,424876.jpg,4.0,False,Szoboszlai,2.7,False,,a,12,14,143,970976,0,951769,0,0.6,23.4,Szoboszlai,98.0,2023-07-02,2000-10-25,False,p424876,2485,6,10,12,29,0,0,0,6,0,0,14,605,589.8,794.8,601.0,198.1,29,6.94,6.06,13.00,26.78,0,0,0,0,0,0,0,104,39,22,18,50,31,33,26,5.0,,2.0,,,,0.25,0.0,0.22,0.47,0.97,1.05,72,44,86,33,45,22,118,38,1.05,0.43,14,0,,12,0,Liverpool,0,0,1,LIV,5,,False,0,1350,1370,1320,1360,1380,1380,10,3,Midfielders,MID,Midfielder,MID,5,,,2,5,False,[],347
True,False,100.0,100.0,242898,0,0,-3,3,2,3,0.8,0.8,2,Brennan,0.8,491,False,,2025-01-17T15:00:07.684598Z,62,242898.jpg,4.2,False,Johnson,2.3,False,,a,18,6,137,2279095,0,2164899,0,0.1,22.1,Johnson,244.0,2023-09-01,2001-05-23,False,p242898,2171,11,6,2,38,0,0,0,5,0,0,13,461,559.6,295.0,761.0,161.0,24,10.75,1.99,12.74,38.88,0,0,0,0,0,0,0,116,41,147,103,28,16,63,44,,,,,,,0.45,0.0,0.08,0.53,1.61,1.58,62,35,319,150,35,18,128,42,0.99,0.08,6,0,,18,0,Spurs,0,0,17,TOT,3,,False,0,1100,1170,1060,1070,1210,1270,21,3,Midfielders,MID,Midfielder,MID,5,,,2,5,False,[],347
True,False,100.0,100.0,448047,0,0,-3,3,2,3,4.3,3.5,3,Enzo,4.0,168,False,,2025-01-17T15:00:07.174073Z,47,448047.jpg,3.8,False,Fernández,4.1,False,,a,6,8,135,1865471,0,1635475,0,0.9,28.7,Enzo,10.0,2023-01-31,2001-01-17,False,p448047,2943,6,8,10,37,0,0,0,8,0,0,11,691,761.6,1131.6,517.0,241.3,32,6.23,6.11,12.34,38.06,0,0,0,0,0,0,0,41,10,4,4,60,39,13,9,3.0,,3.0,,4.0,,0.19,0.0,0.19,0.38,1.16,1.13,330,214,63,22,60,29,96,30,0.98,0.31,8,0,,6,0,Chelsea,0,0,4,CHE,3,,False,0,1155,1235,1120,1170,1190,1300,4,3,Midfielders,MID,Midfielder,MID,5,,,2,5,False,[],347
True,False,100.0,100.0,208706,0,0,-3,3,1,3,4.0,3.7,2,Bruno,3.2,394,False,,2024-11-26T02:30:08.074203Z,62,208706.jpg,3.6,False,Guimarães Rodriguez Moura,3.0,False,,a,15,4,135,590334,0,632726,0,0.5,21.8,Bruno G.,30.0,2022-01-30,1997-11-16,False,p208706,3273,5,6,13,44,0,0,0,7,0,0,10,661,723.0,796.0,454.0,197.5,38,4.34,5.32,9.66,43.41,0,0,0,0,0,0,0,55,14,21,17,70,44,35,27,,,,,,,0.12,0.0,0.15,0.27,1.19,1.21,58,31,112,48,84,38,112,36,1.04,0.36,4,0,,15,0,Newcastle,0,0,5,NEW,4,,False,0,1220,1255,1150,1170,1290,1340,23,3,Midfielders,MID,Midfielder,MID,5,,,2,5,False,[],347
True,False,0.0,0.0,172780,0,0,-1,1,3,3,0.0,0.0,0,James,0.0,494,False,Knee injury - Expected back 01 Jun,2025-05-01T23:00:08.579870Z,74,172780.jpg,4.3,False,Maddison,3.8,False,,i,18,6,133,2397921,0,2588050,0,0.0,18.0,Maddison,241.0,2023-06-28,1996-11-23,False,p172780,1799,9,8,6,32,0,0,0,6,0,0,15,592,683.4,702.3,495.0,187.8,21,5.54,5.92,11.46,32.39,0,0,0,0,0,0,0,63,19,36,31,64,41,43,33,1.0,,2.0,,2.0,,0.28,0.0,0.3,0.58,1.62,1.6,18,12,801,347,30,16,100,31,1.05,0.3,6,0,,18,0,Spurs,0,0,17,TOT,3,,False,0,1100,1170,1060,1070,1210,1270,21,3,Midfielders,MID,Midfielder,MID,5,,,2,5,False,[],347
True,False,100.0,100.0,440089,0,0,-1,1,0,3,3.2,3.0,2,Mikkel,3.0,89,False,,2024-10-12T11:00:07.165630Z,49,440089.jpg,3.4,False,Damsgaard,1.2,False,,a,4,94,131,519677,0,410351,0,0.6,26.7,Damsgaard,58.0,2022-08-10,2000-07-03,False,p440089,2911,2,10,11,41,0,0,0,2,0,0,10,611,714.8,1006.4,338.0,205.9,34,2.91,7.01,9.92,45.60,0,0,0,0,0,0,0,56,15,6,6,100,65,27,22,1.0,,3.0,,,,0.09,0.0,0.22,0.31,1.41,1.27,262,168,127,52,102,44,186,61,1.05,0.34,94,0,,4,0,Brentford,0,0,10,BRE,3,,False,0,1130,1180,1100,1100,1160,1260,130,3,Midfielders,MID,Midfielder,MID,5,,,2,5,False,[],347
True,False,100.0,100.0,201666,0,0,-6,6,1,3,3.0,2.7,2,Harvey,2.2,392,False,,2025-01-12T22:00:08.256604Z,59,201666.jpg,3.9,False,Barnes,4.2,False,,a,15,4,130,1423799,0,1039084,0,0.4,22.0,Barnes,241.0,2023-07-23,1997-12-09,False,p201666,1746,9,5,6,23,0,0,0,0,0,0,13,442,522.2,407.1,701.0,163.1,17,6.45,4.40,10.85,24.32,0,0,0,0,0,0,0,130,50,96,75,36,21,62,43,,,,,,,0.33,0.0,0.23,0.56,1.25,1.19,80,52,182,79,56,27,90,26,0.88,0.31,4,0,,15,0,Newcastle,0,0,5,NEW,4,,False,0,1220,1255,1150,1170,1290,1340,23,3,Midfielders,MID,Midfielder,MID,5,,,2,5,False,[],347
True,False,100.0,100.0,493250,0,0,3,-3,3,3,2.2,5.5,13,Amad,5.5,364,False,,2025-02-15T18:30:08.930349Z,53,493250.jpg,5.0,False,Diallo,4.1,False,,a,14,1,129,3991127,0,4001407,0,1.0,24.3,Amad,54.0,2021-01-07,2002-07-11,False,p493250,1898,8,8,7,30,0,0,0,5,0,0,17,569,634.0,687.2,615.0,193.8,20,4.71,3.98,8.69,31.71,0,0,0,0,0,0,0,77,26,39,33,49,30,38,30,3.0,,,,,,0.22,0.0,0.19,0.41,1.5,1.42,155,93,32,9,12,7,94,29,0.95,0.33,1,0,,14,0,Man Utd,0,0,15,MUN,3,,False,0,1095,1135,1120,1130,1070,1140,12,3,Midfielders,MID,Midfielder,MID,5,,,2,5,False,[],347
True,False,25.0,25.0,85971,0,0,-3,3,2,3,0.2,0.2,0,Son,0.8,503,False,Foot injury - 25% chance of playing,2025-05-24T20:00:08.711465Z,97,85971.jpg,4.3,False,Heung-min,4.1,False,,d,18,6,129,2141985,0,2790602,0,0.1,13.3,Son,114.0,2015-08-28,1992-07-08,False,p85971,2106,7,10,4,35,0,0,1,1,0,0,12,543,629.6,734.9,707.0,207.2,24,7.25,4.97,12.22,37.99,0,0,0,0,0,0,0,80,28,31,27,35,20,25,20,4.0,,,,1.0,,0.31,0.0,0.21,0.52,1.62,1.5,5,4,325,155,31,17,92,28,1.03,0.17,6,0,,18,0,Spurs,0,0,17,TOT,3,,False,0,1100,1170,1060,1070,1210,1270,21,3,Midfielders,MID,Midfielder,MID,5,,,2,5,False,[],347
True,False,100.0,100.0,204480,0,0,-2,2,1,3,8.2,7.0,2,Declan,5.5,16,False,,2025-05-11T23:00:08.642302Z,63,204480.jpg,3.6,False,Rice,4.2,False,,a,1,3,127,593806,0,823007,0,0.9,20.2,Rice,241.0,2023-07-15,1999-01-14,False,p204480,2823,4,7,11,29,0,0,0,5,1,0,17,627,733.0,959.6,399.0,208.8,33,3.51,5.64,9.14,27.13,0,0,0,0,0,0,0,50,12,9,9,86,56,24,19,2.0,,2.0,,,,0.11,0.0,0.18,0.29,0.86,0.92,54,28,35,11,85,39,91,27,1.05,0.35,3,0,,1,0,Arsenal,0,0,2,ARS,5,,False,0,1350,1350,1390,1400,1310,1300,1,3,Midfielders,MID,Midfielder,MID,5,,,2,5,False,[],347
True,False,100.0,100.0,223340,0,0,4,-4,4,3,3.8,3.5,1,Bukayo,2.0,17,False,,2025-04-09T09:00:07.942776Z,104,223340.jpg,5.1,False,Saka,20.2,False,,a,1,3,127,8222595,0,9344351,0,0.2,12.2,Saka,241.0,2018-11-28,2001-09-05,False,p223340,1724,6,11,7,21,0,0,0,3,0,0,18,508,606.0,842.8,830.0,227.9,20,6.87,7.78,14.65,17.72,0,0,0,0,0,0,0,98,37,18,15,23,13,14,10,1.0,,,,1.0,,0.36,0.0,0.41,0.77,0.93,1.1,4,3,200,87,11,6,15,5,1.04,0.37,3,0,,1,0,Arsenal,0,0,2,ARS,5,,False,0,1350,1350,1390,1400,1310,1300,1,3,Midfielders,MID,Midfielder,MID,5,,,2,5,False,[],347
True,False,100.0,100.0,215439,0,0,-2,2,2,3,5.5,4.3,2,Tomáš,3.8,530,False,,2024-12-27T00:30:09.920421Z,48,215439.jpg,3.6,False,Souček,1.5,False,,a,19,21,126,527848,0,625980,0,0.8,26.2,Souček,57.0,2020-07-28,1995-02-27,False,p215439,2563,9,2,7,44,0,0,0,8,0,0,15,442,672.6,231.8,643.0,154.0,30,6.60,1.27,7.87,44.29,0,0,0,0,0,0,0,67,22,186,128,46,27,71,49,,,,,,,0.23,0.0,0.04,0.27,1.56,1.55,299,195,77,29,80,36,162,51,1.05,0.25,21,0,,19,0,West Ham,0,0,14,WHU,3,,False,0,1090,1100,1090,1090,1090,1110,25,3,Midfielders,MID,Midfielder,MID,5,,,2,5,False,[],347
True,False,100.0,100.0,444145,0,0,-5,5,1,3,5.5,5.0,2,Gabriel,3.5,9,False,,2025-02-06T00:00:08.092348Z,65,444145.jpg,3.8,False,Martinelli Silva,3.1,False,,a,1,3,125,1360840,0,1378390,0,0.5,19.2,Martinelli,30.0,2019-07-15,2001-06-18,False,p444145,2284,8,4,10,25,0,0,0,1,0,0,6,422,559.8,587.8,912.0,206.1,25,7.13,4.46,11.59,26.22,0,0,0,0,0,0,0,115,40,56,47,16,8,26,21,,,,,,,0.28,0.0,0.18,0.46,1.03,0.99,46,24,101,43,65,31,110,35,0.99,0.39,3,0,,1,0,Arsenal,0,0,2,ARS,5,,False,0,1350,1350,1390,1400,1310,1300,1,3,Midfielders,MID,Midfielder,MID,5,,,2,5,False,[],347
True,False,100.0,100.0,232826,0,0,-1,1,1,3,2.3,2.3,1,Anthony,1.8,398,False,,2025-03-03T01:00:07.799534Z,74,232826.jpg,3.6,False,Gordon,8.0,False,,a,15,4,124,3569855,0,5263072,0,0.2,16.8,Gordon,241.0,2023-01-29,2001-02-24,False,p232826,2428,6,6,10,33,0,0,1,2,0,0,9,476,537.0,777.3,655.0,196.8,28,8.19,4.80,12.99,32.62,0,0,0,0,0,0,0,125,47,26,22,44,26,36,28,3.0,,,,3.0,,0.3,0.0,0.18,0.48,1.21,1.22,19,13,225,104,87,40,48,14,1.04,0.37,4,0,,15,0,Newcastle,0,0,5,NEW,4,,False,0,1220,1255,1150,1170,1290,1340,23,3,Midfielders,MID,Midfielder,MID,5,,,2,5,False,[],347
True,False,0.0,0.0,243016,0,0,-3,3,2,3,0.0,0.0,0,Alexis,1.2,329,False,Lack of match fitness - Expected back 16 Aug,2025-05-19T23:30:07.967116Z,62,243016.jpg,3.5,False,Mac Allister,1.7,False,,i,12,14,122,351038,0,474441,0,0.2,19.7,Mac Allister,10.0,2023-06-14,1998-12-24,False,p243016,2597,5,6,14,24,0,0,0,6,0,0,8,578,653.4,731.3,357.0,174.1,30,2.89,5.57,8.46,24.21,0,0,0,0,0,0,0,73,24,32,28,95,62,59,41,4.0,,,,,,0.1,0.0,0.19,0.29,0.84,0.83,63,36,262,126,96,43,149,49,1.04,0.49,14,0,,12,0,Liverpool,0,0,1,LIV,5,,False,0,1350,1370,1320,1360,1380,1380,10,3,Midfielders,MID,Midfielder,MID,5,,,2,5,False,[],347
True,False,100.0,75.0,166989,0,0,0,0,1,3,2.8,2.2,1,Youri,3.0,57,False,,2025-05-08T16:30:07.959472Z,55,166989.jpg,3.4,False,Tielemans,1.1,False,,a,2,7,121,396166,0,395518,0,0.5,22.0,Tielemans,21.0,2023-06-14,1997-05-07,False,p166989,3025,3,7,7,46,0,0,1,4,0,0,15,686,799.6,963.1,333.0,209.6,35,3.31,5.83,9.14,43.87,0,0,0,0,0,0,0,34,7,8,8,103,67,23,18,1.0,,,,2.0,,0.1,0.0,0.17,0.27,1.31,1.37,106,66,132,56,109,49,198,62,1.04,0.21,7,0,,2,0,Aston Villa,0,0,6,AVL,3,,False,0,1145,1240,1130,1180,1160,1300,2,3,Midfielders,MID,Midfielder,MID,5,,,2,5,False,[],347
True,False,100.0,100.0,248857,0,0,-5,5,1,3,1.7,1.7,3,Noni,2.2,177,False,,2025-02-15T16:00:09.076234Z,60,248857.jpg,3.8,False,Madueke,3.2,False,,a,6,8,120,2492829,0,2378242,0,0.4,20.0,Madueke,241.0,2023-01-20,2002-03-10,False,p248857,2028,7,5,6,28,0,0,0,3,0,0,12,425,479.2,475.1,998.0,195.3,27,9.62,2.86,12.48,29.55,0,0,0,0,0,0,0,150,56,80,62,11,6,37,29,,,,,3.0,,0.43,0.0,0.13,0.56,1.31,1.24,77,49,183,80,64,30,109,34,1.2,0.27,8,0,,6,0,Chelsea,0,0,4,CHE,3,,False,0,1155,1235,1120,1170,1190,1300,4,3,Midfielders,MID,Midfielder,MID,5,,,2,5,False,[],347
True,False,0.0,0.0,445044,0,0,-3,3,0,3,0.0,0.0,0,Dejan,0.8,492,False,Knee injury - Expected back 01 Jun,2025-05-11T23:00:09.341216Z,62,445044.jpg,3.7,False,Kulusevski,2.2,False,,i,18,6,117,1487786,0,1561097,0,0.1,18.9,Kulusevski,206.0,2023-07-01,2000-04-25,False,p445044,2386,7,4,6,41,0,0,0,3,0,0,9,426,613.6,843.8,733.0,218.7,27,4.06,4.03,8.09,42.39,0,0,0,0,0,0,0,93,33,17,14,32,19,17,12,3.0,,,,,,0.15,0.0,0.15,0.3,1.6,1.55,65,38,320,151,75,35,134,44,1.02,0.23,6,0,,18,0,Spurs,0,0,17,TOT,3,,False,0,1100,1170,1060,1070,1210,1270,21,3,Midfielders,MID,Midfielder,MID,5,,,2,5,False,[],347
True,False,100.0,100.0,184029,0,0,-3,3,0,3,7.8,8.0,7,Martin,6.5,13,False,,2024-09-10T00:30:06.311550Z,82,184029.jpg,3.9,False,Ødegaard,5.7,False,,a,1,3,116,1245059,0,2244119,0,0.8,14.1,Ødegaard,161.0,2021-08-20,1998-12-17,False,p184029,2321,3,9,11,21,0,0,0,4,0,0,11,529,524.6,968.7,493.0,198.8,26,4.85,6.68,11.53,22.16,0,0,0,0,0,0,0,128,48,7,7,66,42,32,25,3.0,,1.0,,2.0,,0.19,0.0,0.26,0.45,0.86,0.81,12,9,15,4,58,28,64,19,1.01,0.43,3,0,,1,0,Arsenal,0,0,2,ARS,5,,False,0,1350,1350,1390,1400,1310,1300,1,3,Midfielders,MID,Midfielder,MID,5,,,2,5,False,[],347
True,False,100.0,100.0,209289,0,0,-5,5,1,3,3.3,1.5,1,Emile,2.0,19,False,,2025-04-21T04:30:07.475951Z,50,209289.jpg,3.4,False,Smith Rowe,7.3,False,,a,9,54,114,3645005,0,4579201,0,0.4,22.8,Smith Rowe,241.0,2024-08-02,2000-07-28,False,p209289,2036,6,3,7,28,0,0,0,3,0,0,15,449,433.8,422.3,386.0,124.4,25,4.45,2.04,6.49,25.35,0,0,0,0,0,0,0,164,66,94,73,88,58,104,66,,,,,,,0.2,0.0,0.09,0.29,1.12,1.24,205,126,196,85,105,47,52,17,1.11,0.31,54,0,,9,0,Fulham,0,0,11,FUL,3,,False,0,1155,1155,1150,1150,1160,1160,34,3,Midfielders,MID,Midfielder,MID,5,,,2,5,False,[],347
True,False,100.0,100.0,61366,0,0,0,0,4,3,6.2,5.0,1,Kevin,4.5,345,False,,2024-09-18T23:00:07.299083Z,95,61366.jpg,4.1,False,De Bruyne,11.6,False,,a,13,43,114,2706405,0,2382547,0,0.5,12.0,De Bruyne,21.0,2015-08-30,1991-06-28,False,p61366,1694,4,9,10,19,0,0,0,2,0,0,12,462,466.6,920.0,411.0,179.5,19,5.17,6.75,11.92,21.47,0,0,0,0,0,0,0,156,59,12,11,79,51,55,38,1.0,,1.0,,4.0,,0.27,0.0,0.36,0.63,1.14,1.01,6,5,52,17,42,20,37,11,1.01,0.53,43,0,,13,0,Man City,0,0,3,MCI,4,,False,0,1220,1270,1160,1170,1280,1370,11,3,Midfielders,MID,Midfielder,MID,5,,,2,5,False,[],347
True,False,0.0,0.0,533463,0,0,-5,5,2,3,0.0,0.0,0,Dango,0.2,74,False,Groin Injury - Expected back 01 Jun,2025-05-08T16:30:08.039133Z,45,533463.jpg,3.5,False,Ouattara,0.9,False,,i,3,91,111,793396,0,704668,0,0.0,24.7,O.Dango,35.0,2023-01-19,2002-02-11,False,p533463,1998,7,4,7,23,0,0,0,3,0,0,7,432,624.6,496.8,754.0,187.2,21,8.42,3.24,11.66,31.96,0,0,0,0,0,0,0,86,32,77,59,29,17,46,34,,,,,,,0.38,0.0,0.15,0.53,1.44,1.04,447,282,391,178,90,41,215,68,0.95,0.32,91,0,,3,0,Bournemouth,0,0,9,BOU,3,,False,0,1170,1200,1120,1180,1220,1220,127,3,Midfielders,MID,Midfielder,MID,5,,,2,5,False,[],347
True,False,100.0,100.0,165809,0,0,-4,4,2,3,6.2,5.5,3,Bernardo,5.0,342,False,,2025-03-15T22:00:08.783379Z,61,165809.jpg,3.3,False,Veiga de Carvalho e Silva,2.8,False,,a,13,43,110,979839,0,1228232,0,0.8,18.0,Bernardo,173.0,2017-07-01,1994-08-10,False,p165809,2667,4,4,10,36,0,0,0,7,0,0,13,568,603.0,800.4,532.0,193.6,29,3.84,4.56,8.40,39.68,0,0,0,0,0,0,0,100,38,20,16,56,36,39,31,4.0,,,,,,0.13,0.0,0.15,0.28,1.34,1.21,68,41,43,15,119,54,117,37,0.98,0.34,43,0,,13,0,Man City,0,0,3,MCI,4,,False,0,1220,1270,1160,1170,1280,1370,11,3,Midfielders,MID,Midfielder,MID,5,,,2,5,False,[],347
True,False,100.0,0.0,91651,0,0,-1,1,3,3,0.0,0.0,0,Mateo,2.0,354,False,,2025-05-21T00:00:08.373244Z,54,91651.jpg,3.5,False,Kovačić,1.2,False,,a,13,43,109,777810,0,787720,0,0.4,20.2,Kovačić,97.0,2023-06-27,1994-05-06,False,p91651,2194,6,3,10,29,0,0,0,5,1,0,13,542,606.4,579.3,204.0,139.1,25,1.91,3.21,5.11,31.50,0,0,0,0,0,0,0,97,36,58,48,174,111,89,59,,,,,,,0.08,0.0,0.13,0.21,1.29,1.19,123,76,197,86,94,42,180,58,1.03,0.41,43,0,,13,0,Man City,0,0,3,MCI,4,,False,0,1220,1270,1160,1170,1280,1370,11,3,Midfielders,MID,Midfielder,MID,5,,,2,5,False,[],347
True,False,100.0,100.0,167199,0,0,-1,1,0,3,3.8,3.7,2,Thomas,2.2,20,False,,2025-04-12T20:00:08.101021Z,49,167199.jpg,3.1,False,Partey,0.7,False,,a,1,3,108,307818,0,289781,0,0.4,22.0,Thomas,81.0,2020-10-05,1993-06-13,False,p167199,2793,4,3,9,30,0,0,0,4,0,0,8,567,626.6,377.9,223.0,123.2,31,2.27,2.64,4.91,30.83,0,0,0,0,0,0,0,85,31,109,80,157,100,109,69,,,,,,,0.07,0.0,0.09,0.16,0.99,0.97,245,155,174,73,137,61,238,76,1.0,0.29,3,0,,1,0,Arsenal,0,0,2,ARS,5,,False,0,1350,1350,1390,1400,1310,1300,1,3,Midfielders,MID,Midfielder,MID,5,,,2,5,False,[],347
True,False,100.0,100.0,128295,0,0,-2,2,1,3,3.2,4.2,8,Christian,4.2,101,False,,2025-02-22T02:00:07.221007Z,48,128295.jpg,3.1,False,Nørgaard,0.2,False,,a,4,94,107,68895,0,64300,0,0.9,22.3,Nørgaard,58.0,2019-07-01,1994-03-10,False,p128295,2820,5,5,6,45,0,0,0,8,1,0,7,580,735.4,333.0,409.0,147.9,34,4.23,1.38,5.61,44.54,0,0,0,0,0,0,0,48,11,123,88,81,52,79,53,,,,,,,0.14,0.0,0.04,0.18,1.42,1.44,284,183,54,18,136,60,366,116,1.09,0.19,94,0,,4,0,Brentford,0,0,10,BRE,3,,False,0,1130,1180,1100,1100,1160,1260,130,3,Midfielders,MID,Midfielder,MID,5,,,2,5,False,[],347
True,False,100.0,100.0,215379,0,0,0,0,0,3,2.0,1.9,1,Elliot,1.4,423,False,,2024-11-13T15:30:08.535910Z,50,215379.jpg,2.9,False,Anderson,0.3,False,,a,16,17,107,84054,0,73428,0,0.3,21.4,Anderson,241.0,2024-07-01,2002-11-06,False,p215379,2726,2,6,13,37,0,0,0,10,0,0,8,526,638.8,605.2,308.0,155.6,33,2.04,3.51,5.55,40.36,0,0,0,0,0,0,0,76,25,55,46,108,71,69,47,3.0,,,,,,0.07,0.0,0.12,0.19,1.33,1.22,208,129,244,116,153,67,306,93,1.09,0.43,17,0,,16,0,Nott'm Forest,0,0,7,NFO,4,,False,0,1220,1290,1190,1330,1250,1250,15,3,Midfielders,MID,Midfielder,MID,5,,,2,5,False,[],347
True,False,100.0,100.0,510281,0,0,-5,5,2,3,0.8,1.0,1,Sávio 'Savinho',0.5,571,False,,2024-10-31T02:30:07.756984Z,60,510281.jpg,3.7,False,Moreira de Oliveira,1.9,False,,a,13,43,106,1583671,0,1486188,0,0.1,17.7,Savinho,30.0,2024-07-18,2004-04-10,False,p510281,1760,1,11,8,25,0,0,0,3,0,0,15,442,415.2,682.9,671.0,177.3,21,5.02,6.10,11.12,21.39,0,0,0,0,0,0,0,175,71,40,34,42,25,57,40,6.0,,4.0,,,,0.26,0.0,0.31,0.57,1.09,1.28,79,51,360,171,74,34,139,47,1.07,0.41,43,0,,13,0,Man City,0,0,3,MCI,4,,False,0,1220,1270,1160,1170,1280,1370,11,3,Midfielders,MID,Midfielder,MID,5,,,2,5,False,[],347
True,False,100.0,100.0,493105,0,0,-6,6,2,3,4.0,3.5,0,Alejandro,3.5,372,False,,2024-10-07T15:30:06.108745Z,59,493105.jpg,2.9,False,Garnacho,4.7,False,,a,14,1,106,1273615,0,2554030,0,0.6,18.0,Garnacho,10.0,2022-04-15,2004-07-01,False,p493105,2188,6,4,5,36,0,0,0,3,0,0,7,370,454.0,532.2,904.0,188.3,23,7.40,2.76,10.16,35.43,0,0,0,0,0,0,0,159,61,66,53,17,9,42,32,,,,,,,0.3,0.0,0.11,0.41,1.46,1.48,86,56,99,41,157,69,78,22,0.95,0.21,1,0,,14,0,Man Utd,0,0,15,MUN,3,,False,0,1095,1135,1120,1130,1070,1140,12,3,Midfielders,MID,Midfielder,MID,5,,,2,5,False,[],347
True,False,100.0,100.0,432422,0,0,0,0,3,3,5.0,4.7,2,Sandro,4.2,417,False,,2024-07-17T13:30:05.060878Z,55,432422.jpg,2.9,False,Tonali,0.9,False,,a,15,4,106,199691,0,131918,0,0.8,19.3,Tonali,106.0,2023-07-03,2000-05-08,False,p432422,2625,4,2,11,34,0,0,0,5,0,0,10,536,539.4,496.3,299.0,133.5,28,4.46,2.77,7.23,33.18,0,0,0,0,0,0,0,124,46,78,60,115,77,93,60,4.0,,4.0,,,,0.15,0.0,0.09,0.24,1.14,1.17,114,71,56,20,155,68,220,70,0.96,0.38,4,0,,15,0,Newcastle,0,0,5,NEW,4,,False,0,1220,1255,1150,1170,1290,1340,23,3,Midfielders,MID,Midfielder,MID,5,,,2,5,False,[],347
True,False,100.0,100.0,460842,0,0,-3,3,0,3,4.5,4.5,7,Mohammed,4.0,525,False,,2025-04-02T19:00:08.867939Z,62,460842.jpg,3.3,False,Kudus,2.6,False,,a,19,21,106,474364,0,1072148,0,0.6,17.1,Kudus,81.0,2023-08-27,2000-08-02,False,p460842,2589,5,4,7,46,0,0,0,2,1,0,5,373,471.6,552.5,752.0,177.5,31,6.97,2.67,9.64,43.46,0,0,0,0,0,0,0,152,57,65,52,30,18,56,39,,,,,,,0.24,0.0,0.09,0.33,1.51,1.6,66,39,69,26,120,55,119,39,1.08,0.24,21,0,,19,0,West Ham,0,0,14,WHU,3,,False,0,1090,1100,1090,1090,1090,1110,25,3,Midfielders,MID,Midfielder,MID,5,,,2,5,False,[],347
True,False,100.0,100.0,209244,0,0,-4,4,2,3,1.8,1.7,1,Phil,1.2,348,False,,2025-04-12T06:30:08.213792Z,91,209244.jpg,3.8,False,Foden,4.6,False,,a,13,43,105,1832067,0,3152061,0,0.1,11.5,Foden,241.0,2016-12-05,2000-05-28,False,p209244,1771,7,3,6,24,0,0,0,2,0,0,10,454,448.0,749.0,449.0,164.2,20,5.17,5.33,10.49,29.11,0,0,0,0,0,0,0,161,63,28,24,71,45,61,42,3.0,,,,,,0.26,0.0,0.27,0.53,1.48,1.22,9,6,265,127,67,33,82,24,1.02,0.3,43,0,,13,0,Man City,0,0,3,MCI,4,,False,0,1220,1270,1160,1170,1280,1370,11,3,Midfielders,MID,Midfielder,MID,5,,,2,5,False,[],347
True,False,100.0,75.0,219168,0,0,9,-9,6,4,3.5,2.8,2,Alexander,3.2,401,True,,2025-05-18T20:30:07.718991Z,94,219168.jpg,6.2,False,Isak,49.4,False,,a,15,4,211,9425692,0,9878367,0,0.3,22.4,Isak,206.0,2022-08-26,1999-09-21,False,p219168,2758,23,6,12,41,0,0,0,1,0,0,36,848,1043.0,573.1,1320.0,292.7,34,20.33,3.59,23.92,36.85,0,0,0,0,0,0,0,6,1,61,2,3,2,5,1,,,3.0,,2.0,,0.66,0.0,0.12,0.78,1.2,1.34,7,2,116,13,3,1,2,1,1.11,0.39,4,0,,15,0,Newcastle,0,0,5,NEW,4,,False,0,1220,1255,1150,1170,1290,1340,23,4,Forwards,FWD,Forward,FWD,3,,,1,3,False,[],87
True,False,100.0,100.0,60689,0,0,12,-12,5,4,4.0,3.7,2,Chris,3.2,447,True,,2025-03-24T12:00:09.547312Z,72,60689.jpg,5.6,False,Wood,30.8,False,,a,16,17,200,9787822,0,7112226,0,0.4,27.8,Wood,154.0,2023-07-01,1991-12-07,False,p60689,2958,20,3,15,37,0,0,0,1,0,0,41,744,838.4,320.0,900.0,205.6,35,13.42,1.59,15.01,40.64,0,0,0,0,0,0,0,25,5,131,14,18,9,28,6,,,,,1.0,,0.41,0.0,0.05,0.46,1.24,1.13,23,10,114,11,7,3,7,2,1.06,0.46,17,0,,16,0,Nott'm Forest,0,0,7,NFO,4,,False,0,1220,1290,1190,1330,1250,1250,15,4,Forwards,FWD,Forward,FWD,3,,,1,3,False,[],87
True,False,100.0,100.0,178301,0,0,2,-2,6,4,5.3,4.5,2,Ollie,4.5,58,True,,2025-03-19T15:30:06.831986Z,92,178301.jpg,4.9,False,Watkins,29.0,False,,a,2,7,186,6498525,0,6903884,0,0.5,20.2,Watkins,241.0,2020-09-09,1995-12-30,False,p178301,2593,16,8,10,40,0,0,0,2,0,0,32,631,766.0,345.2,1148.0,223.8,31,15.12,2.07,17.19,38.62,0,0,0,0,0,0,0,40,6,118,10,6,4,15,5,,,,,1.0,,0.52,0.0,0.07,0.59,1.34,1.39,8,3,51,7,13,6,8,3,1.08,0.35,7,0,,2,0,Aston Villa,0,0,6,AVL,3,,False,0,1145,1240,1130,1180,1160,1300,2,4,Forwards,FWD,Forward,FWD,3,,,1,3,False,[],87
True,False,100.0,100.0,216646,0,0,9,-9,5,4,6.2,5.2,1,Yoane,5.2,110,False,,2024-11-13T14:30:07.614563Z,69,216646.jpg,5.3,False,Wissa,24.2,False,,a,4,94,185,6186462,0,3862721,0,0.8,26.8,Wissa,50.0,2021-08-10,1996-09-03,False,p216646,2921,18,6,9,45,0,0,0,5,0,0,32,739,849.4,400.0,1181.0,242.4,34,18.58,2.20,20.77,45.12,0,0,0,0,0,0,0,22,4,102,6,5,3,12,4,,,,,4.0,,0.57,0.0,0.07,0.64,1.39,1.39,32,16,38,3,9,5,12,4,1.05,0.28,94,0,,4,0,Brentford,0,0,10,BRE,3,,False,0,1130,1180,1100,1100,1160,1260,130,4,Forwards,FWD,Forward,FWD,3,,,1,3,False,[],87
True,False,100.0,100.0,223094,0,0,-1,1,5,4,1.8,3.0,6,Erling,2.5,351,False,,2025-03-30T21:00:08.779885Z,149,223094.jpg,5.8,False,Haaland,24.0,False,,a,13,43,181,4294318,0,7443687,0,0.2,12.1,Haaland,161.0,2022-07-01,2000-07-21,False,p223094,2736,22,3,10,38,0,0,1,2,0,0,26,795,946.0,359.4,1511.0,281.8,31,21.90,2.04,23.94,41.27,0,0,0,0,0,0,0,11,2,114,9,2,1,6,2,,,3.0,,1.0,,0.72,0.0,0.07,0.79,1.36,1.25,1,1,165,16,5,2,13,5,1.02,0.33,43,0,,13,0,Man City,0,0,3,MCI,4,,False,0,1220,1270,1160,1170,1280,1370,11,4,Forwards,FWD,Forward,FWD,3,,,1,3,False,[],87
True,False,100.0,100.0,430871,0,0,5,-5,4,4,4.5,1.2,2,Matheus,1.2,541,False,,2025-03-01T21:30:10.092930Z,70,430871.jpg,5.4,False,Santos Carneiro Da Cunha,13.6,False,,a,20,39,178,7151160,0,5977266,0,0.2,25.4,Cunha,30.0,2023-07-01,1999-05-27,False,p430871,2596,15,7,7,54,0,0,0,4,0,0,41,838,936.2,847.8,940.0,272.2,29,8.73,5.29,14.02,44.53,0,0,0,0,0,0,0,13,3,16,1,15,8,7,3,1.0,,3.0,,3.0,,0.3,0.0,0.18,0.48,1.54,1.87,28,12,264,24,8,4,30,7,1.01,0.24,39,0,,20,0,Wolves,0,0,16,WOL,3,,False,0,1125,1145,1100,1120,1150,1170,38,4,Forwards,FWD,Forward,FWD,3,,,1,3,False,[],87
True,False,100.0,100.0,231747,0,0,0,0,3,4,0.3,0.5,2,Jean-Philippe,1.5,207,False,,2025-03-01T21:30:09.404720Z,75,231747.jpg,4.1,False,Mateta,8.3,False,,a,7,31,150,4153805,0,3894652,0,0.2,20.0,Mateta,73.0,2022-01-31,1997-06-28,False,p231747,2642,14,2,9,37,0,0,0,2,0,0,27,576,671.6,405.4,800.0,187.3,33,13.77,2.28,16.05,37.94,0,0,0,0,0,0,0,69,7,100,5,24,11,45,9,,,,,1.0,,0.47,0.0,0.08,0.55,1.29,1.26,16,6,243,22,41,13,47,10,1.12,0.31,31,0,,7,0,Crystal Palace,0,0,12,CRY,3,,False,0,1150,1155,1140,1140,1160,1170,6,4,Forwards,FWD,Forward,FWD,3,,,1,3,False,[],87
True,False,,,102057,0,0,-2,2,3,4,4.7,5.0,2,Raúl,5.5,252,False,,,53,102057.jpg,3.9,False,Jiménez,5.0,False,,a,9,54,147,3582710,0,3157881,0,1.0,27.7,Raúl,139.0,2023-07-25,1991-05-05,False,p102057,2486,12,3,7,37,0,0,0,4,0,0,26,539,612.8,372.2,1018.0,199.7,30,11.97,2.07,14.04,33.49,0,0,0,0,0,0,0,94,9,112,7,10,5,31,7,,,,,2.0,,0.43,0.0,0.07,0.5,1.21,1.34,142,39,31,1,53,16,76,16,1.09,0.25,54,0,,9,0,Fulham,0,0,11,FUL,3,,False,0,1155,1155,1150,1150,1160,1160,34,4,Forwards,FWD,Forward,FWD,3,,,1,3,False,[],87
True,False,100.0,50.0,247412,0,0,-3,3,3,4,2.2,2.0,4,Jørgen,4.0,566,False,,2025-05-23T14:00:08.849362Z,52,247412.jpg,4.1,False,Strand Larsen,2.6,False,,a,20,39,145,1772766,0,1531082,0,0.8,27.9,Strand Larsen,161.0,2024-07-02,2000-02-06,False,p247412,2587,14,4,7,52,0,0,0,4,0,0,17,570,646.8,303.4,848.0,179.5,30,10.14,1.00,11.14,43.94,0,0,0,0,0,0,0,75,8,143,15,22,10,54,11,,,,,,,0.35,0.0,0.03,0.38,1.53,1.81,172,42,66,8,37,11,120,20,1.04,0.24,39,0,,20,0,Wolves,0,0,16,WOL,3,,False,0,1125,1145,1100,1120,1150,1170,38,4,Forwards,FWD,Forward,FWD,3,,,1,3,False,[],87
True,False,100.0,100.0,463034,0,0,1,-1,2,4,0.7,0.5,0,Liam,1.0,268,False,,2025-04-12T05:30:06.621186Z,56,463034.jpg,3.6,False,Delap,3.3,False,,a,10,40,132,1775209,0,1506229,0,0.2,23.6,Delap,241.0,2024-07-13,2003-02-08,False,p463034,2587,12,2,3,58,0,0,0,12,0,0,22,472,513.0,290.5,783.0,157.5,32,9.44,1.38,10.82,53.60,0,0,0,0,0,0,0,137,15,152,16,26,12,66,14,,,,,,,0.33,0.0,0.05,0.38,1.86,2.02,102,27,290,29,83,18,107,19,1.11,0.1,40,0,,10,0,Ipswich,0,0,19,IPS,2,,False,0,1065,1065,1040,1040,1090,1090,8,4,Forwards,FWD,Forward,FWD,3,,,1,3,False,[],87
True,False,100.0,100.0,444102,0,0,-1,1,2,4,3.5,3.5,2,Francisco Evanilson,3.0,617,False,,2025-04-27T22:30:08.577290Z,59,444102.jpg,4.1,False,de Lima Barbosa,8.5,False,,a,3,91,128,2362311,0,1424881,0,0.5,21.7,Evanilson,30.0,2024-08-16,1999-10-06,False,p444102,2317,10,5,11,30,0,0,1,1,1,0,20,487,456.0,331.9,966.0,174.8,28,12.47,1.74,14.21,26.78,0,0,0,0,0,0,0,158,19,125,11,13,7,58,12,,,,,2.0,,0.48,0.0,0.07,0.55,1.04,1.17,85,24,135,15,39,12,44,8,1.09,0.43,91,0,,3,0,Bournemouth,0,0,9,BOU,3,,False,0,1170,1200,1120,1180,1220,1220,127,4,Forwards,FWD,Forward,FWD,3,,,1,3,False,[],87
True,False,100.0,0.0,101668,0,0,-1,1,2,4,0.0,0.0,0,Jamie,5.5,306,False,,2025-05-23T14:00:08.612311Z,54,101668.jpg,3.7,False,Vardy,5.2,False,,a,11,13,128,2836717,0,2699707,0,1.0,23.7,Vardy,241.0,2012-07-01,1987-01-11,False,p101668,2825,9,5,4,68,0,0,1,5,0,0,18,464,490.8,270.8,742.0,150.0,35,11.23,2.55,13.78,63.10,0,0,0,0,0,0,0,148,17,160,17,31,13,74,16,,,,,1.0,,0.36,0.0,0.08,0.44,2.01,2.17,124,34,33,2,71,17,71,15,1.12,0.13,13,0,,11,0,Leicester,0,0,18,LEI,2,,False,0,975,975,1000,1020,990,990,26,4,Forwards,FWD,Forward,FWD,3,,,1,3,False,[],87
True,False,100.0,100.0,243298,0,0,-3,3,2,4,6.0,6.0,7,Cody,5.0,321,False,,2025-03-06T00:00:09.307224Z,72,243298.jpg,3.6,False,Gakpo,5.4,False,,a,12,14,127,3485522,0,3400551,0,0.7,17.6,Gakpo,152.0,2023-01-01,1999-05-07,False,p243298,1921,10,5,5,25,0,0,0,5,0,0,22,572,597.0,517.7,686.0,180.3,23,7.12,3.76,10.87,21.51,0,0,0,0,0,0,0,102,11,71,3,40,16,52,10,,,,,,,0.33,0.0,0.18,0.51,1.01,1.17,26,11,44,4,86,19,69,14,1.08,0.23,14,0,,12,0,Liverpool,0,0,1,LIV,5,,False,0,1350,1370,1320,1360,1380,1380,10,4,Forwards,FWD,Forward,FWD,3,,,1,3,False,[],87
True,False,100.0,0.0,475168,0,0,0,0,5,4,0.0,0.0,0,João Pedro,0.0,129,False,,2025-05-23T14:00:08.373379Z,55,475168.jpg,4.7,False,Junqueira de Jesus,8.5,False,,a,5,36,126,5847214,0,6858157,0,0.0,22.9,João Pedro,30.0,2023-06-14,2001-09-26,False,p475168,1946,10,6,6,28,0,0,0,4,1,0,26,516,567.0,456.0,644.0,166.0,23,8.96,3.10,12.06,25.51,0,0,0,0,0,0,0,113,12,85,4,45,19,60,13,,,,,1.0,,0.41,0.0,0.14,0.55,1.18,1.29,119,32,782,80,15,7,45,9,1.06,0.28,36,0,,5,0,Brighton,0,0,8,BHA,3,,False,0,1140,1165,1090,1140,1190,1190,131,4,Forwards,FWD,Forward,FWD,3,,,1,3,False,[],87
True,False,100.0,100.0,50175,0,0,0,0,1,4,4.2,3.8,0,Danny,3.8,148,False,,2025-02-22T21:30:09.255845Z,55,50175.jpg,4.2,False,Welbeck,6.9,False,,a,5,36,125,4226056,0,3901262,0,0.7,22.7,Welbeck,241.0,2020-10-18,1990-11-26,False,p50175,2109,10,5,7,37,0,0,0,5,0,0,21,484,550.2,331.3,676.0,155.8,24,9.58,1.36,10.94,37.40,0,0,0,0,0,0,0,119,13,126,12,41,17,68,15,,,1.0,,3.0,,0.41,0.0,0.06,0.47,1.6,1.58,103,28,84,9,33,9,56,11,1.02,0.3,36,0,,5,0,Brighton,0,0,8,BHA,3,,False,0,1140,1165,1090,1140,1190,1190,131,4,Forwards,FWD,Forward,FWD,3,,,1,3,False,[],87
True,False,0.0,0.0,517052,0,0,2,-2,2,4,0.0,0.0,0,Nicolas,0.0,180,False,Suspended until 23 Aug,2025-05-11T23:00:08.902523Z,77,517052.jpg,4.0,False,Jackson,6.2,False,,s,6,8,121,5372437,0,5139743,0,0.0,15.7,N.Jackson,189.0,2023-07-01,2001-06-20,False,p517052,2220,10,6,11,24,0,0,0,7,1,0,17,417,546.4,368.3,976.0,187.4,28,11.68,1.90,13.58,28.47,0,0,0,0,0,0,0,121,14,113,8,12,6,44,8,,,,,,,0.47,0.0,0.08,0.55,1.15,0.97,15,5,802,87,49,15,60,12,1.14,0.45,8,0,,6,0,Chelsea,0,0,4,CHE,3,,False,0,1155,1235,1120,1170,1190,1300,4,4,Forwards,FWD,Forward,FWD,3,,,1,3,False,[],87
True,False,100.0,100.0,440993,0,0,-3,3,3,4,3.7,4.0,2,Iliman,4.5,232,False,,2025-02-12T22:30:09.619740Z,52,440993.jpg,3.5,False,Ndiaye,1.1,False,,a,8,11,114,1109282,0,1023439,0,0.9,21.9,Ndiaye,189.0,2024-07-03,2000-03-06,False,p440993,2426,9,0,15,24,0,0,0,3,0,0,21,552,598.0,326.4,493.0,142.0,29,6.23,1.36,7.59,29.01,0,0,0,0,0,0,0,101,10,128,13,65,22,86,19,,,,,,,0.23,0.0,0.05,0.28,1.08,0.89,173,43,50,6,92,20,193,28,1.08,0.56,11,0,,8,0,Everton,0,0,13,EVE,3,,False,0,1120,1145,1160,1160,1080,1130,7,4,Forwards,FWD,Forward,FWD,3,,,1,3,False,[],87
True,False,100.0,100.0,154566,0,0,-2,2,1,4,1.8,2.0,7,Dominic,2.0,82,False,,2025-05-01T23:00:07.858271Z,73,154566.jpg,4.0,False,Solanke-Mitchell,4.7,False,,a,18,6,108,2826385,0,5127407,0,0.3,14.8,Solanke,241.0,2024-08-10,1997-09-14,False,p154566,2199,9,5,4,43,1,0,0,0,0,0,7,404,505.8,199.8,729.0,142.1,25,10.89,1.13,12.02,40.14,0,0,0,0,0,0,0,139,16,210,22,33,14,85,18,,,,,,,0.45,0.0,0.05,0.5,1.64,1.76,22,9,199,19,48,14,81,17,1.02,0.16,6,0,,18,0,Spurs,0,0,17,TOT,3,,False,0,1100,1170,1060,1070,1210,1270,21,4,Forwards,FWD,Forward,FWD,3,,,1,3,False,[],87
True,False,100.0,100.0,219847,0,0,-3,3,1,4,1.5,1.7,1,Kai,0.2,4,False,,2025-02-12T09:00:08.755570Z,77,219847.jpg,4.2,False,Havertz,6.2,False,,a,1,3,97,2644355,0,3530099,0,0.0,12.6,Havertz,80.0,2023-06-28,1999-06-11,False,p219847,1872,9,3,7,20,0,0,0,5,0,0,14,343,467.6,269.0,711.0,144.8,21,9.53,1.65,11.18,19.32,0,0,0,0,0,0,0,155,18,161,18,34,15,81,17,,,,,3.0,,0.46,0.0,0.08,0.54,0.93,0.96,14,4,413,40,36,10,61,13,1.01,0.34,3,0,,1,0,Arsenal,0,0,2,ARS,5,,False,0,1350,1350,1390,1400,1310,1300,1,4,Forwards,FWD,Forward,FWD,3,,,1,3,False,[],87
True,False,,,486385,0,0,-2,2,1,4,4.0,4.0,2,Norberto Bercique,4.5,218,False,,,48,486385.jpg,2.9,False,Gomes Betuncal,3.9,False,,a,8,11,87,1436358,0,1072086,0,0.9,18.1,Beto,90.0,2023-08-29,1998-01-31,False,p486385,1521,8,0,4,24,0,0,0,2,0,0,11,295,373.2,163.9,666.0,119.5,15,7.89,0.44,8.33,18.80,0,0,0,0,0,0,0,197,20,233,24,43,18,116,20,,,,,,,0.47,0.0,0.03,0.5,1.11,1.42,314,61,48,5,151,22,99,18,0.89,0.24,11,0,,8,0,Everton,0,0,13,EVE,3,,False,0,1120,1145,1160,1160,1080,1130,7,4,Forwards,FWD,Forward,FWD,3,,,1,3,False,[],87
True,False,0.0,0.0,244042,0,0,-5,5,1,4,0.0,0.0,0,Rodrigo,0.0,251,False,Achilles injury - Expected back 01 Jun,2025-04-21T04:30:07.731276Z,55,244042.jpg,2.8,False,Muniz Carvalho,1.4,False,,i,9,54,86,857876,0,1390576,0,0.0,15.6,Muniz,30.0,2021-08-20,2001-05-04,False,p244042,943,8,1,2,17,0,0,0,1,0,0,14,349,352.4,95.3,508.0,95.4,8,5.91,0.20,6.11,15.28,0,0,0,0,0,0,0,211,21,306,33,62,21,156,22,,,,,,,0.56,0.0,0.02,0.58,1.46,1.62,113,30,778,78,176,23,170,25,0.76,0.19,54,0,,9,0,Fulham,0,0,11,FUL,3,,False,0,1155,1155,1150,1150,1160,1160,34,4,Forwards,FWD,Forward,FWD,3,,,1,3,False,[],87
True,False,100.0,100.0,497894,0,0,-1,1,0,4,3.2,1.5,2,Rasmus,1.5,375,False,,2024-08-05T15:00:04.427374Z,69,497894.jpg,2.4,False,Højlund,1.0,False,,a,14,1,78,484473,0,491819,0,0.2,11.3,Højlund,58.0,2023-08-05,2003-02-04,False,p497894,1998,4,1,6,31,0,0,0,2,0,0,8,246,187.0,254.7,432.0,86.3,23,5.10,1.14,6.24,30.44,0,0,0,0,0,0,0,326,30,173,19,76,25,183,24,,,,,,,0.23,0.0,0.05,0.28,1.37,1.4,33,17,242,21,233,27,204,34,1.04,0.27,1,0,,14,0,Man Utd,0,0,15,MUN,3,,False,0,1095,1135,1120,1130,1070,1140,12,4,Forwards,FWD,Forward,FWD,3,,,1,3,False,[],87
True,False,,,438234,0,0,4,-4,2,4,4.2,3.7,2,Omar,3.2,755,False,,,74,438234.jpg,4.6,False,Marmoush,22.6,False,,a,13,43,73,5017759,0,2499361,0,0.4,9.9,Marmoush,63.0,2025-01-23,1999-02-07,False,p438234,1174,7,1,8,12,0,0,0,0,0,0,12,326,318.0,246.7,410.0,97.3,14,5.41,1.71,7.12,14.48,0,0,0,0,0,0,0,233,22,179,20,80,26,151,21,,,,,,,0.41,0.0,0.13,0.54,1.11,0.92,20,7,115,12,17,8,14,6,1.07,0.61,43,0,,13,0,Man City,0,0,3,MCI,4,,False,0,1220,1270,1160,1170,1280,1370,11,4,Forwards,FWD,Forward,FWD,3,,,1,3,False,[],87
True,False,100.0,100.0,447203,0,0,-5,5,1,4,2.0,2.0,1,Darwin,1.0,316,False,,2025-01-31T15:00:09.018032Z,70,447203.jpg,2.2,False,Núñez Ribeiro,1.9,False,,a,12,14,66,434512,0,837315,0,0.1,9.4,Darwin,230.0,2022-06-14,1999-06-24,False,p447203,1113,5,3,2,21,0,0,0,8,0,0,6,244,263.8,151.6,404.0,81.2,8,5.76,0.51,6.27,16.85,0,0,0,0,0,0,0,263,24,245,26,84,27,199,27,,,,,3.0,,0.47,0.0,0.04,0.51,1.36,1.7,29,13,293,31,264,31,142,21,0.65,0.16,14,0,,12,0,Liverpool,0,0,1,LIV,5,,False,0,1350,1370,1320,1360,1380,1380,10,4,Forwards,FWD,Forward,FWD,3,,,1,3,False,[],87
True,False,100.0,100.0,458249,0,0,-5,5,1,4,0.0,0.0,0,Joshua,0.0,389,False,,2025-04-14T08:30:08.062326Z,65,458249.jpg,2.0,False,Zirkzee,1.5,False,,a,14,1,64,545068,0,705805,0,0.0,9.8,Zirkzee,152.0,2024-07-17,2001-05-22,False,p458249,1385,3,2,3,24,0,0,0,2,0,0,6,216,222.6,212.0,351.0,78.0,14,4.64,1.04,5.68,24.84,0,0,0,0,0,0,0,284,25,198,21,96,29,207,28,,,,,,,0.3,0.0,0.07,0.37,1.61,1.56,47,21,797,84,306,35,160,24,0.91,0.19,1,0,,14,0,Man Utd,0,0,15,MUN,3,,False,0,1095,1135,1120,1130,1070,1140,12,4,Forwards,FWD,Forward,FWD,3,,,1,3,False,[],87
True,False,100.0,100.0,177815,0,0,-6,6,1,4,0.3,0.5,1,Dominic,1.0,220,False,,2025-01-25T21:00:09.935532Z,54,177815.jpg,2.4,False,Calvert-Lewin,1.0,False,,a,8,11,63,1022531,0,1136648,0,0.2,11.7,Calvert-Lewin,241.0,2016-10-01,1997-03-16,False,p177815,1602,3,2,8,18,0,0,0,2,0,0,3,157,200.2,126.1,573.0,89.2,19,6.53,0.63,7.16,24.83,0,0,0,0,0,0,0,313,27,270,30,53,20,171,23,,,,,1.0,,0.37,0.0,0.04,0.41,1.39,1.01,127,36,289,28,229,26,201,33,1.07,0.45,11,0,,8,0,Everton,0,0,13,EVE,3,,False,0,1120,1145,1160,1160,1080,1130,7,4,Forwards,FWD,Forward,FWD,3,,,1,3,False,[],87
True,False,,,433979,0,0,-2,2,1,4,-0.5,-0.5,1,Cameron,1.0,27,False,,,48,433979.jpg,1.6,False,Archer,1.1,False,,a,17,20,57,554350,0,586667,0,0.2,11.9,Archer,241.0,2024-08-16,2001-12-09,False,p433979,1421,2,0,2,34,0,0,1,0,0,0,4,145,125.2,102.5,376.0,60.0,13,5.71,0.72,6.43,37.31,0,0,0,0,0,0,0,370,35,294,32,89,28,268,30,,,,,2.0,,0.36,0.0,0.05,0.41,2.36,2.15,310,60,280,27,376,40,191,27,0.82,0.13,20,0,,17,0,Southampton,0,0,20,SOU,2,,False,0,975,975,1000,1000,990,990,20,4,Forwards,FWD,Forward,FWD,3,,,1,3,False,[],87
True,False,0.0,0.0,476344,0,0,-3,3,0,4,0.0,0.0,0,Jhon,0.0,38,False,Loaned to Al-Nassr,2025-02-03T10:25:17.104554Z,57,476344.jpg,2.6,False,Durán,1.6,False,,u,2,7,53,1376643,0,1337176,0,0.0,9.3,Duran,48.0,2023-01-23,,False,p476344,622,7,0,2,14,0,0,0,3,1,0,9,222,273.8,68.9,334.0,67.5,4,5.11,0.24,5.35,9.94,0,0,0,0,0,0,0,256,23,337,35,102,30,241,29,,,,,,,0.74,0.0,0.03,0.77,1.44,2.03,99,26,785,81,200,24,156,23,0.58,0.29,7,0,,2,0,Aston Villa,0,0,6,AVL,3,,False,0,1145,1240,1130,1180,1160,1300,2,4,Forwards,FWD,Forward,FWD,3,,,1,3,False,[],87
True,False,100.0,100.0,205533,0,0,-1,1,1,4,3.7,2.8,1,Eddie,3.8,11,False,,2025-04-05T16:30:06.717546Z,59,205533.jpg,1.8,False,Nketiah,0.7,False,,a,7,31,53,332394,0,321499,0,0.6,9.0,Nketiah,241.0,2024-08-30,1999-05-30,False,p205533,1018,3,2,2,17,0,0,0,4,1,0,4,186,192.2,163.7,475.0,82.5,9,5.94,0.83,6.77,14.29,0,0,0,0,0,0,0,320,28,234,25,68,24,194,25,,,,,,,0.53,0.0,0.07,0.6,1.26,1.5,81,23,85,10,343,38,246,41,0.8,0.18,31,0,,7,0,Crystal Palace,0,0,12,CRY,3,,False,0,1150,1155,1140,1140,1160,1170,6,4,Forwards,FWD,Forward,FWD,3,,,1,3,False,[],87
True,False,100.0,100.0,147611,0,0,-1,1,0,4,-1.3,-1.0,1,Paul,0.5,470,False,,2025-04-27T12:00:08.363168Z,49,147611.jpg,2.0,False,Onuachu,0.3,False,,a,17,20,51,92857,0,81869,0,0.1,10.4,Onuachu,157.0,2023-01-31,1994-05-28,False,p147611,1038,4,1,1,26,0,0,0,4,0,0,4,151,219.8,127.3,479.0,81.7,11,3.61,0.26,3.87,24.35,0,0,0,0,0,0,0,289,26,269,29,67,23,197,26,,,,,,,0.31,0.0,0.02,0.33,2.11,2.25,242,52,348,34,300,34,312,50,0.95,0.09,20,0,,17,0,Southampton,0,0,20,SOU,2,,False,0,975,975,1000,1000,990,990,20,4,Forwards,FWD,Forward,FWD,3,,,1,3,False,[],87
True,False,100.0,100.0,222625,0,0,-1,1,1,4,1.5,1.7,2,George,2.2,272,False,,2024-11-22T17:00:09.158802Z,54,222625.jpg,1.8,False,Hirst,0.1,False,,a,10,40,46,18444,0,16138,0,0.4,8.5,Hirst,243.0,2023-07-13,1999-02-15,False,p222625,645,3,1,0,16,0,0,0,3,0,0,3,157,146.4,64.5,207.0,41.2,5,2.14,0.24,2.38,15.41,0,0,0,0,0,0,0,356,34,344,37,170,36,318,35,,,,,1.0,,0.3,0.0,0.03,0.33,2.15,2.23,131,37,181,18,342,37,536,72,0.7,0.0,40,0,,10,0,Ipswich,0,0,19,IPS,2,,False,0,1065,1065,1040,1040,1090,1090,8,4,Forwards,FWD,Forward,FWD,3,,,1,3,False,[],87
True,False,0.0,0.0,155511,0,0,-4,4,0,4,0.0,0.0,0,Adam,0.0,453,False,Loaned to West Bromwich Albion,2025-02-05T21:03:18.824040Z,51,155511.jpg,2.2,False,Armstrong,0.5,False,,u,17,20,45,273688,0,395522,0,0.0,8.8,Armstrong,241.0,2021-08-10,,False,p155511,1246,2,3,2,35,0,0,1,4,0,0,2,145,154.4,143.7,262.0,56.0,15,3.28,0.56,3.84,33.47,0,0,0,0,0,0,0,348,32,256,27,131,31,275,32,,,,,1.0,,0.24,0.0,0.04,0.28,2.42,2.53,181,44,758,72,261,30,261,44,1.08,0.14,20,0,,17,0,Southampton,0,0,20,SOU,2,,False,0,975,975,1000,1000,990,990,20,4,Forwards,FWD,Forward,FWD,3,,,1,3,False,[],87
True,False,0.0,0.0,205651,0,0,-5,5,2,4,0.0,0.0,0,Gabriel,0.0,2,False,Knee injury - Expected back 01 Jun,2025-01-12T22:00:07.802845Z,65,205651.jpg,2.5,False,Fernando de Jesus,1.0,False,,i,1,3,42,1238437,0,1409940,0,0.0,6.5,G.Jesus,30.0,2022-07-04,1997-04-03,False,p205651,600,3,2,2,5,0,0,0,4,0,0,6,152,154.4,119.5,255.0,52.6,6,3.05,0.52,3.57,5.82,0,0,0,0,0,0,0,349,33,276,31,134,32,287,33,,,,,,,0.46,0.0,0.08,0.54,0.87,0.75,43,20,795,83,216,25,200,32,0.9,0.3,3,0,,1,0,Arsenal,0,0,2,ARS,5,,False,0,1350,1350,1390,1400,1310,1300,1,4,Forwards,FWD,Forward,FWD,3,,,1,3,False,[],87
True,False,0.0,0.0,57531,0,0,-3,3,1,4,0.0,0.0,0,Michail,0.0,512,False,Leg injury - Unknown return date,2024-12-09T17:00:08.418178Z,52,57531.jpg,3.0,False,Antonio,0.8,False,,i,19,21,42,386496,0,484346,0,0.0,8.1,Antonio,107.0,2015-09-01,1990-03-28,False,p57531,834,1,4,4,18,0,0,0,1,0,0,3,111,72.0,139.5,194.0,39.5,11,2.20,0.91,3.11,17.83,0,0,0,0,0,0,0,419,40,260,28,185,37,326,36,,,,,,,0.24,0.0,0.1,0.34,1.92,1.94,159,41,762,74,144,21,225,39,1.19,0.43,21,0,,19,0,West Ham,0,0,14,WHU,3,,False,0,1090,1100,1090,1090,1090,1110,25,4,Forwards,FWD,Forward,FWD,3,,,1,3,False,[],87
True,False,100.0,100.0,91889,0,0,-3,3,0,4,1.7,2.0,2,Niclas,1.5,589,False,,2025-01-11T01:30:09.545595Z,67,91889.jpg,2.3,False,Füllkrug,0.9,False,,a,19,21,42,87781,0,421995,0,0.2,6.3,Füllkrug,80.0,2024-08-05,1993-02-09,False,p91889,783,3,2,2,18,0,0,0,2,0,0,3,152,187.2,173.3,221.0,56.8,6,2.14,0.47,2.61,14.22,0,0,0,0,0,0,0,325,29,228,23,159,34,272,31,,,,,,,0.25,0.0,0.05,0.3,1.63,2.07,36,19,241,20,247,28,222,38,0.69,0.23,21,0,,19,0,West Ham,0,0,14,WHU,3,,False,0,1090,1100,1090,1090,1090,1110,25,4,Forwards,FWD,Forward,FWD,3,,,1,3,False,[],87
True,False,100.0,100.0,212319,0,0,-2,2,0,4,0.8,1.0,1,Richarlison,1.0,497,False,,2025-04-02T14:30:08.597402Z,68,212319.jpg,2.3,False,de Andrade,0.4,False,,a,18,6,35,78286,0,161582,0,0.1,5.1,Richarlison,30.0,2022-07-01,1997-05-10,False,p212319,497,4,1,1,9,0,0,0,2,0,0,0,138,180.8,57.1,243.0,47.4,4,3.71,0.60,4.31,7.29,0,0,0,0,0,0,0,331,31,352,38,141,33,299,34,,,,,2.0,,0.67,0.0,0.11,0.78,1.32,1.63,34,18,292,30,248,29,281,46,0.72,0.18,6,0,,18,0,Spurs,0,0,17,TOT,3,,False,0,1100,1170,1060,1070,1210,1270,21,4,Forwards,FWD,Forward,FWD,3,,,1,3,False,[],87
True,False,100.0,100.0,245419,0,0,-2,2,0,4,0.0,0.5,2,Patson,1.0,289,False,,2024-08-12T14:30:04.636525Z,48,245419.jpg,1.5,False,Daka,0.5,False,,a,11,13,34,233645,0,216761,0,0.2,7.1,Daka,238.0,2021-07-01,1998-10-09,False,p245419,717,1,0,1,16,0,0,0,0,0,0,2,108,86.0,41.7,148.0,27.0,6,1.25,0.06,1.31,17.37,0,0,0,0,0,0,0,409,38,378,42,224,39,373,39,,,,,3.0,,0.16,0.0,0.01,0.17,2.18,2.01,307,58,279,26,385,41,253,43,0.75,0.13,13,0,,11,0,Leicester,0,0,18,LEI,2,,False,0,975,975,1000,1020,990,990,26,4,Forwards,FWD,Forward,FWD,3,,,1,3,False,[],87
True,False,0.0,0.0,168636,0,0,-1,1,0,4,0.0,0.0,0,Enes,0.0,65,False,Knee injury - Expected back 01 Jun,2025-01-09T16:30:08.243030Z,54,168636.jpg,1.9,False,Ünal,0.1,False,,i,3,91,32,47246,0,47831,0,0.0,5.9,Enes Ünal,219.0,2024-07-01,1997-05-10,False,p168636,330,2,1,2,3,0,0,0,2,0,0,4,97,104.0,56.1,207.0,35.9,2,2.73,0.26,2.99,6.38,0,0,0,0,0,0,0,395,36,353,39,169,35,341,37,,,4.0,,,,0.74,0.0,0.07,0.81,1.74,0.82,126,35,770,76,321,36,520,70,0.55,0.55,91,0,,3,0,Bournemouth,0,0,9,BOU,3,,False,0,1170,1200,1120,1180,1220,1220,127,4,Forwards,FWD,Forward,FWD,3,,,1,3,False,[],87
True,False,0.0,0.0,210156,0,0,-5,5,0,4,0.0,0.0,0,Taiwo,0.4,424,False,Abdominal injury - Expected back 01 Jun,2025-05-16T14:00:08.726296Z,55,210156.jpg,1.2,False,Awoniyi,0.3,False,,i,16,17,32,60961,0,127645,0,0.1,5.8,Awoniyi,157.0,2022-06-25,1997-08-12,False,p210156,398,1,0,1,10,0,0,0,0,0,0,0,89,67.0,40.9,118.0,21.9,3,2.15,0.12,2.27,6.65,0,0,0,0,0,0,0,424,41,381,43,255,40,392,41,,,,,,,0.49,0.0,0.03,0.52,1.5,2.26,109,29,365,36,443,48,305,49,0.68,0.23,17,0,,16,0,Nott'm Forest,0,0,7,NFO,4,,False,0,1220,1290,1190,1330,1250,1250,15,4,Forwards,FWD,Forward,FWD,3,,,1,3,False,[],87
True,False,100.0,100.0,84939,0,0,-2,2,0,4,0.5,0.5,0,Danny,0.0,523,False,,2024-12-04T09:30:08.866937Z,48,84939.jpg,2.1,False,Ings,1.2,False,,a,19,21,32,420243,0,441960,0,0.0,6.7,Ings,241.0,2023-01-20,1992-07-23,False,p84939,270,1,3,0,4,0,0,0,0,0,0,4,110,97.0,76.5,159.0,33.4,1,2.25,0.06,2.31,4.89,0,0,0,0,0,0,0,404,37,326,34,211,38,350,38,,,,,,,0.75,0.0,0.02,0.77,1.63,1.33,282,57,707,62,276,32,187,26,0.33,0.0,21,0,,19,0,West Ham,0,0,14,WHU,3,,False,0,1090,1100,1090,1090,1090,1110,25,4,Forwards,FWD,Forward,FWD,3,,,1,3,False,[],87
True,False,100.0,100.0,487117,0,0,0,0,0,4,0.7,0.7,0,Evan,0.2,123,False,,2025-04-19T20:30:07.421417Z,55,487117.jpg,1.3,False,Ferguson,0.3,False,,a,19,21,28,90193,0,86868,0,0.0,5.1,Ferguson,104.0,2025-02-03,2004-10-19,False,p487117,385,1,0,1,9,0,0,0,0,0,0,2,97,80.0,68.5,104.0,25.0,3,1.13,0.66,1.79,6.39,0,0,0,0,0,0,0,416,39,339,36,268,41,378,40,,,5.0,,,,0.26,0.0,0.15,0.41,1.49,2.1,120,33,407,39,427,43,327,52,0.7,0.23,21,0,,19,0,West Ham,0,0,14,WHU,3,,False,0,1090,1100,1090,1090,1090,1110,25,4,Forwards,FWD,Forward,FWD,3,,,1,3,False,[],87
True,False,100.0,100.0,523700,0,0,0,0,0,4,2.7,2.7,1,Daniel,2.2,69,False,,2024-08-31T06:32:40.630710Z,45,523700.jpg,1.2,False,Jebbison,1.1,False,,a,3,91,20,485696,0,572087,0,0.5,4.4,Jebbison,39.0,2024-07-10,2003-08-13,False,p523700,105,1,0,0,2,0,0,0,1,0,0,1,67,58.2,39.1,70.0,16.6,0,1.05,0.12,1.17,2.05,0,0,0,0,0,0,0,433,42,383,44,310,44,412,42,,,,,,,0.9,0.0,0.1,1.0,1.76,1.71,438,70,169,17,437,45,196,31,0.0,0.0,91,0,,3,0,Bournemouth,0,0,9,BOU,3,,False,0,1170,1200,1120,1180,1220,1220,127,4,Forwards,FWD,Forward,FWD,3,,,1,3,False,[],87
True,False,100.0,100.0,230348,0,0,-1,1,1,4,-0.3,1.5,9,Ross,3.0,473,False,,2024-10-05T18:00:07.268831Z,44,230348.jpg,1.7,False,Stewart,1.7,False,,a,17,20,20,863984,0,762190,0,0.7,4.5,Stewart,243.0,2023-09-01,1996-07-11,False,p230348,382,1,0,1,9,0,0,0,1,0,0,3,59,54.4,15.4,96.0,16.3,4,1.15,0.04,1.19,9.55,0,0,0,0,0,0,0,437,43,441,50,279,42,415,43,,,,,,,0.27,0.0,0.01,0.28,2.25,2.12,519,84,121,14,349,39,147,22,0.94,0.24,20,0,,17,0,Southampton,0,0,20,SOU,2,,False,0,975,975,1000,1000,990,990,20,4,Forwards,FWD,Forward,FWD,3,,,1,3,False,[],87
True,False,100.0,100.0,75115,0,0,-1,1,0,4,1.7,1.7,1,Callum,1.2,421,False,,2024-12-12T11:30:08.753948Z,69,75115.jpg,1.1,False,Wilson,0.2,False,,a,15,4,19,39423,0,30840,0,0.2,2.8,Wilson,241.0,2020-09-07,1992-02-27,False,p75115,355,0,0,0,7,0,0,0,1,0,0,0,42,13.0,42.2,71.0,12.1,2,0.36,0.09,0.45,6.07,0,0,0,0,0,0,0,497,49,376,41,308,43,430,44,,,,,1.0,,0.09,0.0,0.02,0.11,1.54,1.77,31,15,263,23,453,50,353,56,0.51,0.0,4,0,,15,0,Newcastle,0,0,5,NEW,4,,False,0,1220,1255,1150,1170,1290,1340,23,4,Forwards,FWD,Forward,FWD,3,,,1,3,False,[],87
True,False,,,538207,0,0,-1,1,0,4,2.3,1.0,1,William,0.5,590,False,,,49,538207.jpg,1.4,False,Osula,0.2,False,,a,15,4,19,29094,0,33291,0,0.1,3.9,Osula,58.0,2024-08-08,2003-08-04,False,p538207,124,1,0,0,3,0,0,0,0,0,0,1,59,42.4,25.1,37.0,10.5,0,0.16,0.05,0.21,3.18,0,0,0,0,0,0,0,447,44,420,48,361,48,443,46,,,,,,,0.12,0.0,0.04,0.16,2.31,2.18,276,55,353,35,414,42,391,63,0.0,0.0,4,0,,15,0,Newcastle,0,0,5,NEW,4,,False,0,1220,1255,1150,1170,1290,1340,23,4,Forwards,FWD,Forward,FWD,3,,,1,3,False,[],87
True,False,100.0,100.0,440323,0,0,-2,2,0,4,-0.5,-0.5,0,Armando,0.0,156,False,,2025-04-19T20:30:07.515553Z,53,440323.jpg,1.2,False,Broja,0.1,False,,a,8,11,12,13420,0,19014,0,0.0,2.3,Broja,2.0,2024-08-30,2001-09-10,False,p440323,327,0,0,2,2,0,0,0,1,0,0,0,23,20.2,53.8,43.0,10.9,4,0.11,0.11,0.22,3.82,0,0,0,0,0,0,0,482,47,358,40,353,47,437,45,,,,,,,0.03,0.0,0.03,0.06,1.05,0.55,153,40,768,75,442,47,522,71,1.1,0.55,11,0,,8,0,Everton,0,0,13,EVE,3,,False,0,1120,1145,1160,1160,1080,1130,7,4,Forwards,FWD,Forward,FWD,3,,,1,3,False,[],87
True,False,100.0,100.0,502500,0,0,-1,1,0,4,0.8,0.8,1,Igor Thiago,0.8,107,False,,2025-04-11T00:30:06.405105Z,59,502500.jpg,1.1,False,Nascimento Rodrigues,0.0,False,,a,4,94,9,4919,0,6322,0,0.1,1.5,Thiago,30.0,2024-07-01,2001-06-26,False,p502500,167,0,0,0,4,0,0,0,0,0,0,0,32,18.2,30.6,12.0,5.8,1,0.13,0.04,0.17,3.54,0,0,0,0,0,0,0,487,48,401,46,430,56,476,50,,,,,,,0.07,0.0,0.02,0.09,1.91,2.16,87,25,317,33,452,49,618,80,0.54,0.0,94,0,,4,0,Brentford,0,0,10,BRE,3,,False,0,1130,1180,1100,1100,1160,1260,130,4,Forwards,FWD,Forward,FWD,3,,,1,3,False,[],87
True,False,0.0,0.0,462387,0,0,-3,3,0,4,0.0,0.0,0,Ali,0.0,260,False,Loaned to Stoke City,2025-01-27T09:58:45.208139Z,47,462387.jpg,0.7,False,Al-Hamadi,0.2,False,,u,10,40,8,61694,0,88018,0,0.0,1.7,Al-Hamadi,103.0,2024-01-29,,False,p462387,125,0,0,0,5,0,0,0,3,0,0,0,15,5.6,25.7,32.0,6.0,0,0.35,0.04,0.39,3.84,0,0,0,0,0,0,0,513,51,417,47,376,49,473,49,,,,,2.0,,0.25,0.0,0.03,0.28,2.76,3.6,332,62,703,60,547,63,350,55,0.0,0.0,40,0,,10,0,Ipswich,0,0,19,IPS,2,,False,0,1065,1065,1040,1040,1090,1090,8,4,Forwards,FWD,Forward,FWD,3,,,1,3,False,[],87
True,False,100.0,100.0,199670,0,0,-4,4,0,4,-0.5,-0.5,0,Odsonne,0.0,198,False,,2025-01-04T19:30:08.259088Z,51,199670.jpg,1.2,False,Edouard,0.2,False,,a,11,13,7,44591,0,102619,0,0.0,1.4,Edouard,73.0,2024-08-30,1998-01-16,False,p199670,141,0,0,0,3,0,0,0,0,0,0,0,14,5.0,25.0,50.0,8.0,1,0.39,0.07,0.46,3.72,0,0,0,0,0,0,0,519,52,421,49,341,45,456,48,,,,,,,0.25,0.0,0.04,0.29,2.37,1.91,184,45,760,73,441,46,360,57,0.64,0.0,13,0,,11,0,Leicester,0,0,18,LEI,2,,False,0,975,975,1000,1020,990,990,26,4,Forwards,FWD,Forward,FWD,3,,,1,3,False,[],87
True,False,,,596047,0,0,0,0,0,4,0.8,0.8,1,Chido,0.8,776,False,,,45,596047.jpg,1.0,False,Obi-Martin,0.2,False,,a,14,1,7,42513,0,23401,0,0.2,1.6,Obi,58.0,2025-02-15,2007-11-29,False,p596047,160,0,0,0,5,0,0,0,1,0,0,0,21,8.2,5.1,46.0,5.4,1,0.66,0.03,0.69,3.70,0,0,0,0,0,0,0,506,50,475,53,349,46,479,51,,,,,,,0.37,0.0,0.02,0.39,2.08,2.81,479,80,307,32,502,56,371,59,0.56,0.0,1,0,,14,0,Man Utd,0,0,15,MUN,3,,False,0,1095,1135,1120,1130,1070,1140,12,4,Forwards,FWD,Forward,FWD,3,,,1,3,False,[],87
