can_transact,can_select,chance_of_playing_next_round,chance_of_playing_this_round,code,cost_change_event,cost_change_event_fall,cost_change_start,cost_change_start_fall,dreamteam_count,element_type,ep_next,ep_this,event_points,first_name,form,id,in_dreamteam,news,news_added,now_cost,photo,points_per_game,removed,second_name,selected_by_percent,special,squad_number,status,team,team_code,total_points,transfers_in,transfers_in_event,transfers_out,transfers_out_event,value_form,value_season,web_name,region,team_join_date,birth_date,has_temporary_code,opta_code,minutes,goals_scored,assists,clean_sheets,goals_conceded,own_goals,penalties_saved,penalties_missed,yellow_cards,red_cards,saves,bonus,bps,influence,creativity,threat,ict_index,starts,expected_goals,expected_assists,expected_goal_involvements,expected_goals_conceded,mng_win,mng_draw,mng_loss,mng_underdog_win,mng_underdog_draw,mng_clean_sheets,mng_goals_scored,influence_rank,influence_rank_type,creativity_rank,creativity_rank_type,threat_rank,threat_rank_type,ict_index_rank,ict_index_rank_type,corners_and_indirect_freekicks_order,corners_and_indirect_freekicks_text,direct_freekicks_order,direct_freekicks_text,penalties_order,penalties_text,expected_goals_per_90,saves_per_90,expected_assists_per_90,expected_goal_involvements_per_90,expected_goals_conceded_per_90,goals_conceded_per_90,now_cost_rank,now_cost_rank_type,form_rank,form_rank_type,points_per_game_rank,points_per_game_rank_type,selected_rank,selected_rank_type,starts_per_90,clean_sheets_per_90,code_team,draw,form_team,id_team,loss,name,played,points,position,short_name,strength,team_division,unavailable,win,strength_overall_home,strength_overall_away,strength_attack_home,strength_attack_away,strength_defence_home,strength_defence_away,pulse_id,id_position,plural_name,plural_name_short,singular_name,singular_name_short,squad_select,squad_min_select,squad_max_select,squad_min_play,squad_max_play,ui_shirt_specific,sub_positions_locked,element_count
True,False,0.0,0.0,438098,0,0,-1,1,0,3,0.0,0.0,0,Fábio,0.0,1,False,Has joined Portuguese side FC Porto on loan for the 2024/25 season,2024-08-29T11:06:25.241953Z,54,438098.jpg,0.0,False,Ferreira Vieira,0.0,False,,u,1,3,0,439,0,2825,0,0.0,0.0,Fábio Vieira,,,,False,p438098,0,0,0,0,0,0,0,0,0,0,0,0,0,0.0,0.0,0.0,0.0,0,0.00,0.00,0.00,0.00,0,0,0,0,0,0,0,795,343,795,343,791,341,795,343,,,,,,,0.0,0.0,0.0,0.0,0.0,0.0,134,82,773,331,794,343,714,295,0.0,0.0,3,0,,1,0,Arsenal,0,0,2,ARS,5,,False,0,1350,1350,1390,1400,1310,1300,1,3,Midfielders,MID,Midfielder,MID,5,,,2,5,False,[],347
True,False,0.0,0.0,205651,0,0,-5,5,2,4,0.0,0.0,0,Gabriel,0.0,2,False,Knee injury - Expected back 01 Jun,2025-01-12T22:00:07.802845Z,65,205651.jpg,2.5,False,Fernando de Jesus,1.0,False,,i,1,3,42,1238437,0,1409940,0,0.0,6.5,G.Jesus,30.0,2022-07-04,1997-04-03,False,p205651,600,3,2,2,5,0,0,0,4,0,0,6,152,154.4,119.5,255.0,52.6,6,3.05,0.52,3.57,5.82,0,0,0,0,0,0,0,349,33,276,31,134,32,287,33,,,,,,,0.46,0.0,0.08,0.54,0.87,0.75,43,20,795,83,216,25,200,32,0.9,0.3,3,0,,1,0,Arsenal,0,0,2,ARS,5,,False,0,1350,1350,1390,1400,1310,1300,1,4,Forwards,FWD,Forward,FWD,3,,,1,3,False,[],87
True,False,0.0,0.0,226597,0,0,1,-1,2,2,0.0,0.0,0,Gabriel,0.0,3,False,Hamstring injury - Expected back 01 Jun,2025-04-01T22:00:07.982867Z,61,226597.jpg,4.2,False,dos Santos Magalhães,12.2,False,,i,1,3,117,5093448,0,5431768,0,0.0,19.2,Gabriel,30.0,2020-09-01,1997-12-19,False,p226597,2363,3,2,10,22,0,0,0,4,0,0,9,459,584.6,208.8,287.0,108.2,28,2.70,1.21,3.91,23.09,0,0,0,0,0,0,0,108,40,202,45,120,11,135,36,,,,,,,0.1,0.0,0.05,0.15,0.88,0.84,70,6,789,266,34,2,34,13,1.07,0.38,3,0,,1,0,Arsenal,0,0,2,ARS,5,,False,0,1350,1350,1390,1400,1310,1300,1,2,Defenders,DEF,Defender,DEF,5,,,3,5,False,[],268
True,False,0.0,0.0,463748,0,0,0,0,0,1,0.0,0.0,0,Karl,0.0,5,False,Loaned to Real Valladolid,2024-08-14T08:31:46.556082Z,40,463748.jpg,0.0,False,Hein,0.0,False,,u,1,3,0,0,0,4643,0,0.0,0.0,Hein,,,,False,p463748,0,0,0,0,0,0,0,0,0,0,0,0,0,0.0,0.0,0.0,0.0,0,0.00,0.00,0.00,0.00,0,0,0,0,0,0,0,612,68,599,57,558,38,612,68,,,,,,,0.0,0.0,0.0,0.0,0.0,0.0,667,53,476,59,619,68,643,71,0.0,0.0,3,0,,1,0,Arsenal,0,0,2,ARS,5,,False,0,1350,1350,1390,1400,1310,1300,1,1,Goalkeepers,GKP,Goalkeeper,GKP,2,,,1,1,True,[12],82
True,False,0.0,0.0,445122,0,0,0,0,2,2,0.0,0.0,0,Jurriën,0.0,6,False,Ankle injury - Expected back 01 Jun,2025-05-16T14:00:08.018204Z,55,445122.jpg,3.8,False,Timber,4.3,False,,i,1,3,114,1963751,0,1640941,0,0.0,20.7,J.Timber,152.0,2023-07-14,2001-06-17,False,p445122,2415,1,3,11,21,0,0,0,7,0,0,9,426,393.0,296.8,254.0,94.2,27,1.23,1.30,2.53,21.09,0,0,0,0,0,0,0,186,69,145,29,135,15,158,41,,,,,,,0.05,0.0,0.05,0.1,0.79,0.78,115,12,779,265,63,8,88,32,1.01,0.41,3,0,,1,0,Arsenal,0,0,2,ARS,5,,False,0,1350,1350,1390,1400,1310,1300,1,2,Defenders,DEF,Defender,DEF,5,,,3,5,False,[],268
True,False,0.0,0.0,462424,0,0,4,-4,3,2,0.0,0.0,0,William,0.8,18,False,Hamstring injury - Expected back 01 Jun,2025-05-18T20:30:07.323616Z,64,462424.jpg,3.7,False,Saliba,25.8,False,,i,1,3,130,4071193,0,5556474,0,0.1,20.3,Saliba,73.0,2019-07-25,2001-03-24,False,p462424,3039,2,0,12,29,0,0,0,2,1,0,14,564,672.6,150.1,116.0,94.2,35,2.42,1.28,3.70,30.32,0,0,0,0,0,0,0,68,27,246,66,257,72,159,42,,,,,,,0.07,0.0,0.04,0.11,0.9,0.86,50,4,321,95,76,12,10,2,1.04,0.36,3,0,,1,0,Arsenal,0,0,2,ARS,5,,False,0,1350,1350,1390,1400,1310,1300,1,2,Defenders,DEF,Defender,DEF,5,,,3,5,False,[],268
True,False,0.0,0.0,223723,0,0,-2,2,0,2,0.0,0.0,0,Tomiyasu,0.0,22,False,Knee injury - Expected back 01 Jun,2024-10-18T16:00:06.930143Z,48,223723.jpg,1.0,False,Takehiro,0.0,False,,i,1,3,1,2219,0,8129,0,0.0,0.2,Tomiyasu,108.0,2021-08-31,1998-11-05,False,p223723,6,0,0,0,0,0,0,0,0,0,0,0,2,0.4,0.3,9.0,1.0,0,0.18,0.00,0.18,0.04,0,0,0,0,0,0,0,547,194,516,190,437,159,525,184,,,,,,,2.7,0.0,0.0,2.7,0.6,0.0,300,37,716,257,516,177,599,207,0.0,0.0,3,0,,1,0,Arsenal,0,0,2,ARS,5,,False,0,1350,1350,1390,1400,1310,1300,1,2,Defenders,DEF,Defender,DEF,5,,,3,5,False,[],268
True,False,0.0,0.0,588793,0,0,0,0,0,2,0.0,0.0,0,Maldini,0.0,657,False,Loaned to Bromley,2025-02-04T10:52:26.271821Z,40,588793.jpg,0.0,False,Kacurri,0.0,False,,u,1,3,0,11257,0,10392,0,0.0,0.0,Kacurri,2.0,2024-09-14,,False,p588793,0,0,0,0,0,0,0,0,0,0,0,0,0,0.0,0.0,0.0,0.0,0,0.00,0.00,0.00,0.00,0,0,0,0,0,0,0,645,239,633,238,594,229,645,239,,,,,,,0.0,0.0,0.0,0.0,0.0,0.0,712,219,516,197,652,238,551,192,0.0,0.0,3,0,,1,0,Arsenal,0,0,2,ARS,5,,False,0,1350,1350,1390,1400,1310,1300,1,2,Defenders,DEF,Defender,DEF,5,,,3,5,False,[],268
True,False,0.0,0.0,491287,0,0,-1,1,0,3,0.0,0.0,0,Enzo,0.0,30,False,Loaned to Valencia CF,2024-08-31T06:33:47.934620Z,49,491287.jpg,0.0,False,Barrenechea,0.0,False,,u,2,7,0,872,0,5339,0,0.0,0.0,Barrenechea,,,,False,p491287,0,0,0,0,0,0,0,0,0,0,0,0,0,0.0,0.0,0.0,0.0,0,0.00,0.00,0.00,0.00,0,0,0,0,0,0,0,779,333,777,333,768,331,779,333,,,,,,,0.0,0.0,0.0,0.0,0.0,0.0,273,175,733,308,779,333,669,274,0.0,0.0,7,0,,2,0,Aston Villa,0,0,6,AVL,3,,False,0,1145,1240,1130,1180,1160,1300,2,3,Midfielders,MID,Midfielder,MID,5,,,2,5,False,[],347
True,False,0.0,0.0,195546,0,0,-4,4,0,3,0.0,0.0,0,Emiliano,0.0,31,False,Loaned to Bayer Leverkusen,2025-02-03T10:22:17.157838Z,51,195546.jpg,0.9,False,Buendía Stati,0.1,False,,u,2,7,11,6966,0,17063,0,0.0,2.2,Buendia,10.0,2021-06-10,,False,p195546,89,0,0,0,2,0,0,0,1,0,0,0,37,16.4,23.2,16.0,5.2,0,0.65,0.03,0.68,2.27,0,0,0,0,0,0,0,488,224,426,221,415,215,482,224,,,3.0,,,,0.66,0.0,0.03,0.69,2.3,2.02,182,108,759,325,533,250,516,192,0.0,0.0,7,0,,2,0,Aston Villa,0,0,6,AVL,3,,False,0,1145,1240,1130,1180,1160,1300,2,3,Midfielders,MID,Midfielder,MID,5,,,2,5,False,[],347
True,False,0.0,0.0,151589,0,0,0,0,0,3,0.0,0.0,0,Leander,0.0,33,False,On loan to Anderlecht for the rest of the season,2024-09-02T10:45:36.198316Z,45,151589.jpg,0.0,False,Dendoncker,0.2,False,,u,2,7,0,18187,0,94027,0,0.0,0.0,Dendoncker,,,,False,p151589,0,0,0,0,0,0,0,0,0,0,0,0,0,0.0,0.0,0.0,0.0,0,0.00,0.00,0.00,0.00,0,0,0,0,0,0,0,690,268,686,268,665,259,690,268,,,,,,,0.0,0.0,0.0,0.0,0.0,0.0,368,232,599,216,695,269,381,124,0.0,0.0,7,0,,2,0,Aston Villa,0,0,6,AVL,3,,False,0,1145,1240,1130,1180,1160,1300,2,3,Midfielders,MID,Midfielder,MID,5,,,2,5,False,[],347
True,False,0.0,0.0,243557,0,0,0,0,0,3,0.0,0.0,0,Moussa,0.0,34,False,Permanent transfer to Al Ittihad,2024-07-26T08:50:40.300928Z,65,243557.jpg,0.0,False,Diaby,0.0,False,,u,2,7,0,0,0,3420,0,0.0,0.0,Diaby,,,,False,p243557,0,0,0,0,0,0,0,0,0,0,0,0,0,0.0,0.0,0.0,0.0,0,0.00,0.00,0.00,0.00,0,0,0,0,0,0,0,802,347,802,347,802,347,802,347,,,,,,,0.0,0.0,0.0,0.0,0.0,0.0,45,23,796,345,801,347,688,280,0.0,0.0,7,0,,2,0,Aston Villa,0,0,6,AVL,3,,False,0,1145,1240,1130,1180,1160,1300,2,3,Midfielders,MID,Midfielder,MID,5,,,2,5,False,[],347
True,False,0.0,0.0,165659,0,0,0,0,0,2,0.0,0.0,0,Diego Carlos,0.0,35,False,loaned to Fenerbahçe,2025-01-03T19:30:08.711012Z,45,165659.jpg,2.1,False,Santos Silva,0.3,False,,u,2,7,21,50956,0,95521,0,0.0,4.7,Diego Carlos,30.0,2022-06-10,,False,p165659,828,0,0,2,15,0,0,0,1,0,0,1,69,150.6,9.2,54.0,21.5,8,0.64,0.08,0.72,11.88,0,0,0,0,0,0,0,350,127,469,163,333,109,394,135,,,,,,,0.07,0.0,0.01,0.08,1.29,1.63,370,57,600,241,269,87,316,122,0.87,0.22,7,0,,2,0,Aston Villa,0,0,6,AVL,3,,False,0,1145,1240,1130,1180,1160,1300,2,2,Defenders,DEF,Defender,DEF,5,,,3,5,False,[],268
True,False,0.0,0.0,461421,0,0,0,0,0,3,0.0,0.0,0,Lewis,0.0,37,False,Permanent transfer to West Bromwich Albion,2024-08-07T08:21:33.016106Z,50,461421.jpg,0.0,False,Dobbin,0.0,False,,u,2,7,0,0,0,298,0,0.0,0.0,Dobbin,,,,False,p461421,0,0,0,0,0,0,0,0,0,0,0,0,0,0.0,0.0,0.0,0.0,0,0.00,0.00,0.00,0.00,0,0,0,0,0,0,0,786,338,785,338,778,336,786,338,,,,,,,0.0,0.0,0.0,0.0,0.0,0.0,221,139,747,319,786,338,788,337,0.0,0.0,7,0,,2,0,Aston Villa,0,0,6,AVL,3,,False,0,1145,1240,1130,1180,1160,1300,2,3,Midfielders,MID,Midfielder,MID,5,,,2,5,False,[],347
True,False,0.0,0.0,476344,0,0,-3,3,0,4,0.0,0.0,0,Jhon,0.0,38,False,Loaned to Al-Nassr,2025-02-03T10:25:17.104554Z,57,476344.jpg,2.6,False,Durán,1.6,False,,u,2,7,53,1376643,0,1337176,0,0.0,9.3,Duran,48.0,2023-01-23,,False,p476344,622,7,0,2,14,0,0,0,3,1,0,9,222,273.8,68.9,334.0,67.5,4,5.11,0.24,5.35,9.94,0,0,0,0,0,0,0,256,23,337,35,102,30,241,29,,,,,,,0.74,0.0,0.03,0.77,1.44,2.03,99,26,785,81,200,24,156,23,0.58,0.29,7,0,,2,0,Aston Villa,0,0,6,AVL,3,,False,0,1145,1240,1130,1180,1160,1300,2,4,Forwards,FWD,Forward,FWD,3,,,1,3,False,[],87
True,False,0.0,0.0,462492,0,0,0,0,0,1,0.0,0.0,0,Joe,0.0,39,False,Loaned to Barnsley,2025-02-03T10:19:41.424678Z,40,462492.jpg,0.0,False,Gauci,0.5,False,,u,2,7,0,63380,0,80126,0,0.0,0.0,Gauci,13.0,2024-02-01,,False,p462492,0,0,0,0,0,0,0,0,0,0,0,0,0,0.0,0.0,0.0,0.0,0,0.00,0.00,0.00,0.00,0,0,0,0,0,0,0,611,67,598,56,557,37,611,67,,,,,,,0.0,0.0,0.0,0.0,0.0,0.0,666,52,475,58,618,67,259,36,0.0,0.0,7,0,,2,0,Aston Villa,0,0,6,AVL,3,,False,0,1145,1240,1130,1180,1160,1300,2,1,Goalkeepers,GKP,Goalkeeper,GKP,2,,,1,1,True,[12],82
True,False,0.0,0.0,469247,0,0,-1,1,0,3,0.0,0.0,0,Samuel,0.0,41,False,Season long loan to Bologna,2024-08-29T11:07:04.555253Z,54,469247.jpg,0.0,False,Iling-Junior,0.0,False,,u,2,7,0,342,0,6767,0,0.0,0.0,Iling Jr,,,,False,p469247,0,0,0,0,0,0,0,0,0,0,0,0,0,0.0,0.0,0.0,0.0,0,0.00,0.00,0.00,0.00,0,0,0,0,0,0,0,796,344,796,344,792,342,796,344,,,,,,,0.0,0.0,0.0,0.0,0.0,0.0,137,85,775,333,795,344,661,271,0.0,0.0,7,0,,2,0,Aston Villa,0,0,6,AVL,3,,False,0,1145,1240,1130,1180,1160,1300,2,3,Midfielders,MID,Midfielder,MID,5,,,2,5,False,[],347
True,False,0.0,0.0,465390,0,0,0,0,0,2,0.0,0.0,0,Kaine,0.0,43,False,Has joined Preston North End for the rest of the season,2024-08-09T11:14:21.895838Z,40,465390.jpg,0.0,False,Kesler-Hayden,0.0,False,,u,2,7,0,0,0,1686,0,0.0,0.0,Kesler-Hayden,,,,False,p465390,0,0,0,0,0,0,0,0,0,0,0,0,0,0.0,0.0,0.0,0.0,0,0.00,0.00,0.00,0.00,0,0,0,0,0,0,0,614,213,601,211,560,200,614,213,,,,,,,0.0,0.0,0.0,0.0,0.0,0.0,669,181,478,164,621,212,727,247,0.0,0.0,7,0,,2,0,Aston Villa,0,0,6,AVL,3,,False,0,1145,1240,1130,1180,1160,1300,2,2,Defenders,DEF,Defender,DEF,5,,,3,5,False,[],268
True,False,0.0,0.0,462381,0,0,0,0,0,1,0.0,0.0,0,Filip,0.0,46,False,Has joined MK Dons for the rest of the season,2024-07-18T09:50:40.812599Z,40,462381.jpg,0.0,False,Marschall,0.0,False,,u,2,7,0,0,0,90,0,0.0,0.0,Marschall,,,,False,p462381,0,0,0,0,0,0,0,0,0,0,0,0,0,0.0,0.0,0.0,0.0,0,0.00,0.00,0.00,0.00,0,0,0,0,0,0,0,610,66,597,55,556,36,610,66,,,,,,,0.0,0.0,0.0,0.0,0.0,0.0,665,51,474,57,617,66,799,81,0.0,0.0,7,0,,2,0,Aston Villa,0,0,6,AVL,3,,False,0,1145,1240,1130,1180,1160,1300,2,1,Goalkeepers,GKP,Goalkeeper,GKP,2,,,1,1,True,[12],82
True,False,0.0,100.0,98980,0,0,0,0,2,1,7.7,5.2,-2,Emiliano,5.2,47,False,Suspended until 23 Aug,2025-05-25T18:00:07.245002Z,50,98980.jpg,3.0,False,Martínez Romero,13.3,False,,s,2,7,111,1948436,0,1972857,0,1.0,22.2,Martinez,10.0,2020-09-16,1992-09-02,False,p98980,3195,0,0,8,47,0,1,0,5,1,100,6,457,839.6,20.0,0.0,86.0,37,0.00,0.02,0.02,44.99,0,0,0,0,0,0,0,24,8,433,9,772,76,184,7,,,,,,,0.0,2.82,0.0,0.0,1.27,1.32,198,9,36,3,143,22,31,4,1.04,0.23,7,0,,2,0,Aston Villa,0,0,6,AVL,3,,False,0,1145,1240,1130,1180,1160,1300,2,1,Goalkeepers,GKP,Goalkeeper,GKP,2,,,1,1,True,[12],82
True,False,0.0,0.0,578545,0,0,-1,1,0,2,0.0,0.0,0,Kosta,0.0,50,False,Loaned to RB Leipzig,2025-02-03T18:30:15.024412Z,39,578545.jpg,1.0,False,Nedeljković,0.5,False,,u,2,7,5,256190,0,261330,0,0.0,1.3,Nedeljkovic,190.0,2024-01-22,,False,p578545,121,0,0,0,4,0,0,0,0,0,0,0,11,22.8,7.2,0.0,3.0,0,0.00,0.02,0.02,2.23,0,0,0,0,0,0,0,475,172,470,164,530,186,494,172,,,,,,,0.0,0.0,0.01,0.01,1.66,2.98,775,260,446,147,462,158,264,103,0.0,0.0,7,0,,2,0,Aston Villa,0,0,6,AVL,3,,False,0,1145,1240,1130,1180,1160,1300,2,2,Defenders,DEF,Defender,DEF,5,,,3,5,False,[],268
True,False,0.0,0.0,248164,0,0,0,0,0,1,0.0,0.0,0,Viljami,0.0,55,False,Permanent transfer to Celtic,2024-07-18T09:43:21.242291Z,40,248164.jpg,0.0,False,Sinisalo,0.0,False,,u,2,7,0,0,0,95,0,0.0,0.0,Sinisalo,,,,False,p248164,0,0,0,0,0,0,0,0,0,0,0,0,0,0.0,0.0,0.0,0.0,0,0.00,0.00,0.00,0.00,0,0,0,0,0,0,0,603,63,588,50,547,31,603,63,,,,,,,0.0,0.0,0.0,0.0,0.0,0.0,656,46,466,53,610,63,801,82,0.0,0.0,7,0,,2,0,Aston Villa,0,0,6,AVL,3,,False,0,1145,1240,1130,1180,1160,1300,2,1,Goalkeepers,GKP,Goalkeeper,GKP,2,,,1,1,True,[12],82
True,False,0.0,0.0,514315,0,0,0,0,0,2,0.0,0.0,0,Lino,0.0,56,False,Loaned to  Bristol Rovers,2024-08-16T11:50:34.812830Z,40,514315.jpg,0.0,False,da Cruz Sousa,0.0,False,,u,2,7,0,0,0,19298,0,0.0,0.0,Sousa,,,,False,p514315,0,0,0,0,0,0,0,0,0,0,0,0,0,0.0,0.0,0.0,0.0,0,0.00,0.00,0.00,0.00,0,0,0,0,0,0,0,626,224,613,222,573,212,626,224,,,,,,,0.0,0.0,0.0,0.0,0.0,0.0,685,196,492,177,633,223,559,194,0.0,0.0,7,0,,2,0,Aston Villa,0,0,6,AVL,3,,False,0,1145,1240,1130,1180,1160,1300,2,2,Defenders,DEF,Defender,DEF,5,,,3,5,False,[],268
True,False,0.0,0.0,514287,0,0,0,0,0,2,0.0,0.0,0,Sil,0.0,640,False,Loaned to Bristol Rovers,2025-02-04T10:52:01.247463Z,40,514287.jpg,0.0,False,Swinkels,0.1,False,,u,2,7,0,8500,0,8378,0,0.0,0.0,Swinkels,152.0,2021-01-07,,False,p514287,0,0,0,0,0,0,0,0,0,0,0,0,0,0.0,0.0,0.0,0.0,0,0.00,0.00,0.00,0.00,0,0,0,0,0,0,0,625,223,612,221,572,211,625,223,,,,,,,0.0,0.0,0.0,0.0,0.0,0.0,684,195,491,176,632,222,527,184,0.0,0.0,7,0,,2,0,Aston Villa,0,0,6,AVL,3,,False,0,1145,1240,1130,1180,1160,1300,2,2,Defenders,DEF,Defender,DEF,5,,,3,5,False,[],268
True,False,0.0,0.0,537403,0,0,-1,1,0,3,0.0,0.0,0,Kadan,0.0,656,False,Loaned to Royal Antwerp,2025-02-28T11:05:51.443216Z,44,537403.jpg,0.0,False,Young,0.2,False,,u,2,7,0,59513,0,52012,0,0.0,0.0,Young,241.0,2022-12-10,2006-01-19,False,p537403,0,0,0,0,0,0,0,0,0,0,0,0,0,0.0,0.0,0.0,0.0,0,0.00,0.00,0.00,0.00,0,0,0,0,0,0,0,680,263,675,263,651,253,680,263,,,,,,,0.0,0.0,0.0,0.0,0.0,0.0,544,326,586,208,686,265,390,132,0.0,0.0,7,0,,2,0,Aston Villa,0,0,6,AVL,3,,False,0,1145,1240,1130,1180,1160,1300,2,3,Midfielders,MID,Midfielder,MID,5,,,2,5,False,[],347
True,False,0.0,0.0,232980,0,0,-2,2,0,2,0.0,0.0,0,Max,0.0,59,False,Season-long loan to Valencia,2025-01-17T08:27:29.985824Z,43,232980.jpg,2.7,False,Aarons,0.1,False,,u,3,91,8,12506,0,29224,0,0.0,1.9,Aarons,241.0,2023-08-10,,False,p232980,84,0,0,1,0,0,0,0,0,0,0,0,31,13.2,3.2,0.0,1.7,1,0.00,0.01,0.01,0.28,0,0,0,0,0,0,0,496,179,484,173,627,249,514,178,,,,,,,0.0,0.0,0.01,0.01,0.3,0.0,580,126,557,227,183,55,448,159,1.07,1.07,91,0,,3,0,Bournemouth,0,0,9,BOU,3,,False,0,1170,1200,1120,1180,1220,1220,127,2,Defenders,DEF,Defender,DEF,5,,,3,5,False,[],268
True,False,0.0,0.0,444180,0,0,0,0,0,3,0.0,0.0,0,Jaidon,0.0,61,False,Season long loan to Burnley,2024-08-30T09:46:29.420148Z,45,444180.jpg,0.0,False,Anthony,0.1,False,,u,3,91,0,8381,0,46624,0,0.0,0.0,Anthony,,,,False,p444180,0,0,0,0,0,0,0,0,0,0,0,0,0,0.0,0.0,0.0,0.0,0,0.00,0.00,0.00,0.00,0,0,0,0,0,0,0,701,274,697,274,678,265,701,274,,,,,,,0.0,0.0,0.0,0.0,0.0,0.0,392,241,614,224,706,275,472,172,0.0,0.0,91,0,,3,0,Bournemouth,0,0,9,BOU,3,,False,0,1170,1200,1120,1180,1220,1220,127,3,Midfielders,MID,Midfielder,MID,5,,,2,5,False,[],347
True,False,0.0,0.0,158499,0,0,-2,2,1,3,0.0,0.0,0,Ryan,0.0,63,False,Groin Injury - Expected back 01 Jun,2025-04-04T12:00:08.386754Z,48,158499.jpg,2.6,False,Christie,0.1,False,,i,3,91,76,50838,0,63311,0,0.0,15.8,Christie,243.0,2021-08-31,1995-02-22,False,p158499,2114,2,3,8,28,0,0,0,9,0,0,5,435,514.0,576.8,303.0,139.6,27,2.14,2.90,5.04,30.17,0,0,0,0,0,0,0,135,53,60,50,110,73,88,58,4.0,,,,,,0.09,0.0,0.12,0.21,1.28,1.19,288,187,710,292,192,79,437,151,1.15,0.34,91,0,,3,0,Bournemouth,0,0,9,BOU,3,,False,0,1170,1200,1120,1180,1220,1220,127,3,Midfielders,MID,Midfielder,MID,5,,,2,5,False,[],347
True,False,0.0,0.0,155408,0,0,0,0,0,3,0.0,0.0,0,Lewis,0.8,64,False,Suspended until 30 Aug,2025-05-21T00:00:07.899357Z,50,155408.jpg,2.3,False,Cook,0.1,False,,s,3,91,82,60667,0,60285,0,0.2,16.4,Cook,241.0,2016-07-08,1997-02-03,False,p155408,2976,1,4,5,44,0,0,0,8,1,0,3,500,607.0,727.1,114.0,144.9,32,0.94,3.76,4.70,45.25,0,0,0,0,0,0,0,96,35,33,29,258,146,80,54,1.0,,2.0,,,,0.03,0.0,0.11,0.14,1.37,1.33,201,122,311,144,242,104,407,140,0.97,0.15,91,0,,3,0,Bournemouth,0,0,9,BOU,3,,False,0,1170,1200,1120,1180,1220,1220,127,3,Midfielders,MID,Midfielder,MID,5,,,2,5,False,[],347
True,False,0.0,0.0,168636,0,0,-1,1,0,4,0.0,0.0,0,Enes,0.0,65,False,Knee injury - Expected back 01 Jun,2025-01-09T16:30:08.243030Z,54,168636.jpg,1.9,False,Ünal,0.1,False,,i,3,91,32,47246,0,47831,0,0.0,5.9,Enes Ünal,219.0,2024-07-01,1997-05-10,False,p168636,330,2,1,2,3,0,0,0,2,0,0,4,97,104.0,56.1,207.0,35.9,2,2.73,0.26,2.99,6.38,0,0,0,0,0,0,0,395,36,353,39,169,35,341,37,,,4.0,,,,0.74,0.0,0.07,0.81,1.74,0.82,126,35,770,76,321,36,520,70,0.55,0.55,91,0,,3,0,Bournemouth,0,0,9,BOU,3,,False,0,1170,1200,1120,1180,1220,1220,127,4,Forwards,FWD,Forward,FWD,3,,,1,3,False,[],87
True,False,0.0,0.0,441240,0,0,0,0,0,3,0.0,0.0,0,Romain,0.0,66,False,Loaned to Brest,2024-08-20T12:15:06.505689Z,50,441240.jpg,0.0,False,Faivre,0.0,False,,u,3,91,0,23,0,1460,0,0.0,0.0,Faivre,,,,False,p441240,0,0,0,0,0,0,0,0,0,0,0,0,0,0.0,0.0,0.0,0.0,0,0.00,0.00,0.00,0.00,0,0,0,0,0,0,0,784,337,783,337,776,335,784,337,,,,,,,0.0,0.0,0.0,0.0,0.0,0.0,218,137,745,318,784,337,746,311,0.0,0.0,91,0,,3,0,Bournemouth,0,0,9,BOU,3,,False,0,1170,1200,1120,1180,1220,1220,127,3,Midfielders,MID,Midfielder,MID,5,,,2,5,False,[],347
True,False,0.0,0.0,424044,0,0,0,0,0,3,0.0,0.0,0,Hamed,0.0,67,False,Season long loan to A.J.Auxerre,2024-08-29T11:07:43.785266Z,45,424044.jpg,0.0,False,Traorè,0.0,False,,u,3,91,0,3525,0,19418,0,0.0,0.0,H.Traorè,,,,False,p424044,0,0,0,0,0,0,0,0,0,0,0,0,0,0.0,0.0,0.0,0.0,0,0.00,0.00,0.00,0.00,0,0,0,0,0,0,0,700,273,696,273,676,264,700,273,,,,,,,0.0,0.0,0.0,0.0,0.0,0.0,388,240,612,223,705,274,566,215,0.0,0.0,91,0,,3,0,Bournemouth,0,0,9,BOU,3,,False,0,1170,1200,1120,1180,1220,1220,127,3,Midfielders,MID,Midfielder,MID,5,,,2,5,False,[],347
True,False,0.0,0.0,223911,0,0,-1,1,0,2,0.0,0.0,0,Chris,0.0,72,False,On loan to Sunderland for the season,2024-09-01T09:10:00.945219Z,44,223911.jpg,0.0,False,Mepham,0.0,False,,u,3,91,0,287,0,6330,0,0.0,0.0,Mepham,,,,False,p223911,0,0,0,0,0,0,0,0,0,0,0,0,0,0.0,0.0,0.0,0.0,0,0.00,0.00,0.00,0.00,0,0,0,0,0,0,0,673,258,667,257,640,255,673,258,,,,,,,0.0,0.0,0.0,0.0,0.0,0.0,514,96,571,235,680,257,639,222,0.0,0.0,91,0,,3,0,Bournemouth,0,0,9,BOU,3,,False,0,1170,1200,1120,1180,1220,1220,127,2,Defenders,DEF,Defender,DEF,5,,,3,5,False,[],268
True,False,0.0,0.0,533463,0,0,-5,5,2,3,0.0,0.0,0,Dango,0.2,74,False,Groin Injury - Expected back 01 Jun,2025-05-08T16:30:08.039133Z,45,533463.jpg,3.5,False,Ouattara,0.9,False,,i,3,91,111,793396,0,704668,0,0.0,24.7,O.Dango,35.0,2023-01-19,2002-02-11,False,p533463,1998,7,4,7,23,0,0,0,3,0,0,7,432,624.6,496.8,754.0,187.2,21,8.42,3.24,11.66,31.96,0,0,0,0,0,0,0,86,32,77,59,29,17,46,34,,,,,,,0.38,0.0,0.15,0.53,1.44,1.04,447,282,391,178,90,41,215,68,0.95,0.32,91,0,,3,0,Bournemouth,0,0,9,BOU,3,,False,0,1170,1200,1120,1180,1220,1220,127,3,Midfielders,MID,Midfielder,MID,5,,,2,5,False,[],347
True,False,0.0,0.0,495145,0,0,0,0,0,1,0.0,0.0,0,Alex,0.0,75,False,Loaned to Auckland FC,2024-08-10T12:14:13.050842Z,40,495145.jpg,0.0,False,Paulsen,0.0,False,,u,3,91,0,0,0,3161,0,0.0,0.0,Paulsen,,,,False,p495145,0,0,0,0,0,0,0,0,0,0,0,0,0,0.0,0.0,0.0,0.0,0,0.00,0.00,0.00,0.00,0,0,0,0,0,0,0,619,70,606,59,565,40,619,70,,,,,,,0.0,0.0,0.0,0.0,0.0,0.0,676,55,484,61,626,70,668,73,0.0,0.0,91,0,,3,0,Bournemouth,0,0,9,BOU,3,,False,0,1170,1200,1120,1180,1220,1220,127,1,Goalkeepers,GKP,Goalkeeper,GKP,2,,,1,1,True,[12],82
True,False,0.0,0.0,168991,0,0,-2,2,0,3,0.0,0.0,0,Philip,0.0,76,False,Season-long loan to Napoli,2025-01-17T08:00:05.376061Z,48,168991.jpg,1.0,False,Billing,0.0,False,,u,3,91,10,6119,0,11274,0,0.0,2.1,Philip,58.0,2019-07-29,,False,p168991,176,0,0,0,4,0,0,0,1,0,0,0,52,54.0,102.4,47.0,20.4,1,0.55,0.97,1.52,3.35,0,0,0,0,0,0,0,438,199,295,175,347,186,397,191,,,3.0,,,,0.28,0.0,0.5,0.78,1.71,2.05,289,188,711,293,515,236,596,232,0.51,0.0,91,0,,3,0,Bournemouth,0,0,9,BOU,3,,False,0,1170,1200,1120,1180,1220,1220,127,3,Midfielders,MID,Midfielder,MID,5,,,2,5,False,[],347
True,False,0.0,0.0,224995,0,0,-2,2,1,3,0.0,0.0,0,Luis,0.0,80,False,Hamstring injury - Expected back 01 Jun,2025-03-15T22:00:08.354423Z,48,224995.jpg,1.9,False,Sinisterra,0.1,False,,i,3,91,23,69200,0,83138,0,0.0,4.8,Sinisterra,48.0,2024-06-14,1999-06-17,False,p224995,229,1,1,0,4,0,0,0,0,0,0,2,90,112.0,115.3,195.0,42.3,1,1.18,1.29,2.47,4.08,0,0,0,0,0,0,0,384,182,280,170,183,115,313,159,,,,,,,0.46,0.0,0.51,0.97,1.6,1.57,301,196,717,297,317,143,457,164,0.39,0.0,91,0,,3,0,Bournemouth,0,0,9,BOU,3,,False,0,1170,1200,1120,1180,1220,1220,127,3,Midfielders,MID,Midfielder,MID,5,,,2,5,False,[],347
True,False,0.0,0.0,229600,0,0,-1,1,0,1,0.0,0.0,0,Mark,0.0,84,False,Loaned to Middlesbrough,2025-02-03T10:20:13.419620Z,44,229600.jpg,3.8,False,Travers,0.1,False,,u,3,91,19,19149,0,28730,0,0.0,4.3,Travers,104.0,2018-07-01,,False,p229600,450,0,0,1,5,0,0,0,0,0,20,1,76,146.4,0.0,0.0,14.6,5,0.00,0.01,0.01,7.36,0,0,0,0,0,0,0,355,33,668,76,642,62,421,33,,,,,,,0.0,4.0,0.0,0.0,1.47,1.0,518,22,572,77,59,10,455,63,1.0,0.2,91,0,,3,0,Bournemouth,0,0,9,BOU,3,,False,0,1170,1200,1120,1180,1220,1220,127,1,Goalkeepers,GKP,Goalkeeper,GKP,2,,,1,1,True,[12],82
True,False,0.0,0.0,183656,0,0,-2,2,0,3,0.0,0.0,0,Josh,0.0,90,False,Knee injury - Expected back 01 Jun,2024-08-12T14:30:04.460316Z,48,183656.jpg,0.0,False,Dasilva,0.0,False,,i,4,94,0,512,0,1162,0,0.0,0.0,Dasilva,241.0,2018-08-21,1998-10-23,False,p183656,0,0,0,0,0,0,0,0,0,0,0,0,0,0.0,0.0,0.0,0.0,0,0.00,0.00,0.00,0.00,0,0,0,0,0,0,0,772,329,769,329,757,325,772,329,,,,,,,0.0,0.0,0.0,0.0,0.0,0.0,290,189,712,294,773,330,752,314,0.0,0.0,94,0,,4,0,Brentford,0,0,10,BRE,3,,False,0,1130,1180,1100,1100,1160,1260,130,3,Midfielders,MID,Midfielder,MID,5,,,2,5,False,[],347
True,False,0.0,0.0,204580,0,0,-2,2,0,3,0.0,0.0,0,Vitaly,0.0,94,False,Heel Injury - Expected back 01 Jun,2025-05-01T00:30:07.901216Z,48,204580.jpg,2.3,False,Janelt,0.2,False,,i,4,94,73,112872,0,118953,0,0.0,15.2,Janelt,80.0,2020-10-03,1998-05-10,False,p204580,2251,1,3,6,38,2,0,0,3,0,0,2,384,356.6,284.2,131.0,77.2,27,0.83,2.38,3.21,37.37,0,0,0,0,0,0,0,206,90,155,108,239,137,209,108,,,,,,,0.03,0.0,0.1,0.13,1.49,1.52,293,191,713,295,239,102,394,133,1.08,0.24,94,0,,4,0,Brentford,0,0,10,BRE,3,,False,0,1130,1180,1100,1100,1160,1260,130,3,Midfielders,MID,Midfielder,MID,5,,,2,5,False,[],347
True,False,0.0,0.0,428580,0,0,-1,1,0,3,0.0,0.0,0,Frank,0.0,102,False,Loaned to FC Augsburg,2024-08-31T06:32:02.183747Z,49,428580.jpg,1.0,False,Onyeka,0.0,False,,u,4,94,2,648,0,3965,0,0.0,0.4,Onyeka,,,,False,p428580,23,0,0,0,0,0,0,0,0,0,0,0,3,0.0,0.5,0.0,0.0,0,0.00,0.02,0.02,0.69,0,0,0,0,0,0,0,778,332,505,247,766,329,778,332,,,,,,,0.0,0.0,0.08,0.08,2.7,0.0,261,167,730,305,520,240,697,282,0.0,0.0,94,0,,4,0,Brentford,0,0,10,BRE,3,,False,0,1130,1180,1100,1100,1160,1260,130,3,Midfielders,MID,Midfielder,MID,5,,,2,5,False,[],347
True,False,0.0,0.0,450539,0,0,0,0,0,3,0.0,0.0,0,Myles,0.0,103,False,Loaned to Swansea City,2024-08-31T06:31:19.312069Z,45,450539.jpg,0.0,False,Peart-Harris,0.0,False,,u,4,94,0,913,0,4730,0,0.0,0.0,Peart-Harris,,,,False,p450539,0,0,0,0,0,0,0,0,0,0,0,0,0,0.0,0.0,0.0,0.0,0,0.00,0.00,0.00,0.00,0,0,0,0,0,0,0,703,276,699,276,680,267,703,276,,,,,,,0.0,0.0,0.0,0.0,0.0,0.0,394,243,616,226,708,277,694,281,0.0,0.0,94,0,,4,0,Brentford,0,0,10,BRE,3,,False,0,1130,1180,1100,1100,1160,1260,130,3,Midfielders,MID,Midfielder,MID,5,,,2,5,False,[],347
True,False,0.0,0.0,226956,0,0,-2,2,0,2,0.0,0.0,0,Mads,0.0,105,False,Loaned to VfL Wolfsburg,2025-01-30T11:40:19.558849Z,43,226956.jpg,1.9,False,Roerslev Rasmussen,0.1,False,,u,4,94,36,18746,0,24856,0,0.0,8.4,Roerslev,58.0,2019-10-27,,False,p226956,1100,0,2,2,20,0,0,0,2,0,0,0,125,214.4,185.8,78.0,48.0,11,0.20,2.09,2.29,21.52,0,0,0,0,0,0,0,296,107,218,51,299,90,295,92,,,,,,,0.02,0.0,0.17,0.19,1.76,1.64,578,124,556,226,311,101,507,180,0.9,0.16,94,0,,4,0,Brentford,0,0,10,BRE,3,,False,0,1130,1180,1100,1100,1160,1260,130,2,Defenders,DEF,Defender,DEF,5,,,3,5,False,[],268
True,False,0.0,0.0,144485,0,0,-2,2,0,4,0.0,0.0,0,Ivan,0.0,108,False,Transferred to Al-Ahli,2024-08-31T06:41:10.704245Z,73,144485.jpg,0.0,False,Toney,1.1,False,,u,4,94,0,43376,0,805864,0,0.0,0.0,Toney,,,,False,p144485,0,0,0,0,0,0,0,0,0,0,0,0,0,0.0,0.0,0.0,0.0,0,0.00,0.00,0.00,0.00,0,0,0,0,0,0,0,804,87,804,87,804,87,804,87,,,,,,,0.0,0.0,0.0,0.0,0.0,0.0,21,8,800,86,803,87,195,30,0.0,0.0,94,0,,4,0,Brentford,0,0,10,BRE,3,,False,0,1130,1180,1100,1100,1160,1260,130,4,Forwards,FWD,Forward,FWD,3,,,1,3,False,[],87
True,False,0.0,0.0,48760,0,0,0,0,0,2,0.0,0.0,0,Mathias,0.0,112,False,Joined Anderlecht,2024-08-16T11:51:35.999618Z,45,48760.jpg,0.0,False,Jorgensen,0.0,False,,u,4,94,0,0,0,4144,0,0.0,0.0,Zanka,,,,False,p48760,0,0,0,0,0,0,0,0,0,0,0,0,0,0.0,0.0,0.0,0.0,0,0.00,0.00,0.00,0.00,0,0,0,0,0,0,0,686,259,681,258,658,256,686,259,,,,,,,0.0,0.0,0.0,0.0,0.0,0.0,361,54,595,238,691,258,710,242,0.0,0.0,94,0,,4,0,Brentford,0,0,10,BRE,3,,False,0,1130,1180,1100,1100,1160,1260,130,2,Defenders,DEF,Defender,DEF,5,,,3,5,False,[],268
True,False,0.0,0.0,244858,0,0,-5,5,0,3,0.0,0.0,0,Fábio,0.0,314,False,Shoulder injury - Expected back 01 Jun,2025-03-08T21:00:09.439679Z,45,244858.jpg,1.8,False,Freitas Gouveia Carvalho,0.4,False,,i,4,94,35,187015,0,293210,0,0.0,7.8,Carvalho,173.0,2024-08-12,2002-08-30,False,p244858,443,2,1,0,14,0,0,0,1,0,0,1,127,142.2,71.5,154.0,36.3,3,2.49,0.54,3.03,11.46,0,0,0,0,0,0,0,358,163,333,192,219,128,338,168,4.0,,,,,,0.51,0.0,0.11,0.62,2.33,2.84,384,236,608,219,331,151,288,89,0.61,0.0,94,0,,4,0,Brentford,0,0,10,BRE,3,,False,0,1130,1180,1100,1100,1160,1260,130,3,Midfielders,MID,Midfielder,MID,5,,,2,5,False,[],347
True,False,0.0,0.0,591357,0,0,-1,1,0,3,0.0,0.0,0,Ryan,0.0,602,False,Loaned to Exeter City,2025-02-03T18:30:41.509945Z,44,591357.jpg,1.0,False,Trevitt,0.0,False,,u,4,94,1,9155,0,10397,0,0.0,0.2,Trevitt,241.0,2024-01-08,,False,p591357,3,0,0,0,0,0,0,0,0,0,0,0,5,2.6,0.1,0.0,0.3,0,0.00,0.00,0.00,0.00,0,0,0,0,0,0,0,535,247,527,255,656,257,540,249,,,,,,,0.0,0.0,0.0,0.0,0.0,0.0,553,334,592,213,489,220,563,213,0.0,0.0,94,0,,4,0,Brentford,0,0,10,BRE,3,,False,0,1130,1180,1100,1100,1160,1260,130,3,Midfielders,MID,Midfielder,MID,5,,,2,5,False,[],347
True,False,0.0,0.0,499717,0,0,0,0,0,2,0.0,0.0,0,Jayden,0.0,649,False,Loaned to Preston North End,2025-01-17T12:25:36.920912Z,40,499717.jpg,1.0,False,Meghoma,0.0,False,,u,4,94,1,5922,0,6248,0,0.0,0.2,Meghoma,241.0,2024-08-30,,False,p499717,4,0,0,0,0,0,0,0,0,0,0,0,3,0.2,0.3,0.0,0.1,0,0.00,0.00,0.00,0.14,0,0,0,0,0,0,0,548,195,510,188,568,207,548,194,,,,,,,0.0,0.0,0.0,0.0,3.15,0.0,679,190,487,172,467,161,600,208,0.0,0.0,94,0,,4,0,Brentford,0,0,10,BRE,3,,False,0,1130,1180,1100,1100,1160,1260,130,2,Defenders,DEF,Defender,DEF,5,,,3,5,False,[],268
True,False,0.0,0.0,592662,0,0,0,0,0,3,0.0,0.0,0,Tony,0.0,661,False,Loaned to Exeter City,2025-01-24T10:48:13.441165Z,45,592662.jpg,0.0,False,Yogane,0.0,False,,u,4,94,0,2806,0,2649,0,0.0,0.0,Yogane,241.0,2024-07-19,,False,p592662,0,0,0,0,0,0,0,0,0,0,0,0,0,0.0,0.0,0.0,0.0,0,0.00,0.00,0.00,0.00,0,0,0,0,0,0,0,762,322,759,322,742,314,762,322,,,,,,,0.0,0.0,0.0,0.0,0.0,0.0,477,302,685,277,765,323,717,298,0.0,0.0,94,0,,4,0,Brentford,0,0,10,BRE,3,,False,0,1130,1180,1100,1100,1160,1260,130,3,Midfielders,MID,Midfielder,MID,5,,,2,5,False,[],347
True,False,0.0,0.0,475480,0,0,0,0,0,3,0.0,0.0,0,Benicio,0.0,114,False,Loaned to Port Vale,2024-08-10T12:17:28.055765Z,45,475480.jpg,0.0,False,Baker-Boaitey,0.0,False,,u,5,36,0,0,0,543,0,0.0,0.0,Baker-Boaitey,,,,False,p475480,0,0,0,0,0,0,0,0,0,0,0,0,0,0.0,0.0,0.0,0.0,0,0.00,0.00,0.00,0.00,0,0,0,0,0,0,0,711,283,708,283,688,274,711,283,,,,,,,0.0,0.0,0.0,0.0,0.0,0.0,405,251,625,233,716,284,786,335,0.0,0.0,36,0,,5,0,Brighton,0,0,8,BHA,3,,False,0,1140,1165,1090,1140,1190,1190,131,3,Midfielders,MID,Midfielder,MID,5,,,2,5,False,[],347
True,False,0.0,0.0,543158,0,0,0,0,0,2,0.0,0.0,0,Valentín,0.0,116,False,Loaned to Sevilla,2024-08-23T23:00:06.122778Z,40,543158.jpg,0.0,False,Barco,1.9,False,,u,5,36,0,34254,0,2012896,0,0.0,0.0,Barco,,,,False,p543158,0,0,0,0,0,0,0,0,0,0,0,0,0,0.0,0.0,0.0,0.0,0,0.00,0.00,0.00,0.00,0,0,0,0,0,0,0,634,230,622,229,583,220,634,230,,,,,,,0.0,0.0,0.0,0.0,0.0,0.0,697,206,502,185,641,229,141,54,0.0,0.0,36,0,,5,0,Brighton,0,0,8,BHA,3,,False,0,1140,1165,1090,1140,1190,1190,131,2,Defenders,DEF,Defender,DEF,5,,,3,5,False,[],268
True,False,0.0,0.0,519324,0,0,0,0,0,3,0.0,0.0,0,Amario,0.0,118,False,Loaned to Blackburn Rovers,2024-08-31T06:29:40.845798Z,45,519324.jpg,0.0,False,Cozier-Duberry,0.0,False,,u,5,36,0,1560,0,13783,0,0.0,0.0,Cozier-Duberry,,,,False,p519324,0,0,0,0,0,0,0,0,0,0,0,0,0,0.0,0.0,0.0,0.0,0,0.00,0.00,0.00,0.00,0,0,0,0,0,0,0,731,300,727,300,709,291,731,300,,,,,,,0.0,0.0,0.0,0.0,0.0,0.0,437,275,650,253,735,301,648,260,0.0,0.0,36,0,,5,0,Brighton,0,0,8,BHA,3,,False,0,1140,1165,1090,1140,1190,1190,131,3,Midfielders,MID,Midfielder,MID,5,,,2,5,False,[],347
True,False,0.0,0.0,168090,0,0,-1,1,0,3,0.0,0.0,0,Mahmoud,0.0,119,False,Transferred to Eintracht Frankfurt,2024-08-31T06:30:37.645175Z,49,168090.jpg,0.0,False,Dahoud,0.0,False,,u,5,36,0,380,0,2993,0,0.0,0.0,Dahoud,,,,False,p168090,0,0,0,0,0,0,0,0,0,0,0,0,0,0.0,0.0,0.0,0.0,0,0.00,0.00,0.00,0.00,0,0,0,0,0,0,0,775,330,774,331,762,327,775,330,,,,,,,0.0,0.0,0.0,0.0,0.0,0.0,246,156,725,302,776,331,712,293,0.0,0.0,36,0,,5,0,Brighton,0,0,8,BHA,3,,False,0,1140,1165,1090,1140,1190,1190,131,3,Midfielders,MID,Midfielder,MID,5,,,2,5,False,[],347
True,False,0.0,0.0,243568,0,0,0,0,0,3,0.0,0.0,0,Billy,0.0,124,False,Transferred to Napoli,2024-08-31T06:42:09.507349Z,50,243568.jpg,1.5,False,Gilmour,0.0,False,,u,5,36,3,2640,0,16637,0,0.0,0.6,Gilmour,,,,False,p243568,97,0,0,0,1,0,0,0,0,0,0,0,21,11.4,11.9,2.0,2.5,1,0.08,0.04,0.12,1.32,0,0,0,0,0,0,0,500,230,452,231,477,241,500,234,,,,,,,0.07,0.0,0.04,0.11,1.22,0.93,213,133,742,316,390,183,604,235,0.93,0.0,36,0,,5,0,Brighton,0,0,8,BHA,3,,False,0,1140,1165,1090,1140,1190,1190,131,3,Midfielders,MID,Midfielder,MID,5,,,2,5,False,[],347
True,False,0.0,0.0,60307,0,0,0,0,0,3,0.0,0.0,0,Pascal,0.0,125,False,Permanent transfer to Borussia Dortmund,2024-08-02T13:11:40.837259Z,65,60307.jpg,0.0,False,Groß,0.0,False,,u,5,36,0,0,0,8282,0,0.0,0.0,Gross,,,,False,p60307,0,0,0,0,0,0,0,0,0,0,0,0,0,0.0,0.0,0.0,0.0,0,0.00,0.00,0.00,0.00,0,0,0,0,0,0,0,801,346,801,346,801,346,801,346,,,,,,,0.0,0.0,0.0,0.0,0.0,0.0,41,20,793,343,800,346,651,263,0.0,0.0,36,0,,5,0,Brighton,0,0,8,BHA,3,,False,0,1140,1165,1090,1140,1190,1190,131,3,Midfielders,MID,Midfielder,MID,5,,,2,5,False,[],347
True,False,0.0,0.0,612855,0,0,0,0,0,3,0.0,0.0,0,Ibrahim,0.0,127,False,Loaned to Feyenoord,2024-08-16T11:54:28.483822Z,50,612855.jpg,0.0,False,Osman,0.0,False,,u,5,36,0,0,0,1155,0,0.0,0.0,I.Osman,,,,False,p612855,0,0,0,0,0,0,0,0,0,0,0,0,0,0.0,0.0,0.0,0.0,0,0.00,0.00,0.00,0.00,0,0,0,0,0,0,0,792,341,791,341,784,339,792,341,,,,,,,0.0,0.0,0.0,0.0,0.0,0.0,236,150,756,324,791,341,768,324,0.0,0.0,36,0,,5,0,Brighton,0,0,8,BHA,3,,False,0,1140,1165,1090,1140,1190,1190,131,3,Midfielders,MID,Midfielder,MID,5,,,2,5,False,[],347
True,False,0.0,0.0,484658,0,0,0,0,0,3,0.0,0.0,0,Kacper,0.0,130,False,Permanent transfer to Gaziantep FK,2024-07-22T09:03:00.342050Z,45,484658.jpg,0.0,False,Kozłowski,0.0,False,,u,5,36,0,0,0,97,0,0.0,0.0,Kozlowski,,,,False,p484658,0,0,0,0,0,0,0,0,0,0,0,0,0,0.0,0.0,0.0,0.0,0,0.00,0.00,0.00,0.00,0,0,0,0,0,0,0,713,284,710,284,690,275,713,284,,,,,,,0.0,0.0,0.0,0.0,0.0,0.0,407,252,627,234,718,285,800,346,0.0,0.0,36,0,,5,0,Brighton,0,0,8,BHA,3,,False,0,1140,1165,1090,1140,1190,1190,131,3,Midfielders,MID,Midfielder,MID,5,,,2,5,False,[],347
True,False,75.0,75.0,232792,0,0,-1,1,1,2,0.4,0.4,0,Tariq,0.5,131,False,Knee injury - 75% chance of playing,2025-05-19T22:00:08.215017Z,44,232792.jpg,2.8,False,Lamptey,0.2,False,,d,5,36,42,89625,0,96642,0,0.1,9.5,Lamptey,81.0,2020-01-31,2000-09-30,False,p232792,856,2,2,2,21,0,0,0,0,0,0,1,99,213.6,101.0,52.0,36.8,10,0.38,0.80,1.18,15.36,0,0,0,0,0,0,0,298,108,300,91,335,111,334,111,,,,,,,0.04,0.0,0.08,0.12,1.61,2.21,522,100,340,105,167,50,345,131,1.05,0.21,36,0,,5,0,Brighton,0,0,8,BHA,3,,False,0,1140,1165,1090,1140,1190,1190,131,2,Defenders,DEF,Defender,DEF,5,,,3,5,False,[],268
True,False,0.0,0.0,109345,0,0,0,0,0,3,0.0,0.0,0,Solly,0.0,132,False,Knee injury - Expected back 01 Jun,2025-05-05T07:30:07.917767Z,65,109345.jpg,0.9,False,March,0.0,False,,i,5,36,7,10873,0,9480,0,0.0,1.1,March,241.0,2012-07-01,1994-07-20,False,p109345,161,0,0,0,3,0,0,0,2,0,0,0,25,24.0,59.6,18.0,10.1,1,0.09,0.32,0.41,2.82,0,0,0,0,0,0,0,472,217,347,197,408,213,445,210,,,,,,,0.05,0.0,0.18,0.23,1.58,1.68,42,21,794,344,535,252,597,233,0.56,0.0,36,0,,5,0,Brighton,0,0,8,BHA,3,,False,0,1140,1165,1090,1140,1190,1190,131,3,Midfielders,MID,Midfielder,MID,5,,,2,5,False,[],347
True,False,0.0,0.0,550141,0,0,0,0,0,3,0.0,0.0,0,Adrian,0.0,133,False,Has joined Vitesse Arnhem on loan for the rest of the season,2024-08-29T11:08:43.963582Z,45,550141.jpg,0.0,False,Mazilu,0.0,False,,u,5,36,0,720,0,4139,0,0.0,0.0,Mazilu,,,,False,p550141,0,0,0,0,0,0,0,0,0,0,0,0,0,0.0,0.0,0.0,0.0,0,0.00,0.00,0.00,0.00,0,0,0,0,0,0,0,746,312,742,312,726,304,746,312,,,,,,,0.0,0.0,0.0,0.0,0.0,0.0,457,290,667,266,750,313,708,290,0.0,0.0,36,0,,5,0,Brighton,0,0,8,BHA,3,,False,0,1140,1165,1090,1140,1190,1190,131,3,Midfielders,MID,Midfielder,MID,5,,,2,5,False,[],347
True,False,0.0,0.0,243505,0,0,-1,1,0,3,0.0,0.0,0,Jakub,0.0,137,False,Loaned to Feyenoord,2025-01-22T10:15:11.772489Z,44,243505.jpg,1.0,False,Moder,0.4,False,,u,5,36,4,173459,0,177871,0,0.0,0.9,Moder,172.0,2020-10-05,,False,p243505,9,0,0,0,0,0,0,0,0,0,0,0,17,15.8,36.0,2.0,5.4,0,0.00,0.53,0.53,0.26,0,0,0,0,0,0,0,489,225,389,209,473,237,477,222,,,,,,,0.0,0.0,5.3,5.3,2.6,0.0,525,317,576,201,484,215,278,86,0.0,0.0,36,0,,5,0,Brighton,0,0,8,BHA,3,,False,0,1140,1165,1090,1140,1190,1190,131,3,Midfielders,MID,Midfielder,MID,5,,,2,5,False,[],347
True,False,0.0,0.0,574402,0,0,0,0,0,4,0.0,0.0,0,Mark,0.0,138,False,Season long to Portsmouth,2024-08-30T10:16:16.061223Z,45,574402.jpg,0.0,False,O’Mahony,0.2,False,,u,5,36,0,31158,0,74186,0,0.0,0.0,O’Mahony,,,,False,p574402,0,0,0,0,0,0,0,0,0,0,0,0,0,0.0,0.0,0.0,0.0,0,0.00,0.00,0.00,0.00,0,0,0,0,0,0,0,754,68,751,68,734,68,754,68,,,,,,,0.0,0.0,0.0,0.0,0.0,0.0,468,76,676,54,757,71,373,60,0.0,0.0,36,0,,5,0,Brighton,0,0,8,BHA,3,,False,0,1140,1165,1090,1140,1190,1190,131,4,Forwards,FWD,Forward,FWD,3,,,1,3,False,[],87
True,False,0.0,0.0,445548,0,0,0,0,0,2,0.0,0.0,0,Odeluga,0.0,139,False,Loaned to Blackpool,2024-08-31T06:26:46.238644Z,40,445548.jpg,0.0,False,Offiah,0.1,False,,u,5,36,0,2639,0,13830,0,0.0,0.0,Offiah,,,,False,p445548,0,0,0,0,0,0,0,0,0,0,0,0,0,0.0,0.0,0.0,0.0,0,0.00,0.00,0.00,0.00,0,0,0,0,0,0,0,606,210,593,208,552,197,606,210,,,,,,,0.0,0.0,0.0,0.0,0.0,0.0,661,178,470,161,613,209,550,191,0.0,0.0,36,0,,5,0,Brighton,0,0,8,BHA,3,,False,0,1140,1165,1090,1140,1190,1190,131,2,Defenders,DEF,Defender,DEF,5,,,3,5,False,[],268
True,False,0.0,0.0,491598,0,0,-1,1,0,3,0.0,0.0,0,Cameron,0.0,140,False,Loaned to ADO Den Haag,2025-02-03T10:22:59.975748Z,44,491598.jpg,0.0,False,Peupion,0.0,False,,u,5,36,0,10268,0,12436,0,0.0,0.0,Peupion,13.0,2022-08-23,,False,p491598,0,0,0,0,0,0,0,0,0,0,0,0,0,0.0,0.0,0.0,0.0,0,0.00,0.00,0.00,0.00,0,0,0,0,0,0,0,676,259,672,260,647,249,676,259,,,,,,,0.0,0.0,0.0,0.0,0.0,0.0,536,319,581,203,683,262,557,211,0.0,0.0,36,0,,5,0,Brighton,0,0,8,BHA,3,,False,0,1140,1165,1090,1140,1190,1190,131,3,Midfielders,MID,Midfielder,MID,5,,,2,5,False,[],347
True,False,0.0,0.0,441192,0,0,-1,1,0,3,0.0,0.0,0,Jeremy,0.0,141,False,Loaned to Burnley,2024-08-31T06:27:42.007071Z,49,441192.jpg,1.0,False,Sarmiento Morante,0.0,False,,u,5,36,1,354,0,2972,0,0.0,0.2,Sarmiento,,,,False,p441192,8,0,0,0,0,0,0,0,0,0,0,0,3,0.2,0.8,0.0,0.1,0,0.00,0.00,0.00,0.00,0,0,0,0,0,0,0,550,254,502,246,767,330,550,254,,,,,,,0.0,0.0,0.0,0.0,0.0,0.0,264,169,731,306,521,241,720,299,0.0,0.0,36,0,,5,0,Brighton,0,0,8,BHA,3,,False,0,1140,1165,1090,1140,1190,1190,131,3,Midfielders,MID,Midfielder,MID,5,,,2,5,False,[],347
True,False,75.0,75.0,49262,0,0,-5,5,0,1,0.0,0.0,0,Jason,0.0,142,False,Hand injury - 75% chance of playing,2025-05-19T22:00:08.291938Z,40,49262.jpg,4.5,False,Steele,0.7,False,,d,5,36,9,300194,0,351203,0,0.0,2.2,Steele,241.0,2018-07-01,1990-08-18,False,p49262,180,0,0,1,1,0,0,0,0,0,3,1,46,40.4,0.0,0.0,4.1,2,0.00,0.00,0.00,1.88,0,0,0,0,0,0,0,448,39,574,45,533,26,489,39,,,,,,,0.0,1.5,0.0,0.0,0.94,0.5,637,41,450,48,20,3,242,32,1.0,0.5,36,0,,5,0,Brighton,0,0,8,BHA,3,,False,0,1140,1165,1090,1140,1190,1190,131,1,Goalkeepers,GKP,Goalkeeper,GKP,2,,,1,1,True,[12],82
True,False,0.0,0.0,450434,0,0,0,0,0,4,0.0,0.0,0,Deniz,0.0,143,False,Transferred to Stuttgart,2024-08-10T12:18:55.962223Z,55,450434.jpg,0.0,False,Undav,0.0,False,,u,5,36,0,0,0,1477,0,0.0,0.0,Undav,,,,False,p450434,0,0,0,0,0,0,0,0,0,0,0,0,0,0.0,0.0,0.0,0.0,0,0.00,0.00,0.00,0.00,0,0,0,0,0,0,0,798,84,798,84,795,84,798,84,,,,,,,0.0,0.0,0.0,0.0,0.0,0.0,118,31,781,79,797,84,758,87,0.0,0.0,36,0,,5,0,Brighton,0,0,8,BHA,3,,False,0,1140,1165,1090,1140,1190,1190,131,4,Forwards,FWD,Forward,FWD,3,,,1,3,False,[],87
True,False,0.0,0.0,513834,0,0,0,0,0,3,0.0,0.0,0,Andrew,0.0,601,False,Loaned to Stoke City,2024-08-20T12:19:09.002604Z,50,513834.jpg,0.0,False,Moran,0.0,False,,u,5,36,0,24,0,534,0,0.0,0.0,Moran,,,,False,p513834,0,0,0,0,0,0,0,0,0,0,0,0,0,0.0,0.0,0.0,0.0,0,0.00,0.00,0.00,0.00,0,0,0,0,0,0,0,790,340,789,340,782,338,790,340,,,,,,,0.0,0.0,0.0,0.0,0.0,0.0,230,146,753,323,789,340,776,329,0.0,0.0,36,0,,5,0,Brighton,0,0,8,BHA,3,,False,0,1140,1165,1090,1140,1190,1190,131,3,Midfielders,MID,Midfielder,MID,5,,,2,5,False,[],347
True,False,0.0,0.0,463067,0,0,-5,5,1,3,0.0,0.0,0,Georginio,0.0,618,False,Ankle injury - Expected back 01 Jun,2025-03-30T02:00:09.254489Z,50,463067.jpg,3.4,False,Rutter,0.3,False,,i,5,36,95,360345,0,341583,0,0.0,19.0,Georginio,73.0,2024-08-19,2002-04-20,False,p463067,1651,5,6,6,29,0,0,0,2,0,0,1,288,355.4,281.8,404.0,103.0,19,4.57,1.67,6.24,27.90,0,0,0,0,0,0,0,208,92,158,110,83,54,145,84,,,,,,,0.25,0.0,0.09,0.34,1.52,1.58,222,140,748,320,106,48,301,91,1.04,0.33,36,0,,5,0,Brighton,0,0,8,BHA,3,,False,0,1140,1165,1090,1140,1190,1190,131,3,Midfielders,MID,Midfielder,MID,5,,,2,5,False,[],347
True,False,0.0,0.0,231416,0,0,-1,1,0,2,0.0,0.0,0,Ferdi,0.0,628,False,Toe Injury - Expected back 01 Jun,2024-11-10T01:30:09.967684Z,44,231416.jpg,3.2,False,Kadioglu,0.1,False,,i,5,36,19,74231,0,72494,0,0.0,4.3,F.Kadıoğlu,219.0,2024-08-27,1999-10-07,False,p231416,385,1,0,2,8,0,0,0,1,0,0,0,59,116.4,83.7,40.0,24.0,5,0.44,0.31,0.75,9.44,0,0,0,0,0,0,0,378,134,318,102,355,119,383,131,,,,,,,0.1,0.0,0.07,0.17,2.21,1.87,521,99,574,237,125,30,477,167,1.17,0.47,36,0,,5,0,Brighton,0,0,8,BHA,3,,False,0,1140,1165,1090,1140,1190,1190,131,2,Defenders,DEF,Defender,DEF,5,,,3,5,False,[],268
True,False,0.0,0.0,447720,0,0,0,0,0,2,0.0,0.0,0,Imari,0.0,663,False,Loaned to Dundee,2025-01-17T12:29:48.647053Z,40,447720.jpg,0.0,False,Samuels,0.0,False,,u,5,36,0,5264,0,5277,0,0.0,0.0,Samuels,241.0,2023-05-17,,False,p447720,0,0,0,0,0,0,0,0,0,0,0,0,0,0.0,0.0,0.0,0.0,0,0.00,0.00,0.00,0.00,0,0,0,0,0,0,0,607,211,594,209,553,198,607,211,,,,,,,0.0,0.0,0.0,0.0,0.0,0.0,662,179,471,162,614,210,619,214,0.0,0.0,36,0,,5,0,Brighton,0,0,8,BHA,3,,False,0,1140,1165,1090,1140,1190,1190,131,2,Defenders,DEF,Defender,DEF,5,,,3,5,False,[],268
True,False,0.0,0.0,539721,0,0,0,0,0,2,0.0,0.0,0,Ruairi,0.0,681,False,Loaned to Norwich City,2025-02-04T10:51:39.862174Z,40,539721.jpg,0.0,False,McConville,0.0,False,,u,5,36,0,1473,0,1598,0,0.0,0.0,McConville,242.0,2024-11-22,,False,p539721,0,0,0,0,0,0,0,0,0,0,0,0,0,0.0,0.0,0.0,0.0,0,0.00,0.00,0.00,0.00,0,0,0,0,0,0,0,632,228,620,227,581,218,632,228,,,,,,,0.0,0.0,0.0,0.0,0.0,0.0,695,204,500,183,639,227,704,240,0.0,0.0,36,0,,5,0,Brighton,0,0,8,BHA,3,,False,0,1140,1165,1090,1140,1190,1190,131,2,Defenders,DEF,Defender,DEF,5,,,3,5,False,[],268
True,False,0.0,0.0,532605,0,0,0,0,0,3,0.0,0.0,0,Andrey,0.0,150,False,Has joined Strasbourg on a season-long loan,2024-08-05T10:16:34.176364Z,45,532605.jpg,0.0,False,Nascimento dos Santos,0.0,False,,u,6,8,0,0,0,631,0,0.0,0.0,Andrey Santos,,,,False,p532605,0,0,0,0,0,0,0,0,0,0,0,0,0,0.0,0.0,0.0,0.0,0,0.00,0.00,0.00,0.00,0,0,0,0,0,0,0,737,305,733,305,717,297,737,305,,,,,,,0.0,0.0,0.0,0.0,0.0,0.0,446,281,658,259,741,306,775,328,0.0,0.0,8,0,,6,0,Chelsea,0,0,4,CHE,3,,False,0,1155,1235,1120,1170,1190,1300,4,3,Midfielders,MID,Midfielder,MID,5,,,2,5,False,[],347
True,False,0.0,0.0,518620,0,0,0,0,0,3,0.0,0.0,0,Ângelo Gabriel,0.0,151,False,Transferred to Al-Nassr,2024-09-05T10:38:18.297070Z,45,518620.jpg,0.0,False,Borges Damaceno,0.1,False,,u,6,8,0,5940,0,30655,0,0.0,0.0,Ângelo,,,,False,p518620,0,0,0,0,0,0,0,0,0,0,0,0,0,0.0,0.0,0.0,0.0,0,0.00,0.00,0.00,0.00,0,0,0,0,0,0,0,729,298,725,298,707,289,729,298,,,,,,,0.0,0.0,0.0,0.0,0.0,0.0,435,273,648,251,733,299,462,167,0.0,0.0,8,0,,6,0,Chelsea,0,0,4,CHE,3,,False,0,1155,1235,1120,1170,1190,1300,4,3,Midfielders,MID,Midfielder,MID,5,,,2,5,False,[],347
True,False,0.0,0.0,505187,0,0,-1,1,0,3,0.0,0.0,0,Cesare,0.0,158,False,Loaned to Torino,2025-02-03T10:23:25.268868Z,44,505187.jpg,0.0,False,Casadei,0.1,False,,u,6,8,0,23729,0,31224,0,0.0,0.0,Casadei,106.0,2022-08-19,,False,p505187,0,0,0,0,0,0,0,0,0,0,0,0,0,0.0,0.0,0.0,0.0,0,0.00,0.00,0.00,0.00,0,0,0,0,0,0,0,678,261,674,262,649,251,678,261,,,,,,,0.0,0.0,0.0,0.0,0.0,0.0,541,323,584,206,685,264,465,169,0.0,0.0,8,0,,6,0,Chelsea,0,0,4,CHE,3,,False,0,1155,1235,1120,1170,1190,1300,4,3,Midfielders,MID,Midfielder,MID,5,,,2,5,False,[],347
True,False,0.0,0.0,478912,0,0,-3,3,0,3,0.0,0.0,0,Carney,0.0,161,False,Loaned to Borussia Dortmund,2025-02-04T10:49:46.028103Z,47,478912.jpg,0.0,False,Chukwuemeka,0.0,False,,u,6,8,0,4843,0,8839,0,0.0,0.0,Chukwuemeka,241.0,2022-08-04,,False,p478912,0,0,0,0,0,0,0,0,0,0,0,0,0,0.0,0.0,0.0,0.0,0,0.00,0.00,0.00,0.00,0,0,0,0,0,0,0,771,328,768,328,755,323,771,328,,,,,,,0.0,0.0,0.0,0.0,0.0,0.0,335,218,704,289,772,329,579,223,0.0,0.0,8,0,,6,0,Chelsea,0,0,4,CHE,3,,False,0,1155,1235,1120,1170,1190,1300,4,3,Midfielders,MID,Midfielder,MID,5,,,2,5,False,[],347
True,False,0.0,0.0,520295,0,0,-1,1,0,4,0.0,0.0,0,David Datro,0.0,164,False,Transferred to AEK Athens,2024-09-11T14:26:52.770225Z,54,520295.jpg,0.0,False,Fofana,0.1,False,,u,6,8,0,4727,0,15354,0,0.0,0.0,D.D.Fofana,54.0,2023-01-01,2002-12-22,False,p520295,0,0,0,0,0,0,0,0,0,0,0,0,0,0.0,0.0,0.0,0.0,0,0.00,0.00,0.00,0.00,0,0,0,0,0,0,0,797,83,797,83,793,83,797,83,,,,,,,0.0,0.0,0.0,0.0,0.0,0.0,140,38,776,77,796,83,540,73,0.0,0.0,8,0,,6,0,Chelsea,0,0,4,CHE,3,,False,0,1155,1235,1120,1170,1190,1300,4,4,Forwards,FWD,Forward,FWD,3,,,1,3,False,[],87
True,False,0.0,0.0,617054,0,0,-1,1,0,4,0.0,0.0,0,Deivid Washington,0.0,165,False,Loaned to Santos,2025-02-28T11:06:35.437245Z,49,617054.jpg,0.0,False,de Souza Eugênio,0.1,False,,u,6,8,0,17623,0,23659,0,0.0,0.0,Deivid,30.0,2023-08-24,2005-06-05,False,p617054,0,0,0,0,0,0,0,0,0,0,0,0,0,0.0,0.0,0.0,0.0,0,0.00,0.00,0.00,0.00,0,0,0,0,0,0,0,780,78,778,77,769,78,780,78,,,,,,,0.0,0.0,0.0,0.0,0.0,0.0,277,56,735,66,780,79,418,64,0.0,0.0,8,0,,6,0,Chelsea,0,0,4,CHE,3,,False,0,1155,1235,1120,1170,1190,1300,4,4,Forwards,FWD,Forward,FWD,3,,,1,3,False,[],87
True,False,0.0,0.0,232787,0,0,-1,1,0,3,0.0,0.0,0,Conor,0.0,169,False,Transferred to Atletico Madrid,2024-08-22T11:20:34.236891Z,59,232787.jpg,0.0,False,Gallagher,0.1,False,,u,6,8,0,1567,0,72833,0,0.0,0.0,Gallagher,,,,False,p232787,0,0,0,0,0,0,0,0,0,0,0,0,0,0.0,0.0,0.0,0.0,0,0.00,0.00,0.00,0.00,0,0,0,0,0,0,0,799,345,799,345,798,344,799,345,,,,,,,0.0,0.0,0.0,0.0,0.0,0.0,83,54,786,338,798,345,429,149,0.0,0.0,8,0,,6,0,Chelsea,0,0,4,CHE,3,,False,0,1155,1235,1120,1170,1190,1300,4,3,Midfielders,MID,Midfielder,MID,5,,,2,5,False,[],347
True,False,0.0,0.0,514280,0,0,0,0,0,2,0.0,0.0,0,Alfie,0.0,170,False,Has joined Sheffield United on a season-long,2024-08-09T11:15:16.064928Z,40,514280.jpg,0.0,False,Gilchrist,0.0,False,,u,6,8,0,0,0,7629,0,0.0,0.0,Gilchrist,,,,False,p514280,0,0,0,0,0,0,0,0,0,0,0,0,0,0.0,0.0,0.0,0.0,0,0.00,0.00,0.00,0.00,0,0,0,0,0,0,0,624,222,611,220,571,210,624,222,,,,,,,0.0,0.0,0.0,0.0,0.0,0.0,683,194,490,175,631,221,636,221,0.0,0.0,8,0,,6,0,Chelsea,0,0,4,CHE,3,,False,0,1155,1235,1120,1170,1190,1300,4,2,Defenders,DEF,Defender,DEF,5,,,3,5,False,[],268
True,False,0.0,0.0,549068,0,0,-2,2,0,3,0.0,0.0,0,Omari,0.0,173,False,Hamstring injury - Expected back 01 Jun,2024-09-08T23:00:06.668188Z,43,549068.jpg,0.0,False,Kellyman,0.1,False,,i,6,8,0,16024,0,14665,0,0.0,0.0,Kellyman,241.0,2024-06-29,2005-09-15,False,p549068,0,0,0,0,0,0,0,0,0,0,0,0,0,0.0,0.0,0.0,0.0,0,0.00,0.00,0.00,0.00,0,0,0,0,0,0,0,669,256,663,257,633,245,669,256,,,,,,,0.0,0.0,0.0,0.0,0.0,0.0,596,346,564,197,676,259,509,185,0.0,0.0,8,0,,6,0,Chelsea,0,0,4,CHE,3,,False,0,1155,1235,1120,1170,1190,1300,4,3,Midfielders,MID,Midfielder,MID,5,,,2,5,False,[],347
True,False,0.0,0.0,66749,0,0,-2,2,0,4,0.0,0.0,0,Romelu,0.0,175,False,Permanent transfer to Napoli,2024-08-30T10:21:53.872158Z,63,66749.jpg,0.0,False,Lukaku Bolingoli,0.2,False,,u,6,8,0,8049,0,61765,0,0.0,0.0,Lukaku,,,,False,p66749,0,0,0,0,0,0,0,0,0,0,0,0,0,0.0,0.0,0.0,0.0,0,0.00,0.00,0.00,0.00,0,0,0,0,0,0,0,800,85,800,85,800,85,800,85,,,,,,,0.0,0.0,0.0,0.0,0.0,0.0,52,22,792,82,799,85,378,61,0.0,0.0,8,0,,6,0,Chelsea,0,0,4,CHE,3,,False,0,1155,1235,1120,1170,1190,1300,4,4,Forwards,FWD,Forward,FWD,3,,,1,3,False,[],87
True,False,0.0,0.0,204727,0,0,0,0,0,2,0.0,0.0,0,Malang,0.0,176,False,Permanent move to RC Lens,2024-07-29T09:46:25.583703Z,45,204727.jpg,0.0,False,Sarr,0.0,False,,u,6,8,0,0,0,457,0,0.0,0.0,M.Sarr,,,,False,p204727,0,0,0,0,0,0,0,0,0,0,0,0,0,0.0,0.0,0.0,0.0,0,0.00,0.00,0.00,0.00,0,0,0,0,0,0,0,692,262,688,261,667,259,692,262,,,,,,,0.0,0.0,0.0,0.0,0.0,0.0,374,60,602,242,697,261,777,262,0.0,0.0,8,0,,6,0,Chelsea,0,0,4,CHE,3,,False,0,1155,1235,1120,1170,1190,1300,4,2,Defenders,DEF,Defender,DEF,5,,,3,5,False,[],268
True,False,0.0,0.0,465920,0,0,-4,4,0,3,0.0,0.0,0,Mykhailo,0.0,179,False,Suspended - unknown return date,2024-12-06T15:30:07.786308Z,61,465920.jpg,1.0,False,Mudryk,0.2,False,,s,6,8,7,18933,0,44003,0,0.0,1.1,Mudryk,225.0,2023-01-15,2001-01-05,False,p465920,145,0,0,0,2,0,0,0,0,0,0,0,26,23.2,31.5,31.0,8.5,1,0.24,0.66,0.90,3.28,0,0,0,0,0,0,0,474,218,398,211,379,202,452,212,,,,,,,0.15,0.0,0.41,0.56,2.04,1.24,73,45,790,341,528,246,377,122,0.62,0.0,8,0,,6,0,Chelsea,0,0,4,CHE,3,,False,0,1155,1235,1120,1170,1190,1300,4,3,Midfielders,MID,Midfielder,MID,5,,,2,5,False,[],347
True,False,0.0,0.0,517052,0,0,2,-2,2,4,0.0,0.0,0,Nicolas,0.0,180,False,Suspended until 23 Aug,2025-05-11T23:00:08.902523Z,77,517052.jpg,4.0,False,Jackson,6.2,False,,s,6,8,121,5372437,0,5139743,0,0.0,15.7,N.Jackson,189.0,2023-07-01,2001-06-20,False,p517052,2220,10,6,11,24,0,0,0,7,1,0,17,417,546.4,368.3,976.0,187.4,28,11.68,1.90,13.58,28.47,0,0,0,0,0,0,0,121,14,113,8,12,6,44,8,,,,,,,0.47,0.0,0.08,0.55,1.15,0.97,15,5,802,87,49,15,60,12,1.14,0.45,8,0,,6,0,Chelsea,0,0,4,CHE,3,,False,0,1155,1235,1120,1170,1190,1300,4,4,Forwards,FWD,Forward,FWD,3,,,1,3,False,[],87
True,False,0.0,0.0,457569,0,0,-1,1,0,1,0.0,0.0,0,Đorđe,0.0,183,False,Loaned to Strasbourg,2024-08-31T06:26:07.653045Z,44,457569.jpg,0.0,False,Petrović,0.1,False,,u,6,8,0,2753,0,64997,0,0.0,0.0,Petrović,,,,False,p457569,0,0,0,0,0,0,0,0,0,0,0,0,0,0.0,0.0,0.0,0.0,0,0.00,0.00,0.00,0.00,0,0,0,0,0,0,0,675,81,671,78,645,64,675,81,,,,,,,0.0,0.0,0.0,0.0,0.0,0.0,530,24,578,79,682,81,405,55,0.0,0.0,8,0,,6,0,Chelsea,0,0,4,CHE,3,,False,0,1155,1235,1120,1170,1190,1300,4,1,Goalkeepers,GKP,Goalkeeper,GKP,2,,,1,1,True,[12],82
True,False,0.0,0.0,551230,0,0,-1,1,0,3,0.0,0.0,0,Renato,0.0,184,False,Loaned to Juventus,2025-01-30T11:39:46.371988Z,44,551230.jpg,1.0,False,Palma Veiga,0.1,False,,u,6,8,7,41967,0,45887,0,0.0,1.6,Renato Veiga,173.0,2024-07-12,,False,p551230,176,0,0,1,2,0,0,0,2,0,0,0,22,30.4,9.2,19.0,5.9,1,0.16,0.15,0.31,3.17,0,0,0,0,0,0,0,464,211,468,235,405,211,474,221,,,,,,,0.08,0.0,0.08,0.16,1.62,1.02,546,328,587,209,487,218,453,161,0.51,0.51,8,0,,6,0,Chelsea,0,0,4,CHE,3,,False,0,1155,1235,1120,1170,1190,1300,4,3,Midfielders,MID,Midfielder,MID,5,,,2,5,False,[],347
True,False,0.0,0.0,444463,0,0,-2,2,0,2,0.0,0.0,0,Wesley,0.0,189,False,Muscle injury - Expected back 01 Jun,2025-04-04T12:00:08.691373Z,43,444463.jpg,1.9,False,Fofana,0.2,False,,i,6,8,26,86707,0,109766,0,0.0,6.0,W.Fofana,73.0,2022-08-31,2000-12-17,False,p444463,1172,0,0,2,13,0,0,0,7,0,0,2,162,200.2,85.0,33.0,31.9,14,0.44,0.18,0.62,14.76,0,0,0,0,0,0,0,312,117,314,99,370,126,355,118,,,,,,,0.03,0.0,0.01,0.04,1.13,1.0,583,129,558,228,312,102,331,127,1.08,0.15,8,0,,6,0,Chelsea,0,0,4,CHE,3,,False,0,1155,1235,1120,1170,1190,1300,4,2,Defenders,DEF,Defender,DEF,5,,,3,5,False,[],268
True,False,0.0,0.0,488464,0,0,0,0,0,2,0.0,0.0,0,Caleb,0.0,575,False,Loaned to Strasbourg,2024-08-13T07:07:06.645739Z,40,488464.jpg,0.0,False,Wiley,0.0,False,,u,6,8,0,0,0,3964,0,0.0,0.0,Wiley,,,,False,p488464,0,0,0,0,0,0,0,0,0,0,0,0,0,0.0,0.0,0.0,0.0,0,0.00,0.00,0.00,0.00,0,0,0,0,0,0,0,616,215,603,213,562,202,616,215,,,,,,,0.0,0.0,0.0,0.0,0.0,0.0,673,185,481,167,623,214,679,230,0.0,0.0,8,0,,6,0,Chelsea,0,0,4,CHE,3,,False,0,1155,1235,1120,1170,1190,1300,4,2,Defenders,DEF,Defender,DEF,5,,,3,5,False,[],268
True,False,0.0,0.0,428399,0,0,-6,6,0,3,0.0,0.0,0,João,0.0,621,False,Loaned to Milan,2025-02-04T23:54:41.208950Z,59,428399.jpg,2.0,False,Félix Sequeira,0.4,False,,u,6,8,24,163911,0,170986,0,0.0,4.1,João Félix,173.0,2024-08-21,,False,p428399,362,1,2,1,4,0,0,0,2,0,0,0,90,88.0,95.4,141.0,32.3,3,2.30,0.45,2.75,5.96,0,0,0,0,0,0,0,406,189,305,180,230,133,353,176,,,,,,,0.57,0.0,0.11,0.68,1.48,0.99,84,55,787,339,304,137,282,88,0.75,0.25,8,0,,6,0,Chelsea,0,0,4,CHE,3,,False,0,1155,1235,1120,1170,1190,1300,4,3,Midfielders,MID,Midfielder,MID,5,,,2,5,False,[],347
True,False,75.0,75.0,172850,0,0,-4,4,0,2,1.3,0.8,0,Ben,2.0,160,False,Illness - 75% chance of playing,2025-05-23T14:00:08.414449Z,46,172850.jpg,1.6,False,Chilwell,0.5,False,,d,7,31,13,56707,0,110689,0,0.4,2.8,Chilwell,241.0,2025-02-03,1996-12-21,False,p172850,254,1,0,0,4,0,0,0,1,0,0,0,54,99.6,69.2,37.0,20.7,1,0.25,0.88,1.13,2.84,0,0,0,0,0,0,0,402,144,336,109,360,122,395,136,,,,,,,0.09,0.0,0.31,0.4,1.01,1.42,353,49,193,59,371,122,258,100,0.35,0.0,31,0,,7,0,Crystal Palace,0,0,12,CRY,3,,False,0,1150,1155,1140,1140,1160,1170,6,2,Defenders,DEF,Defender,DEF,5,,,3,5,False,[],268
True,False,0.0,0.0,466117,0,0,0,0,0,3,0.0,0.0,0,Naouirou,0.0,190,False,Loaned to Rennes,2024-08-31T06:25:25.419519Z,45,466117.jpg,0.0,False,Ahamada,0.1,False,,u,7,31,0,6178,0,35185,0,0.0,0.0,Ahamada,,,,False,p466117,0,0,0,0,0,0,0,0,0,0,0,0,0,0.0,0.0,0.0,0.0,0,0.00,0.00,0.00,0.00,0,0,0,0,0,0,0,710,282,707,282,687,273,710,282,,,,,,,0.0,0.0,0.0,0.0,0.0,0.0,403,250,624,232,715,283,491,177,0.0,0.0,31,0,,7,0,Crystal Palace,0,0,12,CRY,3,,False,0,1150,1155,1140,1140,1160,1170,6,3,Midfielders,MID,Midfielder,MID,5,,,2,5,False,[],347
True,False,0.0,0.0,438464,0,0,-2,2,0,3,0.0,0.0,0,Cheick,0.0,193,False,Knee injury - Expected back 01 Jun,2025-01-24T16:00:08.864027Z,48,438464.jpg,1.5,False,Doucouré,0.0,False,,i,7,31,19,12980,0,20016,0,0.0,4.0,C.Doucouré,132.0,2022-07-11,2000-01-08,False,p438464,443,0,1,1,6,0,0,0,1,0,0,0,71,58.6,25.7,23.0,10.8,4,0.40,0.11,0.51,7.53,0,0,0,0,0,0,0,432,196,418,218,395,206,439,208,,,,,,,0.08,0.0,0.02,0.1,1.53,1.22,311,201,720,299,386,179,571,219,0.81,0.2,31,0,,7,0,Crystal Palace,0,0,12,CRY,3,,False,0,1150,1155,1140,1140,1160,1170,6,3,Midfielders,MID,Midfielder,MID,5,,,2,5,False,[],347
True,False,0.0,0.0,515621,0,0,-2,2,0,2,0.0,0.0,0,Chadi,0.0,195,False,Knee injury - Expected back 01 Jun,2025-01-24T16:00:08.878612Z,43,515621.jpg,1.0,False,Riad Dnanou,0.0,False,,i,7,31,1,2767,0,14454,0,0.0,0.2,Chadi Riad,145.0,2024-07-02,2003-06-17,False,p515621,90,0,0,0,2,0,0,0,0,0,0,0,3,18.2,1.3,0.0,2.0,1,0.00,0.02,0.02,1.39,0,0,0,0,0,0,0,486,174,495,183,632,251,508,175,,,,,,,0.0,0.0,0.02,0.02,1.39,2.0,595,134,563,231,480,174,572,198,1.0,0.0,31,0,,7,0,Crystal Palace,0,0,12,CRY,3,,False,0,1150,1155,1140,1140,1160,1170,6,2,Defenders,DEF,Defender,DEF,5,,,3,5,False,[],268
True,False,75.0,75.0,57328,0,0,-2,2,0,2,-0.8,-0.8,0,Nathaniel,0.0,196,False,Illness - 75% chance of playing,2025-05-23T14:00:08.468821Z,43,57328.jpg,1.4,False,Clyne,0.1,False,,d,7,31,18,10509,0,15927,0,0.0,4.2,Clyne,241.0,2020-10-14,1991-04-05,False,p57328,477,0,0,1,11,0,0,0,1,0,0,0,48,66.6,51.8,8.0,12.4,5,0.02,0.24,0.26,10.11,0,0,0,0,0,0,0,425,153,359,122,440,161,429,152,,,,,,,0.0,0.0,0.05,0.05,1.91,2.08,559,109,552,223,401,135,466,163,0.94,0.19,31,0,,7,0,Crystal Palace,0,0,12,CRY,3,,False,0,1150,1155,1140,1140,1160,1170,6,2,Defenders,DEF,Defender,DEF,5,,,3,5,False,[],268
True,False,0.0,0.0,450535,0,0,0,0,0,3,0.0,0.0,0,Malcolm,0.0,197,False,Season long loan to Oxford United,2024-08-06T17:23:26.723638Z,45,450535.jpg,0.0,False,Ebiowei,0.0,False,,u,7,31,0,0,0,481,0,0.0,0.0,Ebiowei,241.0,2022-07-01,2003-09-04,False,p450535,0,0,0,0,0,0,0,0,0,0,0,0,0,0.0,0.0,0.0,0.0,0,0.00,0.00,0.00,0.00,0,0,0,0,0,0,0,702,275,698,275,679,266,702,275,,,,,,,0.0,0.0,0.0,0.0,0.0,0.0,393,242,615,225,707,276,780,331,0.0,0.0,31,0,,7,0,Crystal Palace,0,0,12,CRY,3,,False,0,1150,1155,1140,1140,1160,1170,6,3,Midfielders,MID,Midfielder,MID,5,,,2,5,False,[],347
True,False,0.0,0.0,209036,0,0,2,-2,2,2,0.0,0.0,0,Marc,2.2,200,False,Eye Injury - Expected back 01 Jun,2025-05-19T15:30:05.944462Z,47,209036.jpg,3.4,False,Guéhi,5.7,False,,i,7,31,116,1349618,0,1494548,0,0.5,24.7,Guéhi,241.0,2021-07-18,2000-07-13,False,p209036,3059,3,2,11,42,3,0,0,7,1,0,11,492,827.0,237.6,247.0,131.0,34,1.87,2.01,3.88,41.55,0,0,0,0,0,0,0,28,9,183,38,137,17,98,15,,,,,,,0.06,0.0,0.06,0.12,1.22,1.24,325,44,170,50,101,21,65,21,1.0,0.32,31,0,,7,0,Crystal Palace,0,0,12,CRY,3,,False,0,1150,1155,1140,1140,1160,1170,6,2,Defenders,DEF,Defender,DEF,5,,,3,5,False,[],268
True,False,0.0,0.0,156074,0,0,-3,3,0,2,0.0,0.0,0,Rob,0.0,202,False,Loaned to Sheffield United,2025-02-04T10:48:47.594320Z,42,156074.jpg,0.0,False,Holding,0.1,False,,u,7,31,0,3729,0,10465,0,0.0,0.0,Holding,241.0,2023-09-01,,False,p156074,0,0,0,0,0,0,0,0,0,0,0,0,0,0.0,0.0,0.0,0.0,0,0.00,0.00,0.00,0.00,0,0,0,0,0,0,0,664,253,655,252,620,245,664,253,,,,,,,0.0,0.0,0.0,0.0,0.0,0.0,611,144,544,217,671,252,519,182,0.0,0.0,31,0,,7,0,Crystal Palace,0,0,12,CRY,3,,False,0,1150,1155,1140,1140,1160,1170,6,2,Defenders,DEF,Defender,DEF,5,,,3,5,False,[],268
True,False,0.0,0.0,531989,0,0,0,0,0,3,0.0,0.0,0,David,0.0,212,False,Season long loan to Derby County,2024-07-26T08:51:53.649693Z,45,531989.jpg,0.0,False,Ozoh,0.0,False,,u,7,31,0,0,0,313,0,0.0,0.0,Ozoh,,,,False,p531989,0,0,0,0,0,0,0,0,0,0,0,0,0,0.0,0.0,0.0,0.0,0,0.00,0.00,0.00,0.00,0,0,0,0,0,0,0,735,303,731,303,715,295,735,303,,,,,,,0.0,0.0,0.0,0.0,0.0,0.0,444,279,656,257,739,304,794,342,0.0,0.0,31,0,,7,0,Crystal Palace,0,0,12,CRY,3,,False,0,1150,1155,1140,1140,1160,1170,6,3,Midfielders,MID,Midfielder,MID,5,,,2,5,False,[],347
True,False,0.0,0.0,450542,0,0,0,0,0,3,0.0,0.0,0,Jesurun,0.0,213,False,Loaned to Sheffield United,2024-08-20T12:16:48.741122Z,45,450542.jpg,0.0,False,Rak-Sakyi,0.0,False,,u,7,31,0,755,0,19767,0,0.0,0.0,Rak-Sakyi,,,,False,p450542,0,0,0,0,0,0,0,0,0,0,0,0,0,0.0,0.0,0.0,0.0,0,0.00,0.00,0.00,0.00,0,0,0,0,0,0,0,704,277,700,277,681,268,704,277,,,,,,,0.0,0.0,0.0,0.0,0.0,0.0,395,244,617,227,709,278,633,250,0.0,0.0,31,0,,7,0,Crystal Palace,0,0,12,CRY,3,,False,0,1150,1155,1140,1140,1160,1170,6,3,Midfielders,MID,Midfielder,MID,5,,,2,5,False,[],347
True,False,0.0,0.0,86417,0,0,-4,4,0,3,0.0,0.0,0,Jeffrey,0.0,214,False,Loaned to Celtic,2025-02-04T10:49:14.192450Z,46,86417.jpg,1.0,False,Schlupp,0.0,False,,u,7,31,12,10674,0,18423,0,0.0,2.6,Schlupp,81.0,2017-01-13,,False,p86417,95,0,0,0,3,0,0,0,0,0,0,0,43,22.8,42.9,46.0,11.0,0,0.17,0.14,0.31,1.53,0,0,0,0,0,0,0,476,219,374,203,350,187,436,206,,,,,,,0.16,0.0,0.13,0.29,1.45,2.84,349,227,696,284,511,233,562,212,0.0,0.0,31,0,,7,0,Crystal Palace,0,0,12,CRY,3,,False,0,1150,1155,1140,1140,1160,1170,6,3,Midfielders,MID,Midfielder,MID,5,,,2,5,False,[],347
True,False,0.0,0.0,496221,0,0,-3,3,0,3,0.0,0.0,0,Adam,0.8,216,False,Concussion - Expected back 01 Jun,2025-05-19T15:30:05.987980Z,47,496221.jpg,2.1,False,Wharton,0.1,False,,i,7,31,42,23205,0,58123,0,0.2,8.9,Wharton,241.0,2024-02-01,2004-02-06,False,p496221,1314,0,2,4,21,0,0,0,2,0,0,0,244,261.2,381.4,69.0,71.2,16,0.38,2.17,2.55,19.34,0,0,0,0,0,0,0,264,120,106,77,312,171,230,116,4.0,,,,,,0.03,0.0,0.15,0.18,1.32,1.44,339,220,309,143,275,120,412,144,1.1,0.27,31,0,,7,0,Crystal Palace,0,0,12,CRY,3,,False,0,1150,1155,1140,1140,1160,1170,6,3,Midfielders,MID,Midfielder,MID,5,,,2,5,False,[],347
True,False,0.0,0.0,579075,0,0,0,0,0,3,0.0,0.0,0,Asher,0.0,646,False,Loaned to Gillingham,2025-01-22T10:13:54.779905Z,45,579075.jpg,1.0,False,Agbinone,0.0,False,,u,7,31,2,9074,0,8035,0,0.0,0.4,Agbinone,241.0,2024-07-30,,False,p579075,4,0,0,0,0,0,0,0,0,0,0,0,4,4.0,10.6,1.0,1.5,0,0.02,0.01,0.03,0.00,0,0,0,0,0,0,0,523,240,459,234,478,242,520,240,,,,,,,0.45,0.0,0.22,0.67,0.0,0.0,473,299,681,274,501,227,638,253,0.0,0.0,31,0,,7,0,Crystal Palace,0,0,12,CRY,3,,False,0,1150,1155,1140,1140,1160,1170,6,3,Midfielders,MID,Midfielder,MID,5,,,2,5,False,[],347
True,False,0.0,0.0,480455,0,0,-1,1,0,2,0.0,0.0,0,Jarrad,2.2,219,False,Hamstring injury - Expected back 01 Jul,2025-05-18T20:30:07.482582Z,49,480455.jpg,2.9,False,Branthwaite,1.9,False,,i,8,11,88,382261,0,419180,0,0.4,18.0,Branthwaite,241.0,2020-06-20,2002-06-27,False,p480455,2509,0,1,9,28,0,0,0,4,0,0,3,420,624.6,57.7,130.0,81.3,28,1.20,0.61,1.81,29.83,0,0,0,0,0,0,0,87,32,350,116,240,64,198,62,,,,,,,0.04,0.0,0.02,0.06,1.07,1.0,268,33,178,52,152,41,140,53,1.0,0.32,11,0,,8,0,Everton,0,0,13,EVE,3,,False,0,1120,1145,1160,1160,1080,1130,7,2,Defenders,DEF,Defender,DEF,5,,,3,5,False,[],268
True,False,0.0,0.0,59949,0,0,-2,2,0,2,0.0,0.0,0,Séamus,0.5,221,False,Thigh injury - Expected back 01 Jun,2025-05-18T20:30:07.497165Z,43,59949.jpg,1.0,False,Coleman,0.0,False,,i,8,11,5,6327,0,8964,0,0.1,1.2,Coleman,104.0,2009-02-02,1988-10-11,False,p59949,214,0,0,0,4,0,0,0,1,0,0,0,17,42.4,3.8,23.0,7.1,3,0.62,0.03,0.65,4.45,0,0,0,0,0,0,0,446,164,481,171,393,137,462,163,,,,,,,0.26,0.0,0.01,0.27,1.87,1.68,560,110,333,101,478,172,592,206,1.26,0.0,11,0,,8,0,Everton,0,0,13,EVE,3,,False,0,1120,1145,1160,1160,1080,1130,7,2,Defenders,DEF,Defender,DEF,5,,,3,5,False,[],268
True,False,0.0,0.0,194164,0,0,0,0,0,2,0.0,0.0,0,Mason,0.0,225,False,Loaned to West Bromwich Albion,2024-08-31T08:24:25.909228Z,40,194164.jpg,1.0,False,Holgate,0.1,False,,u,8,11,1,11786,0,52358,0,0.0,0.2,Holgate,,,,False,p194164,5,0,0,0,1,0,0,0,0,0,0,0,-1,0.0,0.0,0.0,0.0,0,0.00,0.00,0.00,0.07,0,0,0,0,0,0,0,594,201,578,199,537,188,594,201,,,,,,,0.0,0.0,0.0,0.0,1.26,18.0,644,167,454,150,463,159,415,148,0.0,0.0,11,0,,8,0,Everton,0,0,13,EVE,3,,False,0,1120,1145,1160,1160,1080,1130,7,2,Defenders,DEF,Defender,DEF,5,,,3,5,False,[],268
True,False,0.0,0.0,490094,0,0,-2,2,0,3,0.0,0.0,0,Tim,0.5,226,False,Groin Injury - Expected back 01 Jun,2025-05-25T13:00:08.397954Z,43,490094.jpg,1.2,False,Iroegbunam,0.6,False,,i,8,11,22,278892,0,252681,0,0.1,5.1,Iroegbunam,241.0,2024-06-22,2003-06-30,False,p490094,562,0,1,0,16,0,0,0,4,0,0,0,82,122.2,40.9,32.0,19.6,5,0.23,0.14,0.37,12.25,0,0,0,0,0,0,0,372,173,379,205,373,198,398,192,,,,,,,0.04,0.0,0.02,0.06,1.96,2.56,588,341,339,158,434,204,249,79,0.8,0.0,11,0,,8,0,Everton,0,0,13,EVE,3,,False,0,1120,1145,1160,1160,1080,1130,7,3,Midfielders,MID,Midfielder,MID,5,,,2,5,False,[],347
True,False,0.0,0.0,115382,0,0,-1,1,0,4,0.0,0.0,0,Neal,0.0,229,False,Transferred to Marseille,2024-08-31T06:13:30.372925Z,49,115382.jpg,0.0,False,Maupay,0.2,False,,u,8,11,0,20402,0,164668,0,0.0,0.0,Maupay,,,,False,p115382,0,0,0,0,0,0,0,0,0,0,0,0,0,0.0,0.0,0.0,0.0,0,0.00,0.00,0.00,0.00,0,0,0,0,0,0,0,774,76,773,75,761,76,774,76,,,,,,,0.0,0.0,0.0,0.0,0.0,0.0,241,51,723,64,775,77,339,54,0.0,0.0,11,0,,8,0,Everton,0,0,13,EVE,3,,False,0,1120,1145,1160,1160,1080,1130,7,4,Forwards,FWD,Forward,FWD,3,,,1,3,False,[],87
True,False,0.0,0.0,17761,0,0,-3,3,2,2,0.0,0.0,0,James,0.0,236,False,Hamstring injury - Expected back 01 Jun,2025-04-19T21:00:07.561932Z,47,17761.jpg,3.2,False,Tarkowski,1.6,False,,i,8,11,105,591473,0,656707,0,0.0,22.3,Tarkowski,241.0,2022-07-01,1992-11-19,False,p17761,2922,1,1,10,38,0,0,0,6,0,0,8,468,859.0,188.8,217.0,126.9,33,1.32,2.33,3.65,39.30,0,0,0,0,0,0,0,19,6,217,50,163,26,102,17,,,,,,,0.04,0.0,0.07,0.11,1.21,1.17,318,41,697,253,128,33,154,59,1.02,0.31,11,0,,8,0,Everton,0,0,13,EVE,3,,False,0,1120,1145,1160,1160,1080,1130,7,2,Defenders,DEF,Defender,DEF,5,,,3,5,False,[],268
True,False,0.0,0.0,463903,0,0,-5,5,0,3,0.0,0.0,0,Jesper,0.0,577,False,Groin Injury - Expected back 01 Jun,2025-04-04T12:00:09.306283Z,50,463903.jpg,1.8,False,Lindstrøm,0.1,False,,i,8,11,44,12791,0,22934,0,0.0,8.8,Lindstrøm,58.0,2024-07-26,2000-02-29,False,p463903,1229,0,1,6,14,0,0,0,2,0,0,0,167,214.2,309.6,237.0,76.0,15,2.15,1.96,4.11,13.37,0,0,0,0,0,0,0,297,137,140,99,148,95,215,111,2.0,,1.0,,,,0.16,0.0,0.14,0.3,0.98,1.03,223,141,749,321,338,156,529,198,1.1,0.44,11,0,,8,0,Everton,0,0,13,EVE,3,,False,0,1120,1145,1160,1160,1080,1130,7,3,Midfielders,MID,Midfielder,MID,5,,,2,5,False,[],347
True,False,0.0,0.0,609873,0,0,-1,1,0,3,0.0,0.0,0,Harrison,0.0,603,False,Loaned to Derby County,2025-02-04T10:31:41.928684Z,44,609873.jpg,0.7,False,Armstrong,0.1,False,,u,8,11,2,35572,0,40178,0,0.0,0.5,Armstrong,241.0,2024-08-09,,False,p609873,47,0,0,0,1,0,0,0,1,0,0,0,1,1.8,10.9,9.0,2.2,0,0.37,0.00,0.37,0.45,0,0,0,0,0,0,0,544,252,456,233,436,222,503,235,,,,,,,0.71,0.0,0.0,0.71,0.86,1.91,555,336,594,215,546,254,427,147,0.0,0.0,11,0,,8,0,Everton,0,0,13,EVE,3,,False,0,1120,1145,1160,1160,1080,1130,7,3,Midfielders,MID,Midfielder,MID,5,,,2,5,False,[],347
True,False,0.0,0.0,491557,0,0,0,0,0,3,0.0,0.0,0,Jenson,0.0,614,False,Season long loan to Chesterfield,2024-09-01T09:13:11.888586Z,45,491557.jpg,0.0,False,Metcalfe,0.0,False,,u,8,11,0,777,0,1082,0,0.0,0.0,Metcalfe,,,,False,p491557,0,0,0,0,0,0,0,0,0,0,0,0,0,0.0,0.0,0.0,0.0,0,0.00,0.00,0.00,0.00,0,0,0,0,0,0,0,716,286,713,286,694,277,716,286,,,,,,,0.0,0.0,0.0,0.0,0.0,0.0,416,256,633,237,721,287,761,319,0.0,0.0,11,0,,8,0,Everton,0,0,13,EVE,3,,False,0,1120,1145,1160,1160,1080,1130,7,3,Midfielders,MID,Midfielder,MID,5,,,2,5,False,[],347
True,False,0.0,0.0,179519,0,0,0,0,0,3,0.0,0.0,0,Orel,0.0,651,False,Knee injury - Expected back 01 Jun,2025-01-25T21:00:10.987581Z,50,179519.jpg,2.1,False,Mangala,0.0,False,,i,8,11,39,5164,0,5312,0,0.0,7.8,Mangala,21.0,2024-08-30,1998-03-18,False,p179519,1257,1,0,5,10,0,0,0,2,0,0,0,175,172.8,133.5,106.0,41.4,14,1.13,0.59,1.72,16.64,0,0,0,0,0,0,0,335,153,263,162,267,152,316,161,,,,,,,0.08,0.0,0.04,0.12,1.19,0.72,202,123,739,313,280,123,687,279,1.0,0.36,11,0,,8,0,Everton,0,0,13,EVE,3,,False,0,1120,1145,1160,1160,1080,1130,7,3,Midfielders,MID,Midfielder,MID,5,,,2,5,False,[],347
True,False,0.0,0.0,200641,0,0,0,0,0,3,0.0,0.0,0,Reiss,0.0,10,False,Hamstring injury - Expected back 01 Jun,2024-12-05T00:30:07.571778Z,50,200641.jpg,2.2,False,Nelson,0.0,False,,i,9,54,27,16146,0,18679,0,0.0,5.4,Nelson,241.0,2024-08-30,1999-12-10,False,p200641,483,1,1,1,9,0,0,0,1,0,0,2,143,131.6,223.9,195.0,55.1,5,1.07,0.96,2.03,6.13,0,0,0,0,0,0,0,366,170,189,130,184,116,277,144,4.0,,,,,,0.2,0.0,0.18,0.38,1.14,1.68,203,124,740,314,258,110,555,210,0.93,0.19,54,0,,9,0,Fulham,0,0,11,FUL,3,,False,0,1155,1155,1150,1150,1160,1160,34,3,Midfielders,MID,Midfielder,MID,5,,,2,5,False,[],347
True,False,0.0,0.0,166477,0,0,-3,3,0,2,0.0,0.0,0,Timothy,0.2,244,False,Ankle injury - Expected back 01 Jun,2025-05-07T22:00:07.863791Z,42,166477.jpg,1.9,False,Castagne,0.8,False,,i,9,54,46,237055,0,426100,0,0.0,11.0,Castagne,21.0,2023-08-29,1995-12-05,False,p166477,1642,0,1,3,28,0,0,0,1,0,0,0,205,360.4,163.6,123.0,64.9,17,0.38,0.56,0.94,22.39,0,0,0,0,0,0,0,201,73,235,58,246,69,251,80,,,,,,,0.02,0.0,0.03,0.05,1.23,1.53,613,146,378,122,310,100,226,86,0.93,0.16,54,0,,9,0,Fulham,0,0,11,FUL,3,,False,0,1155,1155,1150,1150,1160,1160,34,2,Defenders,DEF,Defender,DEF,5,,,3,5,False,[],268
True,False,0.0,0.0,515024,0,0,0,0,0,3,0.0,0.0,0,Luke,0.0,246,False,Season long loan to Birmingham City,2024-08-06T17:24:03.566492Z,45,515024.jpg,0.0,False,Harris,0.0,False,,u,9,54,0,0,0,989,0,0.0,0.0,Harris,,,,False,p515024,0,0,0,0,0,0,0,0,0,0,0,0,0,0.0,0.0,0.0,0.0,0,0.00,0.00,0.00,0.00,0,0,0,0,0,0,0,727,296,723,296,705,287,727,296,,,,,,,0.0,0.0,0.0,0.0,0.0,0.0,432,270,645,248,731,297,767,323,0.0,0.0,54,0,,9,0,Fulham,0,0,11,FUL,3,,False,0,1155,1155,1150,1150,1160,1160,34,3,Midfielders,MID,Midfielder,MID,5,,,2,5,False,[],347
True,False,0.0,0.0,120721,0,0,0,0,0,2,0.0,0.0,0,Kevin,0.0,250,False,Transferred to FC Midtjylland,2024-08-31T06:24:47.127908Z,40,120721.jpg,0.0,False,Mbabu,0.1,False,,u,9,54,0,8149,0,45321,0,0.0,0.0,Mbabu,,,,False,p120721,0,0,0,0,0,0,0,0,0,0,0,0,0,0.0,0.0,0.0,0.0,0,0.00,0.00,0.00,0.00,0,0,0,0,0,0,0,593,200,576,198,535,187,593,200,,,,,,,0.0,0.0,0.0,0.0,0.0,0.0,641,165,452,149,602,201,423,152,0.0,0.0,54,0,,9,0,Fulham,0,0,11,FUL,3,,False,0,1155,1155,1150,1150,1160,1160,34,2,Defenders,DEF,Defender,DEF,5,,,3,5,False,[],268
True,False,0.0,0.0,244042,0,0,-5,5,1,4,0.0,0.0,0,Rodrigo,0.0,251,False,Achilles injury - Expected back 01 Jun,2025-04-21T04:30:07.731276Z,55,244042.jpg,2.8,False,Muniz Carvalho,1.4,False,,i,9,54,86,857876,0,1390576,0,0.0,15.6,Muniz,30.0,2021-08-20,2001-05-04,False,p244042,943,8,1,2,17,0,0,0,1,0,0,14,349,352.4,95.3,508.0,95.4,8,5.91,0.20,6.11,15.28,0,0,0,0,0,0,0,211,21,306,33,62,21,156,22,,,,,,,0.56,0.0,0.02,0.58,1.46,1.62,113,30,778,78,176,23,170,25,0.76,0.19,54,0,,9,0,Fulham,0,0,11,FUL,3,,False,0,1155,1155,1150,1150,1160,1160,34,4,Forwards,FWD,Forward,FWD,3,,,1,3,False,[],87
True,False,0.0,0.0,82514,0,0,0,0,0,2,0.0,0.0,0,Tim,0.0,253,False,Permanent transfer to Charlotte FC,2024-08-09T11:16:10.995330Z,45,82514.jpg,0.0,False,Ream,0.0,False,,u,9,54,0,0,0,1226,0,0.0,0.0,Ream,,,,False,p82514,0,0,0,0,0,0,0,0,0,0,0,0,0,0.0,0.0,0.0,0.0,0,0.00,0.00,0.00,0.00,0,0,0,0,0,0,0,687,260,682,259,659,257,687,260,,,,,,,0.0,0.0,0.0,0.0,0.0,0.0,362,55,596,239,692,259,751,256,0.0,0.0,54,0,,9,0,Fulham,0,0,11,FUL,3,,False,0,1155,1155,1150,1150,1160,1160,34,2,Defenders,DEF,Defender,DEF,5,,,3,5,False,[],268
True,False,0.0,0.0,153366,0,0,-3,3,0,3,0.0,0.0,0,Harrison,0.2,254,False,Calf injury - Expected back 01 Jun,2025-05-04T12:00:08.026361Z,47,153366.jpg,0.8,False,Reed,0.0,False,,i,9,54,10,3096,0,6061,0,0.0,2.1,Reed,241.0,2020-08-30,1995-01-27,False,p153366,100,0,0,0,3,0,0,0,2,0,0,0,36,18.6,20.6,33.0,7.1,0,0.23,0.09,0.32,4.62,0,0,0,0,0,0,0,485,223,427,222,371,197,463,216,,,,,,,0.21,0.0,0.08,0.29,4.16,2.7,321,208,397,183,541,253,630,248,0.0,0.0,54,0,,9,0,Fulham,0,0,11,FUL,3,,False,0,1155,1155,1150,1150,1160,1160,34,3,Midfielders,MID,Midfielder,MID,5,,,2,5,False,[],347
True,False,0.0,0.0,490146,0,0,0,0,0,4,0.0,0.0,0,Jay,0.0,256,False,Transferred to Birmingham City,2024-08-31T09:25:38.042723Z,50,490146.jpg,1.0,False,Stansfield,0.0,False,,u,9,54,1,4673,0,12134,0,0.0,0.2,Stansfield,,,,False,p490146,1,0,0,0,0,0,0,0,0,0,0,0,2,0.0,0.0,0.0,0.0,0,0.00,0.00,0.00,0.67,0,0,0,0,0,0,0,789,81,788,81,781,81,789,81,,,,,,,0.0,0.0,0.0,0.0,60.3,0.0,226,49,752,70,524,61,598,78,0.0,0.0,54,0,,9,0,Fulham,0,0,11,FUL,3,,False,0,1155,1155,1150,1150,1160,1160,34,4,Forwards,FWD,Forward,FWD,3,,,1,3,False,[],87
True,False,0.0,0.0,462387,0,0,-3,3,0,4,0.0,0.0,0,Ali,0.0,260,False,Loaned to Stoke City,2025-01-27T09:58:45.208139Z,47,462387.jpg,0.7,False,Al-Hamadi,0.2,False,,u,10,40,8,61694,0,88018,0,0.0,1.7,Al-Hamadi,103.0,2024-01-29,,False,p462387,125,0,0,0,5,0,0,0,3,0,0,0,15,5.6,25.7,32.0,6.0,0,0.35,0.04,0.39,3.84,0,0,0,0,0,0,0,513,51,417,47,376,49,473,49,,,,,2.0,,0.25,0.0,0.03,0.28,2.76,3.6,332,62,703,60,547,63,350,55,0.0,0.0,40,0,,10,0,Ipswich,0,0,19,IPS,2,,False,0,1065,1065,1040,1040,1090,1090,8,4,Forwards,FWD,Forward,FWD,3,,,1,3,False,[],87
True,False,0.0,0.0,517178,0,0,0,0,0,2,0.0,0.0,0,Elkan,0.0,261,False,Season long loan to Blackpool,2024-08-07T08:20:38.133494Z,40,517178.jpg,0.0,False,Baggott,0.0,False,,u,10,40,0,0,0,2914,0,0.0,0.0,Baggott,,,,False,p517178,0,0,0,0,0,0,0,0,0,0,0,0,0,0.0,0.0,0.0,0.0,0,0.00,0.00,0.00,0.00,0,0,0,0,0,0,0,628,225,615,223,575,213,628,225,,,,,,,0.0,0.0,0.0,0.0,0.0,0.0,688,198,494,178,635,224,696,239,0.0,0.0,40,0,,10,0,Ipswich,0,0,19,IPS,2,,False,0,1065,1065,1040,1040,1090,1090,8,2,Defenders,DEF,Defender,DEF,5,,,3,5,False,[],268
True,False,0.0,0.0,149929,0,0,-3,3,0,3,0.0,0.0,0,Wes,0.0,264,False,Knee injury - Expected back 01 Jun,2025-01-25T21:00:10.042481Z,47,149929.jpg,1.7,False,Burns,0.0,False,,i,10,40,30,5890,0,13279,0,0.0,6.4,Burns,244.0,2021-06-09,1994-11-23,False,p149929,922,0,1,1,23,0,0,0,1,0,0,0,144,111.6,148.5,66.0,31.8,12,0.50,1.17,1.67,23.62,0,0,0,0,0,0,0,385,183,247,155,316,174,357,178,,,,,,,0.05,0.0,0.11,0.16,2.31,2.25,320,207,699,286,351,161,621,244,1.17,0.1,40,0,,10,0,Ipswich,0,0,19,IPS,2,,False,0,1065,1065,1040,1040,1090,1090,8,3,Midfielders,MID,Midfielder,MID,5,,,2,5,False,[],347
True,False,0.0,0.0,232228,0,0,0,0,0,2,0.0,0.0,0,Harry,0.0,266,False,Loaned to Sheffield United,2025-02-03T10:21:05.274215Z,40,232228.jpg,0.1,False,Clarke,0.0,False,,u,10,40,1,10773,0,12416,0,0.0,0.2,H.Clarke,241.0,2023-01-19,,False,p232228,377,0,0,0,10,1,0,0,1,1,0,0,-5,48.2,24.4,35.0,10.5,4,0.08,0.10,0.18,9.10,0,0,0,0,0,0,0,441,160,422,151,363,123,441,154,,,,,,,0.02,0.0,0.02,0.04,2.17,2.39,654,175,464,158,560,196,558,193,0.95,0.0,40,0,,10,0,Ipswich,0,0,19,IPS,2,,False,0,1065,1065,1040,1040,1090,1090,8,2,Defenders,DEF,Defender,DEF,5,,,3,5,False,[],268
True,False,0.0,0.0,214964,0,0,0,0,0,2,0.0,0.0,0,George,0.0,269,False,Loaned to Middlesbrough,2024-08-31T08:22:49.668219Z,40,214964.jpg,1.0,False,Edmundson,0.1,False,,u,10,40,1,2076,0,15347,0,0.0,0.2,Edmundson,241.0,2021-07-27,,False,p214964,1,0,0,0,0,0,0,0,0,0,0,0,3,0.0,0.0,0.0,0.0,0,0.00,0.00,0.00,0.00,0,0,0,0,0,0,0,600,206,585,204,544,193,600,206,,,,,,,0.0,0.0,0.0,0.0,0.0,0.0,652,173,462,156,465,160,544,189,0.0,0.0,40,0,,10,0,Ipswich,0,0,19,IPS,2,,False,0,1065,1065,1040,1040,1090,1090,8,2,Defenders,DEF,Defender,DEF,5,,,3,5,False,[],268
True,False,0.0,0.0,167191,0,0,-1,1,0,3,0.0,0.0,0,Marcus,0.0,271,False,Loaned to Derby County,2024-08-31T08:21:56.022360Z,49,167191.jpg,1.0,False,Myers-Harness,0.0,False,,u,10,40,2,347,0,2455,0,0.0,0.4,Harness,,,,False,p167191,43,0,0,0,2,0,0,0,0,0,0,0,4,9.4,1.9,6.0,1.7,0,0.00,0.05,0.05,1.36,0,0,0,0,0,0,0,503,233,493,240,455,233,516,238,,,,,,,0.0,0.0,0.1,0.1,2.85,4.19,244,154,724,301,518,238,729,304,0.0,0.0,40,0,,10,0,Ipswich,0,0,19,IPS,2,,False,0,1065,1065,1040,1040,1090,1090,8,3,Midfielders,MID,Midfielder,MID,5,,,2,5,False,[],347
True,False,0.0,0.0,524180,0,0,0,0,0,3,0.0,0.0,0,Cameron,0.0,273,False,Loaned to Wycombe,2024-08-23T12:39:48.370081Z,45,524180.jpg,0.0,False,Humphreys,0.0,False,,u,10,40,0,651,0,5245,0,0.0,0.0,Humphreys,,,,False,p524180,0,0,0,0,0,0,0,0,0,0,0,0,0,0.0,0.0,0.0,0.0,0,0.00,0.00,0.00,0.00,0,0,0,0,0,0,0,732,301,728,301,710,292,732,301,,,,,,,0.0,0.0,0.0,0.0,0.0,0.0,439,276,651,254,736,302,709,291,0.0,0.0,40,0,,10,0,Ipswich,0,0,19,IPS,2,,False,0,1065,1065,1040,1040,1090,1090,8,3,Midfielders,MID,Midfielder,MID,5,,,2,5,False,[],347
True,False,0.0,0.0,94926,0,0,0,0,0,4,0.0,0.0,0,Freddie,0.0,276,False,Mutual termination of contract,2024-08-31T06:23:26.859072Z,45,94926.jpg,0.0,False,Ladapo,0.4,False,,u,10,40,0,59882,0,220762,0,0.0,0.0,Ladapo,,,,False,p94926,0,0,0,0,0,0,0,0,0,0,0,0,0,0.0,0.0,0.0,0.0,0,0.00,0.00,0.00,0.00,0,0,0,0,0,0,0,688,60,683,59,660,60,688,60,,,,,,,0.0,0.0,0.0,0.0,0.0,0.0,363,64,597,43,693,65,289,47,0.0,0.0,40,0,,10,0,Ipswich,0,0,19,IPS,2,,False,0,1065,1065,1040,1040,1090,1090,8,4,Forwards,FWD,Forward,FWD,3,,,1,3,False,[],87
True,False,0.0,0.0,246265,0,0,0,0,0,2,0.0,0.0,0,Corrie,0.0,279,False,Permanent transfer to Kilmarnock,2024-08-01T06:52:12.954431Z,40,246265.jpg,0.0,False,Ndaba,0.0,False,,u,10,40,0,0,0,649,0,0.0,0.0,Ndaba,,,,False,p246265,0,0,0,0,0,0,0,0,0,0,0,0,0,0.0,0.0,0.0,0.0,0,0.00,0.00,0.00,0.00,0,0,0,0,0,0,0,602,208,587,206,546,195,602,208,,,,,,,0.0,0.0,0.0,0.0,0.0,0.0,655,176,465,159,609,207,765,260,0.0,0.0,40,0,,10,0,Ipswich,0,0,19,IPS,2,,False,0,1065,1065,1040,1040,1090,1090,8,2,Defenders,DEF,Defender,DEF,5,,,3,5,False,[],268
True,False,0.0,0.0,155405,0,0,-2,2,0,3,0.0,0.0,0,Kalvin,0.2,359,False,Foot injury - Expected back 01 Jun,2025-05-16T14:00:08.553588Z,48,155405.jpg,1.4,False,Phillips,0.1,False,,i,10,40,27,6846,0,14049,0,0.0,5.6,Phillips,241.0,2024-08-16,1995-12-02,False,p155405,1231,0,0,1,30,0,0,0,4,1,0,0,167,181.8,116.2,41.0,33.8,14,0.45,0.46,0.91,27.21,0,0,0,0,0,0,0,330,149,278,169,354,189,347,172,2.0,,2.0,,,,0.03,0.0,0.03,0.06,1.99,2.19,287,186,400,186,412,191,549,208,1.02,0.07,40,0,,10,0,Ipswich,0,0,19,IPS,2,,False,0,1065,1065,1040,1040,1090,1090,8,3,Midfielders,MID,Midfielder,MID,5,,,2,5,False,[],347
True,False,0.0,0.0,232917,0,0,-1,1,0,1,0.0,0.0,0,Arijanet,0.0,568,False,Shoulder injury - Expected back 01 Jun,2025-04-11T14:00:07.052575Z,44,232917.jpg,2.7,False,Muric,0.4,False,,i,10,40,49,199421,0,207808,0,0.0,11.1,Muric,286.0,2024-07-17,1998-11-07,False,p232917,1620,0,0,1,33,0,0,0,1,0,70,5,186,531.2,0.0,0.0,53.1,18,0.00,0.01,0.01,36.12,0,0,0,0,0,0,0,127,20,669,77,643,63,286,20,,,,,,,0.0,3.89,0.0,0.0,2.01,1.83,524,23,575,78,184,30,270,38,1.0,0.06,40,0,,10,0,Ipswich,0,0,19,IPS,2,,False,0,1065,1065,1040,1040,1090,1090,8,1,Goalkeepers,GKP,Goalkeeper,GKP,2,,,1,1,True,[12],82
True,False,0.0,0.0,481624,0,0,-2,2,1,3,0.0,0.0,0,Jaden,0.0,569,False,Knee injury - Expected back 01 Jun,2025-04-14T08:30:08.245702Z,53,481624.jpg,1.8,False,Philogene,0.1,False,,i,10,40,37,10338,0,15335,0,0.0,7.0,Jaden,241.0,2025-01-15,2002-02-08,False,p481624,796,2,0,2,22,0,0,0,3,1,0,3,116,159.0,98.2,190.0,43.9,7,2.43,0.34,2.77,14.41,0,0,0,0,0,0,0,340,155,303,179,190,119,307,156,,,,,,,0.27,0.0,0.04,0.31,1.63,2.49,154,92,769,328,341,159,545,206,0.79,0.23,40,0,,10,0,Ipswich,0,0,19,IPS,2,,False,0,1065,1065,1040,1040,1090,1090,8,3,Midfielders,MID,Midfielder,MID,5,,,2,5,False,[],347
True,False,25.0,25.0,108053,0,0,-1,1,0,2,-0.1,-0.1,0,Conor,0.0,583,False,Hamstring injury - 25% chance of playing,2025-04-21T04:30:08.085211Z,39,108053.jpg,1.8,False,Townsend,0.5,False,,d,10,40,11,74790,0,70239,0,0.0,2.8,Townsend,241.0,2024-08-01,1993-03-04,False,p108053,334,0,1,0,6,0,0,0,1,0,0,0,43,110.2,56.0,13.0,18.0,3,0.03,0.24,0.27,8.13,0,0,0,0,0,0,0,389,137,354,118,422,150,404,140,,,,,,,0.01,0.0,0.06,0.07,2.19,1.62,741,240,421,135,325,104,260,101,0.81,0.0,40,0,,10,0,Ipswich,0,0,19,IPS,2,,False,0,1065,1065,1040,1040,1090,1090,8,2,Defenders,DEF,Defender,DEF,5,,,3,5,False,[],268
True,False,0.0,0.0,229164,0,0,-2,2,0,3,0.0,0.0,0,Chiedozie,0.0,632,False,Achilles injury - Expected back 01 Jun,2024-10-26T20:00:08.138345Z,48,229164.jpg,1.4,False,Ogbene,0.0,False,,i,10,40,7,2873,0,2908,0,0.0,1.5,Ogbene,104.0,2024-08-28,1997-05-01,False,p229164,237,0,0,0,3,0,0,0,0,0,0,0,29,22.8,30.2,12.0,6.4,3,0.00,0.05,0.05,2.36,0,0,0,0,0,0,0,477,220,404,213,428,219,471,220,,,,,,,0.0,0.0,0.02,0.02,0.9,1.14,304,198,718,298,413,192,728,303,1.14,0.0,40,0,,10,0,Ipswich,0,0,19,IPS,2,,False,0,1065,1065,1040,1040,1090,1090,8,3,Midfielders,MID,Midfielder,MID,5,,,2,5,False,[],347
True,False,0.0,0.0,461416,0,0,0,0,0,4,0.0,0.0,0,Tom,0.0,286,False,Loaned to Stoke City,2024-08-31T06:20:48.397195Z,45,461416.jpg,0.0,False,Cannon,0.3,False,,u,11,13,0,49177,0,156745,0,0.0,0.0,Cannon,104.0,2023-09-01,,False,p461416,0,0,0,0,0,0,0,0,0,0,0,0,0,0.0,0.0,0.0,0.0,0,0.00,0.00,0.00,0.00,0,0,0,0,0,0,0,705,62,702,62,682,62,705,62,,,,,,,0.0,0.0,0.0,0.0,0.0,0.0,398,67,619,46,710,67,318,51,0.0,0.0,13,0,,11,0,Leicester,0,0,18,LEI,2,,False,0,975,975,1000,1020,990,990,26,4,Forwards,FWD,Forward,FWD,3,,,1,3,False,[],87
True,False,0.0,0.0,197469,0,0,-1,1,0,3,0.0,0.0,0,Hamza,0.0,287,False,Loaned to Sheffield United,2025-01-30T11:40:47.663636Z,44,197469.jpg,1.0,False,Choudhury,1.0,False,,u,11,13,4,474957,0,413990,0,0.0,0.9,Choudhury,18.0,2017-09-18,,False,p197469,129,0,0,0,5,0,0,0,0,0,0,0,29,33.8,30.4,6.0,7.0,1,0.00,0.19,0.19,5.28,0,0,0,0,0,0,0,461,209,402,212,449,228,465,217,,,,,,,0.0,0.0,0.13,0.13,3.68,3.49,509,315,568,200,483,214,205,64,0.7,0.0,13,0,,11,0,Leicester,0,0,18,LEI,2,,False,0,975,975,1000,1020,990,990,26,3,Midfielders,MID,Midfielder,MID,5,,,2,5,False,[],347
True,False,0.0,0.0,96994,0,0,-3,3,0,3,0.0,0.0,0,Bobby,0.0,290,False,Muscle injury - Expected back 01 Jun,2025-04-26T18:00:08.353099Z,52,96994.jpg,2.1,False,De Cordova-Reid,0.1,False,,i,11,13,48,9853,0,20982,0,0.0,9.2,De Cordova-Reid,107.0,2024-07-05,1993-02-02,False,p96994,734,1,4,1,17,0,0,0,2,0,0,2,145,102.2,84.4,72.0,26.0,9,0.79,0.14,0.93,14.61,0,0,0,0,0,0,0,398,187,316,183,305,170,375,187,,,,,,,0.1,0.0,0.02,0.12,1.79,2.08,164,98,764,327,282,125,525,197,1.1,0.12,13,0,,11,0,Leicester,0,0,18,LEI,2,,False,0,975,975,1000,1020,990,990,26,3,Midfielders,MID,Midfielder,MID,5,,,2,5,False,[],347
True,False,0.0,0.0,467189,0,0,-1,1,1,1,0.0,0.0,0,Mads,0.0,293,False,Groin Injury - Expected back 01 Jun,2025-05-01T12:00:08.105076Z,44,467189.jpg,2.3,False,Hermansen,0.4,False,,i,11,13,63,131552,0,153449,0,0.0,14.3,Hermansen,58.0,2023-07-18,2000-07-11,False,p467189,2385,0,0,1,58,0,1,0,1,0,103,1,231,827.0,0.2,0.0,82.8,27,0.00,0.02,0.02,55.09,0,0,0,0,0,0,0,27,9,521,21,646,65,192,9,,,,,,,0.0,3.89,0.0,0.0,2.08,2.19,532,25,579,80,238,35,287,43,1.02,0.04,13,0,,11,0,Leicester,0,0,18,LEI,2,,False,0,975,975,1000,1020,990,990,26,1,Goalkeepers,GKP,Goalkeeper,GKP,2,,,1,1,True,[12],82
True,False,0.0,0.0,461584,0,0,0,0,0,3,0.0,0.0,0,Wanya,0.0,297,False,Loaned to De Graafschap,2024-08-31T06:21:32.289998Z,45,461584.jpg,0.0,False,Marçal-Madivádua,0.0,False,,u,11,13,0,754,0,4577,0,0.0,0.0,Marcal,,,,False,p461584,0,0,0,0,0,0,0,0,0,0,0,0,0,0.0,0.0,0.0,0.0,0,0.00,0.00,0.00,0.00,0,0,0,0,0,0,0,707,279,704,279,684,270,707,279,,,,,,,0.0,0.0,0.0,0.0,0.0,0.0,400,247,621,229,712,280,701,286,0.0,0.0,13,0,,11,0,Leicester,0,0,18,LEI,2,,False,0,975,975,1000,1020,990,990,26,3,Midfielders,MID,Midfielder,MID,5,,,2,5,False,[],347
True,False,0.0,0.0,154048,0,0,-5,5,0,3,0.0,0.0,0,Stephy,0.0,298,False,Muscle injury - Expected back 01 Jun,2025-04-25T00:00:08.352936Z,50,154048.jpg,2.4,False,Mavididi,0.3,False,,i,11,13,72,179589,0,212909,0,0.0,14.4,Mavididi,241.0,2023-07-31,1998-05-31,False,p154048,1606,4,1,1,38,0,0,0,2,0,0,5,270,339.2,375.3,302.0,101.5,16,1.85,3.25,5.10,36.71,0,0,0,0,0,0,0,221,96,110,81,112,74,146,85,,,1.0,,4.0,,0.1,0.0,0.18,0.28,2.06,2.13,200,121,738,312,224,94,324,99,0.9,0.06,13,0,,11,0,Leicester,0,0,18,LEI,2,,False,0,975,975,1000,1020,990,990,26,3,Midfielders,MID,Midfielder,MID,5,,,2,5,False,[],347
True,False,0.0,0.0,194190,0,0,0,0,0,2,0.0,0.0,0,Harry,0.0,303,False,Season long loan to Sheffield United,2024-08-07T08:21:01.638839Z,40,194190.jpg,0.0,False,Souttar,0.0,False,,u,11,13,0,0,0,1567,0,0.0,0.0,Souttar,13.0,2023-01-31,1998-10-22,False,p194190,0,0,0,0,0,0,0,0,0,0,0,0,0,0.0,0.0,0.0,0.0,0,0.00,0.00,0.00,0.00,0,0,0,0,0,0,0,595,202,579,200,538,189,595,202,,,,,,,0.0,0.0,0.0,0.0,0.0,0.0,645,168,455,151,603,202,730,248,0.0,0.0,13,0,,11,0,Leicester,0,0,18,LEI,2,,False,0,975,975,1000,1020,990,990,26,2,Defenders,DEF,Defender,DEF,5,,,3,5,False,[],268
True,False,0.0,0.0,531442,0,0,-4,4,0,3,0.0,0.0,0,Abdul,0.0,570,False,Knee injury - Expected back 01 Jun,2024-11-21T10:30:09.372550Z,51,531442.jpg,2.4,False,Fatawu,0.2,False,,i,11,13,26,69378,0,103265,0,0.0,5.1,A.Fatawu,81.0,2024-07-16,2004-03-08,False,p531442,576,0,2,0,14,0,0,0,0,0,0,3,125,147.6,104.3,148.0,40.1,6,0.41,1.42,1.83,11.00,0,0,0,0,0,0,0,353,160,292,173,225,130,323,163,,,,,,,0.06,0.0,0.22,0.28,1.72,2.19,190,114,761,326,226,96,388,130,0.94,0.0,13,0,,11,0,Leicester,0,0,18,LEI,2,,False,0,975,975,1000,1020,990,990,26,3,Midfielders,MID,Midfielder,MID,5,,,2,5,False,[],347
True,False,0.0,0.0,532534,0,0,-1,1,0,3,0.0,0.0,0,Will,0.0,606,False,Loaned to Cardiff City,2025-02-03T18:00:25.183771Z,44,532534.jpg,1.0,False,Alves,0.1,False,,u,11,13,1,12604,0,15458,0,0.0,0.2,Alves,241.0,2024-02-09,,False,p532534,1,0,0,0,0,0,0,0,0,0,0,0,3,0.0,0.3,0.0,0.0,0,0.00,0.00,0.00,0.00,0,0,0,0,0,0,0,679,262,513,250,650,252,679,262,,,,,,,0.0,0.0,0.0,0.0,0.0,0.0,542,324,585,207,485,216,504,183,0.0,0.0,13,0,,11,0,Leicester,0,0,18,LEI,2,,False,0,975,975,1000,1020,990,990,26,3,Midfielders,MID,Midfielder,MID,5,,,2,5,False,[],347
True,False,0.0,0.0,501770,0,0,0,0,0,2,0.0,0.0,0,Ben,0.0,616,False,Loaned to Oxford United,2024-08-31T06:22:31.067773Z,40,501770.jpg,0.0,False,Nelson,0.0,False,,u,11,13,0,2208,0,3803,0,0.0,0.0,Nelson,,,,False,p501770,0,0,0,0,0,0,0,0,0,0,0,0,0,0.0,0.0,0.0,0.0,0,0.00,0.00,0.00,0.00,0,0,0,0,0,0,0,623,221,610,219,570,209,623,221,,,,,,,0.0,0.0,0.0,0.0,0.0,0.0,682,193,489,174,630,220,671,226,0.0,0.0,13,0,,11,0,Leicester,0,0,18,LEI,2,,False,0,975,975,1000,1020,990,990,26,2,Defenders,DEF,Defender,DEF,5,,,3,5,False,[],268
True,False,0.0,0.0,532535,0,0,0,0,0,2,0.0,0.0,0,Thomas,0.0,708,False,Loaned to Kilmarnock,2025-02-04T10:30:57.487547Z,40,532535.jpg,0.0,False,Wilson-Brown,0.0,False,,u,11,13,0,654,0,699,0,0.0,0.0,Wilson-Brown,241.0,2022-07-08,,False,p532535,0,0,0,0,0,0,0,0,0,0,0,0,0,0.0,0.0,0.0,0.0,0,0.00,0.00,0.00,0.00,0,0,0,0,0,0,0,629,226,617,225,578,216,629,226,,,,,,,0.0,0.0,0.0,0.0,0.0,0.0,691,201,497,181,636,225,745,254,0.0,0.0,13,0,,11,0,Leicester,0,0,18,LEI,2,,False,0,975,975,1000,1020,990,990,26,2,Defenders,DEF,Defender,DEF,5,,,3,5,False,[],268
True,False,0.0,0.0,535928,0,0,0,0,0,3,0.0,0.0,0,Stefan,0.0,312,False,Loaned to RB Salzburg,2024-08-31T06:19:45.092198Z,45,535928.jpg,0.0,False,Bajčetić Maquieira,0.0,False,,u,12,14,0,2712,0,17669,0,0.0,0.0,Bajcetic,,,,False,p535928,0,0,0,0,0,0,0,0,0,0,0,0,0,0.0,0.0,0.0,0.0,0,0.00,0.00,0.00,0.00,0,0,0,0,0,0,0,739,306,735,306,719,298,739,306,,,,,,,0.0,0.0,0.0,0.0,0.0,0.0,449,283,660,260,743,307,611,241,0.0,0.0,14,0,,12,0,Liverpool,0,0,1,LIV,5,,False,0,1350,1370,1320,1360,1380,1380,10,3,Midfielders,MID,Midfielder,MID,5,,,2,5,False,[],347
True,False,0.0,0.0,491970,0,0,0,0,0,3,0.0,0.0,0,Bobby,0.0,315,False,Transferred to RB Salzburg,2024-08-22T11:22:35.466323Z,45,491970.jpg,0.0,False,Clark,0.0,False,,u,12,14,0,444,0,5344,0,0.0,0.0,Clark,,,,False,p491970,0,0,0,0,0,0,0,0,0,0,0,0,0,0.0,0.0,0.0,0.0,0,0.00,0.00,0.00,0.00,0,0,0,0,0,0,0,717,287,714,287,695,278,717,287,,,,,,,0.0,0.0,0.0,0.0,0.0,0.0,417,257,634,238,722,288,703,288,0.0,0.0,14,0,,12,0,Liverpool,0,0,1,LIV,5,,False,0,1350,1370,1320,1360,1380,1380,10,3,Midfielders,MID,Midfielder,MID,5,,,2,5,False,[],347
True,False,0.0,0.0,496208,0,0,0,0,0,3,0.0,0.0,0,Ben,0.0,318,False,Loaned to Middlesbrough,2024-08-31T06:17:31.171503Z,45,496208.jpg,0.0,False,Doak,0.0,False,,u,12,14,0,1136,0,5680,0,0.0,0.0,Doak,,,,False,p496208,0,0,0,0,0,0,0,0,0,0,0,0,0,0.0,0.0,0.0,0.0,0,0.00,0.00,0.00,0.00,0,0,0,0,0,0,0,719,289,716,289,697,280,719,289,,,,,,,0.0,0.0,0.0,0.0,0.0,0.0,419,259,636,240,724,290,686,278,0.0,0.0,14,0,,12,0,Liverpool,0,0,1,LIV,5,,False,0,1350,1370,1320,1360,1380,1380,10,3,Midfielders,MID,Midfielder,MID,5,,,2,5,False,[],347
True,False,0.0,100.0,441266,0,0,0,0,0,3,3.2,1.8,-1,Ryan,0.8,323,False,Suspended until 23 Aug,2025-05-25T18:00:07.664729Z,50,441266.jpg,2.5,False,Gravenberch,0.7,False,,s,12,14,92,256491,0,232186,0,0.2,18.4,Gravenberch,152.0,2023-09-01,2002-05-16,False,p441266,3160,0,4,14,35,0,0,0,5,1,0,1,568,550.6,473.9,121.0,114.7,37,1.13,3.50,4.63,33.06,0,0,0,0,0,0,0,118,43,82,64,250,140,125,74,,,,,,,0.03,0.0,0.1,0.13,0.94,1.0,219,138,313,146,214,90,244,77,1.05,0.4,14,0,,12,0,Liverpool,0,0,1,LIV,5,,False,0,1350,1370,1320,1360,1380,1380,10,3,Midfielders,MID,Midfielder,MID,5,,,2,5,False,[],347
True,False,0.0,0.0,243016,0,0,-3,3,2,3,0.0,0.0,0,Alexis,1.2,329,False,Lack of match fitness - Expected back 16 Aug,2025-05-19T23:30:07.967116Z,62,243016.jpg,3.5,False,Mac Allister,1.7,False,,i,12,14,122,351038,0,474441,0,0.2,19.7,Mac Allister,10.0,2023-06-14,1998-12-24,False,p243016,2597,5,6,14,24,0,0,0,6,0,0,8,578,653.4,731.3,357.0,174.1,30,2.89,5.57,8.46,24.21,0,0,0,0,0,0,0,73,24,32,28,95,62,59,41,4.0,,,,,,0.1,0.0,0.19,0.29,0.84,0.83,63,36,262,126,96,43,149,49,1.04,0.49,14,0,,12,0,Liverpool,0,0,1,LIV,5,,False,0,1350,1370,1320,1360,1380,1380,10,3,Midfielders,MID,Midfielder,MID,5,,,2,5,False,[],347
True,False,0.0,0.0,197464,0,0,0,0,0,2,0.0,0.0,0,Nathaniel,0.0,332,False,Loaned to Derby County,2024-08-31T06:18:33.693343Z,40,197464.jpg,0.0,False,Phillips,0.1,False,,u,12,14,0,4026,0,17765,0,0.0,0.0,N.Phillips,,,,False,p197464,0,0,0,0,0,0,0,0,0,0,0,0,0,0.0,0.0,0.0,0.0,0,0.00,0.00,0.00,0.00,0,0,0,0,0,0,0,597,204,581,202,540,191,597,204,,,,,,,0.0,0.0,0.0,0.0,0.0,0.0,647,170,457,153,605,204,526,183,0.0,0.0,14,0,,12,0,Liverpool,0,0,1,LIV,5,,False,0,1350,1370,1320,1360,1380,1380,10,2,Defenders,DEF,Defender,DEF,5,,,3,5,False,[],268
True,False,0.0,0.0,219937,0,0,0,0,0,2,0.0,0.0,0,Rhys,0.0,334,False,Loaned to Morecambe,2024-08-22T11:18:16.485954Z,40,219937.jpg,0.0,False,Williams,0.0,False,,u,12,14,0,828,0,14601,0,0.0,0.0,R.Williams,241.0,2020-09-23,,False,p219937,0,0,0,0,0,0,0,0,0,0,0,0,0,0.0,0.0,0.0,0.0,0,0.00,0.00,0.00,0.00,0,0,0,0,0,0,0,601,207,586,205,545,194,601,207,,,,,,,0.0,0.0,0.0,0.0,0.0,0.0,653,174,463,157,608,206,564,196,0.0,0.0,14,0,,12,0,Liverpool,0,0,1,LIV,5,,False,0,1350,1370,1320,1360,1380,1380,10,2,Defenders,DEF,Defender,DEF,5,,,3,5,False,[],268
True,False,0.0,0.0,500058,0,0,0,0,0,4,0.0,0.0,0,Jayden,0.0,709,False,Loaned to Sunderland,2025-02-06T23:44:42.048875Z,45,500058.jpg,1.0,False,Danns,0.0,False,,u,12,14,1,6042,0,5445,0,0.0,0.2,Danns,241.0,2024-02-20,,False,p500058,10,0,0,0,1,0,0,0,0,0,0,0,2,0.0,0.3,0.0,0.0,0,0.00,0.01,0.01,0.45,0,0,0,0,0,0,0,724,63,514,55,702,63,724,63,,,,,,,0.0,0.0,0.09,0.09,4.05,9.0,426,69,641,48,495,53,681,85,0.0,0.0,14,0,,12,0,Liverpool,0,0,1,LIV,5,,False,0,1350,1370,1320,1360,1380,1380,10,4,Forwards,FWD,Forward,FWD,3,,,1,3,False,[],87
True,False,0.0,0.0,461358,0,0,0,0,0,4,0.0,0.0,0,Julián,0.0,352,False,Transferred to Atletico Madrid,2024-08-13T07:07:51.627006Z,70,461358.jpg,0.0,False,Álvarez,0.1,False,,u,13,43,0,0,0,29626,0,0.0,0.0,J.Alvarez,,,,False,p461358,0,0,0,0,0,0,0,0,0,0,0,0,0,0.0,0.0,0.0,0.0,0,0.00,0.00,0.00,0.00,0,0,0,0,0,0,0,803,86,803,86,803,86,803,86,,,,,,,0.0,0.0,0.0,0.0,0.0,0.0,30,14,799,85,802,86,476,67,0.0,0.0,43,0,,13,0,Man City,0,0,3,MCI,4,,False,0,1220,1270,1160,1170,1280,1370,11,4,Forwards,FWD,Forward,FWD,3,,,1,3,False,[],87
True,False,0.0,0.0,121145,0,0,-2,2,0,2,0.0,0.0,0,João,0.0,353,False,Permanent transfer to Saudi club Al-Hilal,2024-08-29T11:05:25.670531Z,53,121145.jpg,0.0,False,Cavaco Cancelo,0.2,False,,u,13,43,0,4654,0,78784,0,0.0,0.0,João Cancelo,,,,False,p121145,0,0,0,0,0,0,0,0,0,0,0,0,0,0.0,0.0,0.0,0.0,0,0.00,0.00,0.00,0.00,0,0,0,0,0,0,0,793,268,793,268,788,268,793,268,,,,,,,0.0,0.0,0.0,0.0,0.0,0.0,143,15,766,263,792,267,368,140,0.0,0.0,43,0,,13,0,Man City,0,0,3,MCI,4,,False,0,1220,1270,1160,1170,1280,1370,11,2,Defenders,DEF,Defender,DEF,5,,,3,5,False,[],268
True,False,0.0,0.0,97299,0,0,-2,2,1,2,0.0,0.0,0,John,0.0,362,False,Thigh injury - Expected back 01 Jun,2025-02-21T13:30:09.715292Z,53,97299.jpg,2.6,False,Stones,1.0,False,,i,13,43,29,197218,0,359413,0,0.0,5.5,Stones,241.0,2016-08-09,1994-05-28,False,p97299,544,2,0,1,11,0,0,0,1,0,0,2,92,155.6,49.8,70.0,27.4,6,0.60,0.17,0.77,5.95,0,0,0,0,0,0,0,347,126,361,123,311,97,371,126,,,,,,,0.1,0.0,0.03,0.13,0.98,1.82,141,14,765,262,198,60,206,81,0.99,0.17,43,0,,13,0,Man City,0,0,3,MCI,4,,False,0,1220,1270,1160,1170,1280,1370,11,2,Defenders,DEF,Defender,DEF,5,,,3,5,False,[],268
True,False,0.0,0.0,58621,0,0,-4,4,0,2,0.0,0.0,0,Kyle,0.0,363,False,Loaned to Milan,2025-01-27T09:56:49.234718Z,51,58621.jpg,0.9,False,Walker,2.5,False,,u,13,43,13,187185,0,910764,0,0.0,2.5,Walker,241.0,2017-07-14,,False,p58621,966,0,0,0,21,0,0,0,3,0,0,0,63,157.4,147.7,29.0,33.5,9,0.12,1.34,1.46,19.26,0,0,0,0,0,0,0,342,124,249,67,386,132,349,117,,,,,,,0.01,0.0,0.12,0.13,1.79,1.96,178,24,757,261,532,178,123,45,0.84,0.0,43,0,,13,0,Man City,0,0,3,MCI,4,,False,0,1220,1270,1160,1170,1280,1370,11,2,Defenders,DEF,Defender,DEF,5,,,3,5,False,[],268
True,False,0.0,0.0,476369,0,0,0,0,0,2,0.0,0.0,0,Issa,0.0,626,False,Loaned to Benfica,2024-09-05T10:37:05.659734Z,45,476369.jpg,0.0,False,Kaboré,0.0,False,,u,13,43,0,491,0,793,0,0.0,0.0,Kaboré,,,,False,p476369,0,0,0,0,0,0,0,0,0,0,0,0,0,0.0,0.0,0.0,0.0,0,0.00,0.00,0.00,0.00,0,0,0,0,0,0,0,712,266,709,265,689,264,712,266,,,,,,,0.0,0.0,0.0,0.0,0.0,0.0,406,71,626,247,717,265,754,257,0.0,0.0,43,0,,13,0,Man City,0,0,3,MCI,4,,False,0,1220,1270,1160,1170,1280,1370,11,2,Defenders,DEF,Defender,DEF,5,,,3,5,False,[],268
True,False,0.0,0.0,516250,0,0,0,0,0,3,0.0,0.0,0,Jacob,0.0,671,False,Loaned to Norwich City,2025-02-05T21:04:28.321130Z,45,516250.jpg,0.0,False,Wright,0.0,False,,u,13,43,0,2083,0,1974,0,0.0,0.0,Wright,241.0,2024-01-06,,False,p516250,0,0,0,0,0,0,0,0,0,0,0,0,0,0.0,0.0,0.0,0.0,0,0.00,0.00,0.00,0.00,0,0,0,0,0,0,0,728,297,724,297,706,288,728,297,,,,,,,0.0,0.0,0.0,0.0,0.0,0.0,433,271,646,249,732,298,716,297,0.0,0.0,43,0,,13,0,Man City,0,0,3,MCI,4,,False,0,1220,1270,1160,1170,1280,1370,11,3,Midfielders,MID,Midfielder,MID,5,,,2,5,False,[],347
True,False,0.0,0.0,447880,0,0,0,0,0,2,0.0,0.0,0,Josh,0.0,675,False,Loaned to Stoke City,2025-01-24T10:47:24.891848Z,40,447880.jpg,0.0,False,Wilson-Esbrand,0.0,False,,u,13,43,0,2181,0,2281,0,0.0,0.0,Wilson-Esbrand,241.0,2021-09-17,,False,p447880,0,0,0,0,0,0,0,0,0,0,0,0,0,0.0,0.0,0.0,0.0,0,0.00,0.00,0.00,0.00,0,0,0,0,0,0,0,608,212,595,210,554,199,608,212,,,,,,,0.0,0.0,0.0,0.0,0.0,0.0,663,180,472,163,615,211,691,236,0.0,0.0,43,0,,13,0,Man City,0,0,3,MCI,4,,False,0,1220,1270,1160,1170,1280,1370,11,2,Defenders,DEF,Defender,DEF,5,,,3,5,False,[],268
True,False,0.0,0.0,467169,0,0,-3,3,0,3,0.0,0.0,0,Antony Matheus,0.0,365,False,Loaned to Real Betis,2025-01-27T09:58:14.449507Z,57,467169.jpg,1.0,False,dos Santos,0.2,False,,u,14,1,8,18431,0,38780,0,0.0,1.4,Antony,30.0,2022-09-01,,False,p467169,135,0,0,0,2,0,0,0,0,0,0,0,37,35.0,50.7,74.0,15.8,0,0.60,0.21,0.81,2.05,0,0,0,0,0,0,0,458,206,360,198,302,169,419,199,,,,,,,0.4,0.0,0.14,0.54,1.37,1.33,98,65,784,337,526,244,380,123,0.0,0.0,1,0,,14,0,Man Utd,0,0,15,MUN,3,,False,0,1095,1135,1120,1130,1070,1140,12,3,Midfielders,MID,Midfielder,MID,5,,,2,5,False,[],347
True,False,0.0,0.0,465527,0,0,0,0,0,3,0.0,0.0,0,Hannibal,0.0,373,False,Permanent move to Burnley,2024-08-30T09:47:42.727251Z,45,465527.jpg,0.0,False,Mejbri,0.0,False,,u,14,1,0,1740,0,11919,0,0.0,0.0,Hannibal,,,,False,p465527,0,0,0,0,0,0,0,0,0,0,0,0,0,0.0,0.0,0.0,0.0,0,0.00,0.00,0.00,0.00,0,0,0,0,0,0,0,709,281,706,281,686,272,709,281,,,,,,,0.0,0.0,0.0,0.0,0.0,0.0,402,249,623,231,714,282,613,242,0.0,0.0,1,0,,14,0,Man Utd,0,0,15,MUN,3,,False,0,1095,1135,1120,1130,1070,1140,12,3,Midfielders,MID,Midfielder,MID,5,,,2,5,False,[],347
True,False,0.0,0.0,222690,0,0,-1,1,0,2,0.0,0.0,0,Tyrell,0.0,379,False,Loaned to PSV,2025-02-05T21:04:06.513546Z,44,222690.jpg,0.7,False,Malacia,0.0,False,,u,14,1,2,2894,0,3815,0,0.0,0.5,Malacia,152.0,2022-07-05,,False,p222690,99,0,0,0,1,0,0,0,1,0,0,0,2,5.2,13.9,0.0,1.7,2,0.00,0.02,0.02,0.78,0,0,0,0,0,0,0,515,184,444,158,639,254,515,179,,,,,,,0.0,0.0,0.02,0.02,0.71,0.91,513,95,570,234,545,186,683,233,1.82,0.0,1,0,,14,0,Man Utd,0,0,15,MUN,3,,False,0,1095,1135,1120,1130,1070,1140,12,2,Defenders,DEF,Defender,DEF,5,,,3,5,False,[],268
True,False,0.0,0.0,221820,0,0,-2,2,1,2,0.0,0.0,0,Lisandro,0.0,380,False,Knee injury - Expected back 01 Jun,2025-02-03T02:00:08.575069Z,43,221820.jpg,3.4,False,Martínez,2.2,False,,i,14,1,68,446424,0,797446,0,0.0,15.8,Martinez,10.0,2022-07-17,1998-01-18,False,p221820,1751,2,1,6,27,0,0,0,7,0,0,5,293,426.6,153.9,158.0,73.8,20,1.33,1.21,2.54,30.17,0,0,0,0,0,0,0,169,62,242,64,212,49,224,70,,,,,,,0.07,0.0,0.06,0.13,1.55,1.39,576,122,555,225,98,19,133,51,1.03,0.31,1,0,,14,0,Man Utd,0,0,15,MUN,3,,False,0,1095,1135,1120,1130,1070,1140,12,2,Defenders,DEF,Defender,DEF,5,,,3,5,False,[],268
True,False,0.0,0.0,195851,0,0,-1,1,0,3,0.0,0.0,0,Scott,0.0,381,False,Transferred to Napoli,2024-08-31T06:16:49.087133Z,49,195851.jpg,1.0,False,McTominay,0.1,False,,u,14,1,2,6691,0,93446,0,0.0,0.4,McTominay,,,,False,p195851,17,0,0,0,1,0,0,0,0,0,0,0,4,3.2,0.3,5.0,0.9,0,0.07,0.00,0.07,0.66,0,0,0,0,0,0,0,530,244,517,251,457,234,528,244,,,,,,,0.37,0.0,0.0,0.37,3.49,5.29,249,159,726,303,519,239,422,145,0.0,0.0,1,0,,14,0,Man Utd,0,0,15,MUN,3,,False,0,1095,1135,1120,1130,1070,1140,12,3,Midfielders,MID,Midfielder,MID,5,,,2,5,False,[],347
True,False,0.0,0.0,488404,0,0,0,0,0,3,0.0,0.0,0,Facundo,0.0,384,False,Transferred to Panathinaikos,2024-08-22T11:21:35.952901Z,50,488404.jpg,0.0,False,Pellistri Rebollo,0.0,False,,u,14,1,0,61,0,1930,0,0.0,0.0,Pellistri,,,,False,p488404,0,0,0,0,0,0,0,0,0,0,0,0,0,0.0,0.0,0.0,0.0,0,0.00,0.00,0.00,0.00,0,0,0,0,0,0,0,788,339,787,339,780,337,788,339,,,,,,,0.0,0.0,0.0,0.0,0.0,0.0,225,142,751,322,788,339,734,306,0.0,0.0,1,0,,14,0,Man Utd,0,0,15,MUN,3,,False,0,1095,1135,1120,1130,1070,1140,12,3,Midfielders,MID,Midfielder,MID,5,,,2,5,False,[],347
True,False,50.0,50.0,209365,0,0,-2,2,1,2,0.0,0.0,0,Matthijs,0.0,593,False,Knock - 50% chance of playing,2025-05-05T07:30:08.631016Z,48,209365.jpg,2.3,False,de Ligt,2.9,False,,d,14,1,68,622964,0,850875,0,0.0,14.2,De Ligt,152.0,2024-08-13,1999-08-12,False,p209365,2119,2,0,4,36,0,0,0,3,0,0,3,312,518.4,88.7,303.0,91.5,25,2.48,0.25,2.73,38.53,0,0,0,0,0,0,0,133,48,312,97,111,8,167,48,,,,,,,0.11,0.0,0.01,0.12,1.64,1.53,297,36,715,256,240,76,115,43,1.06,0.17,1,0,,14,0,Man Utd,0,0,15,MUN,3,,False,0,1095,1135,1120,1130,1070,1140,12,2,Defenders,DEF,Defender,DEF,5,,,3,5,False,[],268
True,False,0.0,0.0,575034,0,0,0,0,0,4,0.0,0.0,0,Ethan,0.0,648,False,Loaned to Walsall,2025-01-27T09:59:58.864124Z,45,575034.jpg,0.0,False,Wheatley,1.0,False,,u,14,1,0,465169,0,400969,0,0.0,0.0,Wheatley,241.0,2024-04-12,,False,p575034,0,0,0,0,0,0,0,0,0,0,0,0,0,0.0,0.0,0.0,0.0,0,0.00,0.00,0.00,0.00,0,0,0,0,0,0,0,756,69,753,69,736,69,756,69,,,,,,,0.0,0.0,0.0,0.0,0.0,0.0,470,77,678,55,759,72,208,36,0.0,0.0,1,0,,14,0,Man Utd,0,0,15,MUN,3,,False,0,1095,1135,1120,1130,1070,1140,12,4,Forwards,FWD,Forward,FWD,3,,,1,3,False,[],87
True,False,0.0,0.0,545477,0,0,0,0,0,2,0.0,0.0,0,Alex,0.0,390,False,Loaned to Bolton Wanderers,2025-01-22T10:15:51.022032Z,40,545477.jpg,0.0,False,Murphy,0.5,False,,u,15,4,0,83269,0,127160,0,0.0,0.0,A.Murphy,104.0,2023-07-19,,False,p545477,0,0,0,0,0,0,0,0,0,0,0,0,0,0.0,0.0,0.0,0.0,0,0.00,0.00,0.00,0.00,0,0,0,0,0,0,0,635,231,623,230,584,221,635,231,,,,,,,0.0,0.0,0.0,0.0,0.0,0.0,698,207,503,186,642,230,262,102,0.0,0.0,4,0,,15,0,Newcastle,0,0,5,NEW,4,,False,0,1220,1255,1150,1170,1290,1340,23,2,Defenders,DEF,Defender,DEF,5,,,3,5,False,[],268
True,False,0.0,0.0,179018,0,0,-6,6,0,3,0.0,0.0,0,Miguel,0.0,391,False,Loaned to Atlanta United,2025-02-03T10:23:53.692418Z,54,179018.jpg,1.1,False,Almirón Rejala,0.3,False,,u,15,4,10,42668,0,118851,0,0.0,1.9,Almirón,168.0,2019-01-31,,False,p179018,150,0,0,0,3,0,0,0,0,0,0,0,36,15.2,40.9,57.0,11.3,1,0.52,0.19,0.71,3.67,0,0,0,0,0,0,0,492,227,380,206,328,180,433,203,,,,,,,0.31,0.0,0.11,0.42,2.2,1.8,128,78,771,329,451,212,313,96,0.6,0.0,4,0,,15,0,Newcastle,0,0,5,NEW,4,,False,0,1220,1255,1150,1170,1290,1340,23,3,Midfielders,MID,Midfielder,MID,5,,,2,5,False,[],347
True,False,0.0,0.0,487838,0,0,2,-2,2,2,0.0,0.0,0,Lewis,0.0,399,False,Foot injury - Expected back 01 Jun,2025-03-03T01:00:07.813261Z,47,487838.jpg,3.8,False,Hall,4.4,False,,i,15,4,102,3442627,0,3549842,0,0.0,21.7,Hall,241.0,2024-07-01,2004-09-08,False,p487838,2188,0,7,8,31,0,0,0,3,0,0,11,443,561.6,561.2,128.0,125.3,24,0.43,3.73,4.16,29.73,0,0,0,0,0,0,0,114,44,63,10,243,66,103,18,2.0,,,,,,0.02,0.0,0.15,0.17,1.22,1.28,337,45,705,255,61,6,86,30,0.99,0.33,4,0,,15,0,Newcastle,0,0,5,NEW,4,,False,0,1220,1255,1150,1170,1290,1340,23,2,Defenders,DEF,Defender,DEF,5,,,3,5,False,[],268
True,False,0.0,0.0,153127,0,0,-1,1,0,3,0.0,0.0,0,Isaac,0.0,400,False,Loaned to Portsmouth,2025-01-17T11:53:46.314664Z,44,153127.jpg,0.0,False,Hayden,0.1,False,,u,15,4,0,11061,0,14879,0,0.0,0.0,Hayden,107.0,2016-07-11,,False,p153127,0,0,0,0,0,0,0,0,0,0,0,0,0,0.0,0.0,0.0,0.0,0,0.00,0.00,0.00,0.00,0,0,0,0,0,0,0,671,257,665,258,637,247,671,257,,,,,,,0.0,0.0,0.0,0.0,0.0,0.0,504,313,567,199,678,260,534,202,0.0,0.0,4,0,,15,0,Newcastle,0,0,5,NEW,4,,False,0,1220,1255,1150,1170,1290,1340,23,3,Midfielders,MID,Midfielder,MID,5,,,2,5,False,[],347
True,False,0.0,0.0,180974,0,0,0,0,3,3,0.0,0.0,0,Joelinton Cássio,0.0,403,False,Knee injury - Expected back 01 Jun,2025-04-27T12:00:08.326979Z,60,180974.jpg,3.4,False,Apolinário de Lira,1.1,False,,i,15,4,99,474704,0,534889,0,0.0,16.5,Joelinton,30.0,2019-07-24,1996-08-14,False,p180974,2394,4,4,10,32,0,0,0,10,0,0,11,374,469.8,389.3,465.0,132.7,29,3.74,2.17,5.91,31.79,0,0,0,0,0,0,0,154,58,104,76,69,43,94,61,,,,,,,0.14,0.0,0.08,0.22,1.2,1.2,75,47,788,340,111,51,199,63,1.09,0.38,4,0,,15,0,Newcastle,0,0,5,NEW,4,,False,0,1220,1255,1150,1170,1290,1340,23,3,Midfielders,MID,Midfielder,MID,5,,,2,5,False,[],347
True,False,0.0,0.0,235530,0,0,-3,3,0,2,0.0,0.0,0,Lloyd,0.0,404,False,Loaned to Juventus,2025-02-04T10:29:36.512234Z,42,235530.jpg,1.2,False,Kelly,0.1,False,,u,15,4,12,10682,0,20855,0,0.0,2.9,Kelly,241.0,2024-07-01,,False,p235530,299,0,1,0,6,0,0,0,2,0,0,0,40,80.6,29.0,20.0,12.6,4,0.41,0.11,0.52,5.72,0,0,0,0,0,0,0,414,150,409,145,402,141,427,151,,,,,,,0.12,0.0,0.03,0.15,1.72,1.81,619,152,546,219,432,148,475,166,1.2,0.0,4,0,,15,0,Newcastle,0,0,5,NEW,4,,False,0,1220,1255,1150,1170,1290,1340,23,2,Defenders,DEF,Defender,DEF,5,,,3,5,False,[],268
True,False,0.0,0.0,194799,0,0,0,0,0,2,0.0,0.0,0,Jamal,0.0,408,False,Loaned to  Sao Paulo,2024-09-05T10:35:35.180344Z,40,194799.jpg,0.0,False,Lewis,0.1,False,,u,15,4,0,11493,0,42382,0,0.0,0.0,Lewis,242.0,2020-09-09,1998-01-25,False,p194799,0,0,0,0,0,0,0,0,0,0,0,0,0,0.0,0.0,0.0,0.0,0,0.00,0.00,0.00,0.00,0,0,0,0,0,0,0,596,203,580,201,539,190,596,203,,,,,,,0.0,0.0,0.0,0.0,0.0,0.0,646,169,456,152,604,203,426,153,0.0,0.0,4,0,,15,0,Newcastle,0,0,5,NEW,4,,False,0,1220,1255,1150,1170,1290,1340,23,2,Defenders,DEF,Defender,DEF,5,,,3,5,False,[],268
True,False,50.0,50.0,169359,0,0,-1,1,0,2,0.2,0.2,0,Matt,0.0,416,False,Hamstring injury - 50% chance of playing,2025-04-27T12:00:08.343603Z,39,169359.jpg,1.0,False,Targett,0.3,False,,d,15,4,2,38664,0,62158,0,0.0,0.5,Targett,241.0,2022-07-01,1995-09-18,False,p169359,20,0,0,0,0,0,0,0,0,0,0,0,7,5.0,5.6,0.0,1.0,0,0.00,0.07,0.07,0.26,0,0,0,0,0,0,0,516,185,473,166,510,178,524,183,,,,,,,0.0,0.0,0.32,0.32,1.17,0.0,745,242,424,137,456,153,317,123,0.0,0.0,4,0,,15,0,Newcastle,0,0,5,NEW,4,,False,0,1220,1255,1150,1170,1290,1340,23,2,Defenders,DEF,Defender,DEF,5,,,3,5,False,[],268
True,False,0.0,0.0,461484,0,0,0,0,0,3,0.0,0.0,0,Joe,0.0,419,False,Loaned to MK Dons,2024-08-31T08:20:54.098792Z,45,461484.jpg,0.0,False,White,0.1,False,,u,15,4,0,12007,0,43527,0,0.0,0.0,White,,,,False,p461484,0,0,0,0,0,0,0,0,0,0,0,0,0,0.0,0.0,0.0,0.0,0,0.00,0.00,0.00,0.00,0,0,0,0,0,0,0,706,278,703,278,683,269,706,278,,,,,,,0.0,0.0,0.0,0.0,0.0,0.0,399,246,620,228,711,279,447,158,0.0,0.0,4,0,,15,0,Newcastle,0,0,5,NEW,4,,False,0,1220,1255,1150,1170,1290,1340,23,3,Midfielders,MID,Midfielder,MID,5,,,2,5,False,[],347
True,False,0.0,0.0,578512,0,0,0,0,0,2,0.0,0.0,0,Miodrag,0.0,574,False,Loaned to Willem II,2024-09-10T11:08:18.853575Z,40,578512.jpg,0.0,False,Pivaš,0.1,False,,u,15,4,0,2653,0,11837,0,0.0,0.0,Pivas,,,,False,p578512,0,0,0,0,0,0,0,0,0,0,0,0,0,0.0,0.0,0.0,0.0,0,0.00,0.00,0.00,0.00,0,0,0,0,0,0,0,643,238,631,237,592,228,643,238,,,,,,,0.0,0.0,0.0,0.0,0.0,0.0,710,218,514,196,650,237,539,187,0.0,0.0,4,0,,15,0,Newcastle,0,0,5,NEW,4,,False,0,1220,1255,1150,1170,1290,1340,23,2,Defenders,DEF,Defender,DEF,5,,,3,5,False,[],268
True,False,0.0,0.0,210156,0,0,-5,5,0,4,0.0,0.0,0,Taiwo,0.4,424,False,Abdominal injury - Expected back 01 Jun,2025-05-16T14:00:08.726296Z,55,210156.jpg,1.2,False,Awoniyi,0.3,False,,i,16,17,32,60961,0,127645,0,0.1,5.8,Awoniyi,157.0,2022-06-25,1997-08-12,False,p210156,398,1,0,1,10,0,0,0,0,0,0,0,89,67.0,40.9,118.0,21.9,3,2.15,0.12,2.27,6.65,0,0,0,0,0,0,0,424,41,381,43,255,40,392,41,,,,,,,0.49,0.0,0.03,0.52,1.5,2.26,109,29,365,36,443,48,305,49,0.68,0.23,17,0,,16,0,Nott'm Forest,0,0,7,NFO,4,,False,0,1220,1290,1190,1330,1250,1250,15,4,Forwards,FWD,Forward,FWD,3,,,1,3,False,[],87
True,False,0.0,0.0,245830,0,0,0,0,0,3,0.0,0.0,0,Josh,0.0,426,False,Loaned to  Preston North End,2024-08-31T08:19:22.292913Z,45,245830.jpg,0.0,False,Bowler,0.0,False,,u,16,17,0,1220,0,6572,0,0.0,0.0,Bowler,,,,False,p245830,0,0,0,0,0,0,0,0,0,0,0,0,0,0.0,0.0,0.0,0.0,0,0.00,0.00,0.00,0.00,0,0,0,0,0,0,0,698,271,694,271,674,262,698,271,,,,,,,0.0,0.0,0.0,0.0,0.0,0.0,386,238,610,221,703,272,673,275,0.0,0.0,17,0,,16,0,Nott'm Forest,0,0,7,NFO,4,,False,0,1220,1290,1190,1330,1250,1250,15,3,Midfielders,MID,Midfielder,MID,5,,,2,5,False,[],347
True,False,0.0,0.0,230251,0,0,-1,1,0,4,0.0,0.0,0,Emmanuel,0.0,430,False,Loaned to Blackburn Rovers,2025-02-04T10:29:11.830830Z,49,230251.jpg,0.0,False,Dennis,0.2,False,,u,16,17,0,49670,0,63989,0,0.0,0.0,Dennis,157.0,2022-08-13,,False,p230251,0,0,0,0,0,0,0,0,0,0,0,0,0,0.0,0.0,0.0,0.0,0,0.00,0.00,0.00,0.00,0,0,0,0,0,0,0,777,77,776,76,765,77,777,77,,,,,,,0.0,0.0,0.0,0.0,0.0,0.0,257,53,729,65,778,78,365,58,0.0,0.0,17,0,,16,0,Nott'm Forest,0,0,7,NFO,4,,False,0,1220,1290,1190,1330,1250,1250,15,4,Forwards,FWD,Forward,FWD,3,,,1,3,False,[],87
True,False,0.0,0.0,244930,0,0,0,0,0,3,0.0,0.0,0,Alex,0.0,435,False,Season long loan to Port Vale,2024-08-29T11:09:56.647313Z,45,244930.jpg,0.0,False,Mighten,0.0,False,,u,16,17,0,689,0,4230,0,0.0,0.0,Mighten,,,,False,p244930,0,0,0,0,0,0,0,0,0,0,0,0,0,0.0,0.0,0.0,0.0,0,0.00,0.00,0.00,0.00,0,0,0,0,0,0,0,697,270,693,270,673,261,697,270,,,,,,,0.0,0.0,0.0,0.0,0.0,0.0,385,237,609,220,702,271,702,287,0.0,0.0,17,0,,16,0,Nott'm Forest,0,0,7,NFO,4,,False,0,1220,1290,1190,1330,1250,1250,15,3,Midfielders,MID,Midfielder,MID,5,,,2,5,False,[],347
True,False,0.0,0.0,204822,0,0,0,0,0,2,0.0,0.0,0,Omar,0.0,438,False,Loaned to Rio Ave,2024-08-22T11:19:23.101534Z,45,204822.jpg,0.0,False,Richards,0.0,False,,u,16,17,0,33,0,4929,0,0.0,0.0,O.Richards,,,,False,p204822,0,0,0,0,0,0,0,0,0,0,0,0,0,0.0,0.0,0.0,0.0,0,0.00,0.00,0.00,0.00,0,0,0,0,0,0,0,693,263,689,262,668,260,693,263,,,,,,,0.0,0.0,0.0,0.0,0.0,0.0,375,61,603,243,698,262,674,228,0.0,0.0,17,0,,16,0,Nott'm Forest,0,0,7,NFO,4,,False,0,1220,1290,1190,1330,1250,1250,15,2,Defenders,DEF,Defender,DEF,5,,,3,5,False,[],268
True,False,0.0,0.0,243345,0,0,0,0,0,3,0.0,0.0,0,Lewis,0.0,439,False,On loan to Los Angeles Football Club for the rest of the season,2024-08-01T07:01:57.624673Z,50,243345.jpg,0.0,False,O'Brien,0.0,False,,u,16,17,0,0,0,129,0,0.0,0.0,O'Brien,241.0,2022-07-20,,False,p243345,0,0,0,0,0,0,0,0,0,0,0,0,0,0.0,0.0,0.0,0.0,0,0.00,0.00,0.00,0.00,0,0,0,0,0,0,0,782,335,780,335,774,333,782,335,,,,,,,0.0,0.0,0.0,0.0,0.0,0.0,212,132,741,315,782,335,798,345,0.0,0.0,17,0,,16,0,Nott'm Forest,0,0,7,NFO,4,,False,0,1220,1290,1190,1330,1250,1250,15,3,Midfielders,MID,Midfielder,MID,5,,,2,5,False,[],347
True,False,0.0,0.0,466404,0,0,-3,3,0,2,0.0,0.0,0,Andrew,0.0,440,False,Loaned to Strasbourg,2025-01-27T09:57:41.248653Z,42,466404.jpg,0.0,False,Omobamidele,0.0,False,,u,16,17,0,1747,0,6737,0,0.0,0.0,Omobamidele,104.0,2023-09-01,,False,p466404,0,0,0,0,0,0,0,0,0,0,0,0,0,0.0,0.0,0.0,0.0,0,0.00,0.00,0.00,0.00,0,0,0,0,0,0,0,665,254,656,253,622,247,665,254,,,,,,,0.0,0.0,0.0,0.0,0.0,0.0,624,157,548,221,672,253,575,200,0.0,0.0,17,0,,16,0,Nott'm Forest,0,0,7,NFO,4,,False,0,1220,1290,1190,1330,1250,1250,15,2,Defenders,DEF,Defender,DEF,5,,,3,5,False,[],268
True,False,0.0,0.0,209035,0,0,0,0,0,2,0.0,0.0,0,Jonathan,0.0,441,False,On a season long loan to Rio Ave,2024-07-18T09:44:17.568948Z,40,209035.jpg,0.0,False,Panzo,0.0,False,,u,16,17,0,0,0,140,0,0.0,0.0,Panzo,,,,False,p209035,0,0,0,0,0,0,0,0,0,0,0,0,0,0.0,0.0,0.0,0.0,0,0.00,0.00,0.00,0.00,0,0,0,0,0,0,0,599,205,583,203,542,192,599,205,,,,,,,0.0,0.0,0.0,0.0,0.0,0.0,650,172,460,155,607,205,796,266,0.0,0.0,17,0,,16,0,Nott'm Forest,0,0,7,NFO,4,,False,0,1220,1290,1190,1330,1250,1250,15,2,Defenders,DEF,Defender,DEF,5,,,3,5,False,[],268
True,False,0.0,0.0,201440,0,0,0,0,0,4,0.0,0.0,0,Hwang,0.0,446,False,Transferred to Alanyaspor,2024-09-10T11:39:20.038647Z,45,201440.jpg,0.0,False,Ui-jo,0.8,False,,u,16,17,0,317328,0,410480,0,0.0,0.0,Ui-jo,114.0,,,False,p201440,0,0,0,0,0,0,0,0,0,0,0,0,0,0.0,0.0,0.0,0.0,0,0.00,0.00,0.00,0.00,0,0,0,0,0,0,0,691,61,687,60,666,61,691,61,,,,,,,0.0,0.0,0.0,0.0,0.0,0.0,373,65,601,44,696,66,231,40,0.0,0.0,17,0,,16,0,Nott'm Forest,0,0,7,NFO,4,,False,0,1220,1290,1190,1330,1250,1250,15,4,Forwards,FWD,Forward,FWD,3,,,1,3,False,[],87
True,False,0.0,0.0,208912,0,0,0,0,0,2,0.0,0.0,0,Joe,0.0,448,False,Transferred to Burnley,2024-08-26T10:09:19.430328Z,45,208912.jpg,0.0,False,Worrall,0.0,False,,u,16,17,0,71,0,5359,0,0.0,0.0,Worrall,,,,False,p208912,0,0,0,0,0,0,0,0,0,0,0,0,0,0.0,0.0,0.0,0.0,0,0.00,0.00,0.00,0.00,0,0,0,0,0,0,0,694,264,690,263,669,261,694,264,,,,,,,0.0,0.0,0.0,0.0,0.0,0.0,376,62,604,244,699,263,664,225,0.0,0.0,17,0,,16,0,Nott'm Forest,0,0,7,NFO,4,,False,0,1220,1290,1190,1330,1250,1250,15,2,Defenders,DEF,Defender,DEF,5,,,3,5,False,[],268
True,False,0.0,0.0,499724,0,0,-1,1,0,3,0.0,0.0,0,Samuel,0.0,451,False,Loaned to Strasbourg,2025-02-04T23:53:50.935089Z,44,499724.jpg,0.5,False,Amo-Ameyaw,0.1,False,,u,17,20,1,24416,0,29770,0,0.0,0.2,Amo-Ameyaw,241.0,2023-05-27,,False,p499724,26,0,0,0,0,0,0,0,1,0,0,0,1,4.0,16.1,6.0,2.6,0,0.02,0.13,0.15,1.11,0,0,0,0,0,0,0,522,239,438,225,450,229,499,233,,,,,,,0.07,0.0,0.45,0.52,3.84,0.0,539,321,583,205,555,255,483,175,0.0,0.0,20,0,,17,0,Southampton,0,0,20,SOU,2,,False,0,975,975,1000,1000,990,990,20,3,Midfielders,MID,Midfielder,MID,5,,,2,5,False,[],347
True,False,0.0,0.0,155511,0,0,-4,4,0,4,0.0,0.0,0,Adam,0.0,453,False,Loaned to West Bromwich Albion,2025-02-05T21:03:18.824040Z,51,155511.jpg,2.2,False,Armstrong,0.5,False,,u,17,20,45,273688,0,395522,0,0.0,8.8,Armstrong,241.0,2021-08-10,,False,p155511,1246,2,3,2,35,0,0,1,4,0,0,2,145,154.4,143.7,262.0,56.0,15,3.28,0.56,3.84,33.47,0,0,0,0,0,0,0,348,32,256,27,131,31,275,32,,,,,1.0,,0.24,0.0,0.04,0.28,2.42,2.53,181,44,758,72,261,30,261,44,1.08,0.14,20,0,,17,0,Southampton,0,0,20,SOU,2,,False,0,975,975,1000,1000,990,990,20,4,Forwards,FWD,Forward,FWD,3,,,1,3,False,[],87
True,False,0.0,0.0,456350,0,0,-2,2,0,1,0.0,0.0,0,Gavin,0.0,454,False,Loaned to Standard Liège,2025-02-04T10:28:52.236829Z,43,456350.jpg,0.0,False,Bazunu,0.1,False,,u,17,20,0,2973,0,26185,0,0.0,0.0,Bazunu,104.0,2022-06-17,2002-02-20,False,p456350,0,0,0,0,0,0,0,0,0,0,0,0,0,0.0,0.0,0.0,0.0,0,0.00,0.00,0.00,0.00,0,0,0,0,0,0,0,666,80,660,75,629,59,666,80,,,,,,,0.0,0.0,0.0,0.0,0.0,0.0,585,29,559,76,673,80,486,66,0.0,0.0,20,0,,17,0,Southampton,0,0,20,SOU,2,,False,0,975,975,1000,1000,990,990,20,1,Goalkeepers,GKP,Goalkeeper,GKP,2,,,1,1,True,[12],82
True,False,25.0,25.0,171771,0,0,0,0,0,2,0.2,0.1,0,Jan,2.0,455,False,Knee injury - 25% chance of playing,2025-05-18T20:30:07.797324Z,40,171771.jpg,2.0,False,Bednarek,1.9,False,,d,17,20,60,656501,0,608177,0,0.5,15.0,Bednarek,172.0,2023-01-23,1996-04-12,False,p171771,2531,2,0,3,57,0,0,0,7,0,0,3,283,770.6,78.3,71.0,91.9,30,0.65,0.84,1.49,57.80,0,0,0,0,0,0,0,39,16,324,103,306,94,165,46,,,,,,,0.02,0.0,0.03,0.05,2.06,2.03,643,166,184,53,289,92,143,55,1.07,0.11,20,0,,17,0,Southampton,0,0,20,SOU,2,,False,0,975,975,1000,1000,990,990,20,2,Defenders,DEF,Defender,DEF,5,,,3,5,False,[],268
True,False,0.0,0.0,463210,0,0,0,0,0,3,0.0,0.0,0,Shea,0.0,458,False,Has joined Sheffield Wednesday on a season-long loan,2024-08-29T11:10:39.600629Z,45,463210.jpg,0.0,False,Charles,0.0,False,,u,17,20,0,1091,0,7829,0,0.0,0.0,Charles,,,,False,p463210,0,0,0,0,0,0,0,0,0,0,0,0,0,0.0,0.0,0.0,0.0,0,0.00,0.00,0.00,0.00,0,0,0,0,0,0,0,708,280,705,280,685,271,708,280,,,,,,,0.0,0.0,0.0,0.0,0.0,0.0,401,248,622,230,713,281,649,261,0.0,0.0,20,0,,17,0,Southampton,0,0,20,SOU,2,,False,0,975,975,1000,1000,990,990,20,3,Midfielders,MID,Midfielder,MID,5,,,2,5,False,[],347
True,False,0.0,0.0,490503,0,0,-1,1,0,3,0.0,0.0,0,Samuel,0.0,459,False,Loaned to Anderlecht,2024-09-10T11:28:17.403794Z,49,490503.jpg,0.5,False,Edozie,0.0,False,,u,17,20,1,463,0,2678,0,0.0,0.2,Edozie,,,,False,p490503,64,0,0,0,0,0,0,0,1,0,0,0,6,9.8,19.0,22.0,5.1,0,0.00,0.15,0.15,0.31,0,0,0,0,0,0,0,502,232,435,223,397,207,485,226,,,,,,,0.0,0.0,0.21,0.21,0.44,0.0,271,174,732,307,558,257,721,300,0.0,0.0,20,0,,17,0,Southampton,0,0,20,SOU,2,,False,0,975,975,1000,1000,990,990,20,3,Midfielders,MID,Midfielder,MID,5,,,2,5,False,[],347
True,False,0.0,0.0,500926,0,0,-1,1,0,2,0.0,0.0,0,Ronnie,0.0,460,False,Season-long loan to QPR,2025-01-06T22:34:19.628107Z,39,500926.jpg,1.0,False,Edwards,0.2,False,,u,17,20,1,41084,0,45255,0,0.0,0.3,Edwards,241.0,2024-07-03,,False,p500926,12,0,0,0,1,0,0,0,0,0,0,0,-1,5.0,0.1,0.0,0.5,0,0.00,0.00,0.00,0.32,0,0,0,0,0,0,0,517,186,524,193,522,180,534,189,,,,,,,0.0,0.0,0.0,0.0,2.4,7.5,766,253,438,141,457,154,361,138,0.0,0.0,20,0,,17,0,Southampton,0,0,20,SOU,2,,False,0,975,975,1000,1000,990,990,20,2,Defenders,DEF,Defender,DEF,5,,,3,5,False,[],268
True,False,0.0,0.0,245719,0,0,-1,1,0,2,0.0,0.0,0,Taylor,1.8,461,False,Ankle injury - Expected back 01 Jun,2025-05-18T20:30:07.810049Z,39,245719.jpg,1.6,False,Harwood-Bellis,4.1,False,,i,17,20,55,842314,0,1404432,0,0.5,14.1,Harwood-Bellis,241.0,2024-07-01,2002-01-30,False,p245719,2824,1,0,3,65,0,0,0,9,0,0,2,268,727.0,218.3,252.0,119.9,32,1.78,0.68,2.46,68.50,0,0,0,0,0,0,0,52,20,192,41,136,16,114,23,,,,,,,0.06,0.0,0.02,0.08,2.18,2.07,756,248,202,62,361,115,93,34,1.02,0.1,20,0,,17,0,Southampton,0,0,20,SOU,2,,False,0,975,975,1000,1000,990,990,20,2,Defenders,DEF,Defender,DEF,5,,,3,5,False,[],268
True,False,0.0,0.0,200428,0,0,0,0,0,1,0.0,0.0,0,Mateusz,0.0,465,False,Transferred to Göztepe,2024-08-23T12:38:57.742902Z,40,200428.jpg,0.0,False,Lis,0.1,False,,u,17,20,0,888,0,20023,0,0.0,0.0,Lis,,,,False,p200428,0,0,0,0,0,0,0,0,0,0,0,0,0,0.0,0.0,0.0,0.0,0,0.00,0.00,0.00,0.00,0,0,0,0,0,0,0,598,62,582,48,541,29,598,62,,,,,,,0.0,0.0,0.0,0.0,0.0,0.0,649,44,459,51,606,62,518,68,0.0,0.0,20,0,,17,0,Southampton,0,0,20,SOU,2,,False,0,975,975,1000,1000,990,990,20,1,Goalkeepers,GKP,Goalkeeper,GKP,2,,,1,1,True,[12],82
True,False,0.0,0.0,476888,0,0,0,0,0,4,0.0,0.0,0,Sékou,0.0,468,False,Transferred to Strasbourg,2024-08-26T10:17:11.280625Z,50,476888.jpg,0.0,False,Mara,0.0,False,,u,17,20,0,782,0,8361,0,0.0,0.0,Mara,,,,False,p476888,0,0,0,0,0,0,0,0,0,0,0,0,0,0.0,0.0,0.0,0.0,0,0.00,0.00,0.00,0.00,0,0,0,0,0,0,0,787,80,786,80,779,80,787,80,,,,,,,0.0,0.0,0.0,0.0,0.0,0.0,224,48,750,69,787,81,644,82,0.0,0.0,20,0,,17,0,Southampton,0,0,20,SOU,2,,False,0,975,975,1000,1000,990,990,20,4,Forwards,FWD,Forward,FWD,3,,,1,3,False,[],87
True,False,25.0,25.0,158534,0,0,-3,3,0,2,-0.2,-0.3,0,Kyle,0.2,476,False,Illness - 25% chance of playing,2025-05-11T00:30:08.181283Z,42,158534.jpg,1.6,False,Walker-Peters,0.3,False,,d,17,20,54,58561,0,82157,0,0.0,12.9,Walker-Peters,241.0,2020-08-11,1997-04-13,False,p158534,2918,0,3,2,77,0,0,0,5,0,0,3,240,503.8,406.8,237.0,114.4,33,0.85,2.30,3.14,76.26,0,0,0,0,0,0,0,142,52,97,18,146,20,126,31,,,,,,,0.03,0.0,0.07,0.1,2.35,2.37,612,145,377,121,363,117,321,125,1.02,0.06,20,0,,17,0,Southampton,0,0,20,SOU,2,,False,0,975,975,1000,1000,990,990,20,2,Defenders,DEF,Defender,DEF,5,,,3,5,False,[],268
True,False,0.0,0.0,149519,0,0,-3,3,0,3,0.0,0.0,0,Maxwel,0.0,515,False,Loaned to Genoa,2025-01-22T10:14:43.133544Z,47,149519.jpg,0.5,False,Cornet,0.0,False,,u,17,20,1,2364,0,4744,0,0.0,0.2,Cornet,54.0,2024-08-30,,False,p149519,71,0,0,0,4,0,0,0,1,0,0,0,12,11.6,3.5,7.0,2.2,1,0.16,0.00,0.16,1.79,0,0,0,0,0,0,0,499,229,482,239,446,227,504,236,,,,,,,0.2,0.0,0.0,0.2,2.27,5.07,319,206,698,285,557,256,666,272,1.27,0.0,20,0,,17,0,Southampton,0,0,20,SOU,2,,False,0,975,975,1000,1000,990,990,20,3,Midfielders,MID,Midfielder,MID,5,,,2,5,False,[],347
True,False,0.0,0.0,204814,0,0,-7,7,0,3,0.0,0.0,0,Ben,0.0,584,False,Loaned to Sheffield United,2025-01-22T10:11:54.592530Z,48,204814.jpg,1.3,False,Brereton Díaz,0.1,False,,u,17,20,13,22711,0,83231,0,0.0,2.7,Brereton Díaz,44.0,2024-07-30,,False,p204814,446,0,0,0,10,0,0,0,1,0,0,0,43,21.8,63.6,81.0,16.8,4,0.90,0.15,1.05,11.43,0,0,0,0,0,0,0,479,221,345,196,295,166,408,196,,,,,,,0.18,0.0,0.03,0.21,2.31,2.02,294,192,714,296,424,199,441,155,0.81,0.0,20,0,,17,0,Southampton,0,0,20,SOU,2,,False,0,975,975,1000,1000,990,990,20,3,Midfielders,MID,Midfielder,MID,5,,,2,5,False,[],347
True,False,0.0,0.0,545508,0,0,0,0,0,3,0.0,0.0,0,Joseph,0.0,693,False,Loaned to Accrington Stanley,2025-02-04T10:28:24.963013Z,45,545508.jpg,0.0,False,O'Brien-Whitmarsh,0.0,False,,u,17,20,0,828,0,796,0,0.0,0.0,O'Brien-Whitmarsh,104.0,2024-08-27,2005-05-11,False,p545508,0,0,0,0,0,0,0,0,0,0,0,0,0,0.0,0.0,0.0,0.0,0,0.00,0.00,0.00,0.00,0,0,0,0,0,0,0,742,308,738,308,722,300,742,308,,,,,,,0.0,0.0,0.0,0.0,0.0,0.0,453,286,663,262,746,309,778,330,0.0,0.0,20,0,,17,0,Southampton,0,0,20,SOU,2,,False,0,975,975,1000,1000,990,990,20,3,Midfielders,MID,Midfielder,MID,5,,,2,5,False,[],347
True,False,25.0,25.0,494779,0,0,-1,1,0,3,-0.4,-0.4,0,Albert,0.0,734,False,Achilles injury - 25% chance of playing,2025-05-23T14:00:08.950082Z,49,494779.jpg,1.5,False,Grønbæk,0.0,False,,d,17,20,6,1308,0,1064,0,0.0,1.2,Grønbæk,58.0,2025-01-21,2001-05-23,False,p494779,141,0,0,0,3,0,0,0,0,0,0,0,13,15.8,11.4,9.0,3.7,2,0.12,0.01,0.13,5.10,0,0,0,0,0,0,0,490,226,454,232,438,223,492,230,,,,,,,0.08,0.0,0.01,0.09,3.26,1.91,274,176,734,309,387,180,755,316,1.28,0.0,20,0,,17,0,Southampton,0,0,20,SOU,2,,False,0,975,975,1000,1000,990,990,20,3,Midfielders,MID,Midfielder,MID,5,,,2,5,False,[],347
True,False,0.0,0.0,548308,0,0,0,0,0,2,0.0,0.0,0,Ashley,0.0,478,False,Loaned to Stoke City,2024-08-26T10:10:07.966773Z,40,548308.jpg,0.0,False,Phillips,0.1,False,,u,18,6,0,8361,0,44512,0,0.0,0.0,A.Phillips,,,,False,p548308,0,0,0,0,0,0,0,0,0,0,0,0,0,0.0,0.0,0.0,0.0,0,0.00,0.00,0.00,0.00,0,0,0,0,0,0,0,638,234,626,233,587,224,638,234,,,,,,,0.0,0.0,0.0,0.0,0.0,0.0,702,211,507,190,645,233,406,146,0.0,0.0,6,0,,18,0,Spurs,0,0,17,TOT,3,,False,0,1100,1170,1060,1070,1210,1270,21,2,Defenders,DEF,Defender,DEF,5,,,3,5,False,[],268
True,False,0.0,0.0,570526,0,0,-1,1,0,3,0.0,0.0,0,Lucas,0.0,481,False,Ankle injury - Expected back 01 Jun,2025-05-01T23:00:08.545135Z,44,570526.jpg,1.6,False,Bergvall,0.8,False,,i,18,6,44,253610,0,268104,0,0.0,10.0,Bergvall,206.0,2024-07-01,2006-02-02,False,p570526,1200,0,2,3,25,0,0,0,3,0,0,0,216,237.2,218.7,97.0,55.0,11,0.71,0.82,1.53,24.33,0,0,0,0,0,0,0,276,125,190,131,277,154,278,145,,,,,,,0.05,0.0,0.06,0.11,1.82,1.88,548,330,589,211,368,169,230,73,0.82,0.23,6,0,,18,0,Spurs,0,0,17,TOT,3,,False,0,1100,1170,1060,1070,1210,1270,21,3,Midfielders,MID,Midfielder,MID,5,,,2,5,False,[],347
True,False,0.0,0.0,436234,0,0,0,0,0,3,0.0,0.0,0,Bryan,0.0,483,False,On loan to Girona for the season,2024-07-31T11:08:25.895794Z,50,436234.jpg,0.0,False,Gil Salvatierra,0.0,False,,u,18,6,0,0,0,153,0,0.0,0.0,Bryan,,,,False,p436234,0,0,0,0,0,0,0,0,0,0,0,0,0,0.0,0.0,0.0,0.0,0,0.00,0.00,0.00,0.00,0,0,0,0,0,0,0,783,336,782,336,775,334,783,336,,,,,,,0.0,0.0,0.0,0.0,0.0,0.0,217,136,744,317,783,336,793,341,0.0,0.0,6,0,,18,0,Spurs,0,0,17,TOT,3,,False,0,1100,1170,1060,1070,1210,1270,21,3,Midfielders,MID,Midfielder,MID,5,,,2,5,False,[],347
True,False,0.0,0.0,496179,0,0,0,0,0,3,0.0,0.0,0,Alfie,0.0,485,False,Loaned to Westerlo,2024-09-10T11:37:22.522366Z,45,496179.jpg,0.0,False,Devine,0.0,False,,u,18,6,0,4716,0,12913,0,0.0,0.0,Devine,,,,False,p496179,0,0,0,0,0,0,0,0,0,0,0,0,0,0.0,0.0,0.0,0.0,0,0.00,0.00,0.00,0.00,0,0,0,0,0,0,0,718,288,715,288,696,279,718,288,,,,,,,0.0,0.0,0.0,0.0,0.0,0.0,418,258,635,239,723,289,567,216,0.0,0.0,6,0,,18,0,Spurs,0,0,17,TOT,3,,False,0,1100,1170,1060,1070,1210,1270,21,3,Midfielders,MID,Midfielder,MID,5,,,2,5,False,[],347
True,False,0.0,0.0,493125,0,0,-2,2,0,2,0.0,0.0,0,Radu,0.0,486,False,Knee injury - Expected back 01 Jun,2025-01-31T15:00:09.267677Z,43,493125.jpg,1.5,False,Drăgușin,0.1,False,,i,18,6,24,56205,0,70397,0,0.0,5.6,Dragusin,177.0,2024-01-11,2002-02-03,False,p493125,1250,0,0,2,29,0,0,0,1,0,0,0,96,256.4,58.1,47.0,36.2,14,0.13,0.16,0.29,28.59,0,0,0,0,0,0,0,269,100,349,115,344,116,339,113,,,,,,,0.01,0.0,0.01,0.02,2.06,2.09,590,132,562,230,381,126,404,145,1.01,0.14,6,0,,18,0,Spurs,0,0,17,TOT,3,,False,0,1100,1170,1060,1070,1210,1270,21,2,Defenders,DEF,Defender,DEF,5,,,3,5,False,[],268
True,False,0.0,0.0,241157,0,0,0,0,0,2,0.0,0.0,0,Emerson,0.0,487,False,Transferred to AC Milan,2024-08-13T07:06:12.490889Z,45,241157.jpg,0.0,False,Leite de Souza Junior,0.0,False,,u,18,6,0,0,0,2708,0,0.0,0.0,E.Royal,,,,False,p241157,0,0,0,0,0,0,0,0,0,0,0,0,0,0.0,0.0,0.0,0.0,0,0.00,0.00,0.00,0.00,0,0,0,0,0,0,0,696,265,692,264,672,262,696,265,,,,,,,0.0,0.0,0.0,0.0,0.0,0.0,383,66,607,245,701,264,726,246,0.0,0.0,6,0,,18,0,Spurs,0,0,17,TOT,3,,False,0,1100,1170,1060,1070,1210,1270,21,2,Defenders,DEF,Defender,DEF,5,,,3,5,False,[],268
True,False,0.0,0.0,132015,0,0,0,0,0,3,0.0,0.0,0,Pierre-Emile,0.0,490,False,On loan to Marseille for the season,2024-07-23T11:58:08.802970Z,50,132015.jpg,0.0,False,Højbjerg,0.0,False,,u,18,6,0,0,0,532,0,0.0,0.0,Højbjerg,,,,False,p132015,0,0,0,0,0,0,0,0,0,0,0,0,0,0.0,0.0,0.0,0.0,0,0.00,0.00,0.00,0.00,0,0,0,0,0,0,0,781,334,779,334,773,332,781,334,,,,,,,0.0,0.0,0.0,0.0,0.0,0.0,199,120,737,311,781,334,774,327,0.0,0.0,6,0,,18,0,Spurs,0,0,17,TOT,3,,False,0,1100,1170,1060,1070,1210,1270,21,3,Midfielders,MID,Midfielder,MID,5,,,2,5,False,[],347
True,False,0.0,0.0,445044,0,0,-3,3,0,3,0.0,0.0,0,Dejan,0.8,492,False,Knee injury - Expected back 01 Jun,2025-05-11T23:00:09.341216Z,62,445044.jpg,3.7,False,Kulusevski,2.2,False,,i,18,6,117,1487786,0,1561097,0,0.1,18.9,Kulusevski,206.0,2023-07-01,2000-04-25,False,p445044,2386,7,4,6,41,0,0,0,3,0,0,9,426,613.6,843.8,733.0,218.7,27,4.06,4.03,8.09,42.39,0,0,0,0,0,0,0,93,33,17,14,32,19,17,12,3.0,,,,,,0.15,0.0,0.15,0.3,1.6,1.55,65,38,320,151,75,35,134,44,1.02,0.23,6,0,,18,0,Spurs,0,0,17,TOT,3,,False,0,1100,1170,1060,1070,1210,1270,21,3,Midfielders,MID,Midfielder,MID,5,,,2,5,False,[],347
True,False,0.0,0.0,200826,0,0,-1,1,0,3,0.0,0.0,0,Giovani,0.0,493,False,Transferred to Real Betis,2024-08-31T06:14:45.936781Z,49,200826.jpg,0.0,False,Lo Celso,0.0,False,,u,18,6,0,2052,0,10727,0,0.0,0.0,Lo Celso,,,,False,p200826,0,0,0,0,0,0,0,0,0,0,0,0,0,0.0,0.0,0.0,0.0,0,0.00,0.00,0.00,0.00,0,0,0,0,0,0,0,776,331,775,332,763,328,776,331,,,,,,,0.0,0.0,0.0,0.0,0.0,0.0,251,161,727,304,777,332,626,246,0.0,0.0,6,0,,18,0,Spurs,0,0,17,TOT,3,,False,0,1100,1170,1060,1070,1210,1270,21,3,Midfielders,MID,Midfielder,MID,5,,,2,5,False,[],347
True,False,0.0,0.0,172780,0,0,-1,1,3,3,0.0,0.0,0,James,0.0,494,False,Knee injury - Expected back 01 Jun,2025-05-01T23:00:08.579870Z,74,172780.jpg,4.3,False,Maddison,3.8,False,,i,18,6,133,2397921,0,2588050,0,0.0,18.0,Maddison,241.0,2023-06-28,1996-11-23,False,p172780,1799,9,8,6,32,0,0,0,6,0,0,15,592,683.4,702.3,495.0,187.8,21,5.54,5.92,11.46,32.39,0,0,0,0,0,0,0,63,19,36,31,64,41,43,33,1.0,,2.0,,2.0,,0.28,0.0,0.3,0.58,1.62,1.6,18,12,801,347,30,16,100,31,1.05,0.3,6,0,,18,0,Spurs,0,0,17,TOT,3,,False,0,1100,1170,1060,1070,1210,1270,21,3,Midfielders,MID,Midfielder,MID,5,,,2,5,False,[],347
True,False,0.0,0.0,221632,0,0,-1,1,1,2,0.0,0.0,0,Cristian,0.0,498,False,Toe Injury - Expected back 01 Jun,2025-05-24T20:00:08.677502Z,49,221632.jpg,2.7,False,Romero,3.5,False,,i,18,6,49,976569,0,1299371,0,0.0,10.0,Romero,10.0,2022-08-30,1998-04-27,False,p221632,1416,1,1,3,22,0,0,0,3,0,0,3,245,343.2,113.1,232.0,69.0,18,1.52,0.81,2.33,19.31,0,0,0,0,0,0,0,217,80,282,81,152,22,237,75,,,,,,,0.1,0.0,0.05,0.15,1.23,1.4,256,31,728,259,186,57,104,39,1.14,0.19,6,0,,18,0,Spurs,0,0,17,TOT,3,,False,0,1100,1170,1060,1070,1210,1270,21,2,Defenders,DEF,Defender,DEF,5,,,3,5,False,[],268
True,False,0.0,0.0,235674,0,0,-1,1,0,3,0.0,0.0,0,Manor,0.0,502,False,Season long loan to Leeds United,2024-08-29T11:11:30.036154Z,54,235674.jpg,0.0,False,Solomon,0.0,False,,u,18,6,0,480,0,5494,0,0.0,0.0,Solomon,,,,False,p235674,0,0,0,0,0,0,0,0,0,0,0,0,0,0.0,0.0,0.0,0.0,0,0.00,0.00,0.00,0.00,0,0,0,0,0,0,0,794,342,794,342,790,340,794,342,,,,,,,0.0,0.0,0.0,0.0,0.0,0.0,133,81,772,330,793,342,656,268,0.0,0.0,6,0,,18,0,Spurs,0,0,17,TOT,3,,False,0,1100,1170,1060,1070,1210,1270,21,3,Midfielders,MID,Midfielder,MID,5,,,2,5,False,[],347
True,False,25.0,25.0,85971,0,0,-3,3,2,3,0.2,0.2,0,Son,0.8,503,False,Foot injury - 25% chance of playing,2025-05-24T20:00:08.711465Z,97,85971.jpg,4.3,False,Heung-min,4.1,False,,d,18,6,129,2141985,0,2790602,0,0.1,13.3,Son,114.0,2015-08-28,1992-07-08,False,p85971,2106,7,10,4,35,0,0,1,1,0,0,12,543,629.6,734.9,707.0,207.2,24,7.25,4.97,12.22,37.99,0,0,0,0,0,0,0,80,28,31,27,35,20,25,20,4.0,,,,1.0,,0.31,0.0,0.21,0.52,1.62,1.5,5,4,325,155,31,17,92,28,1.03,0.17,6,0,,18,0,Spurs,0,0,17,TOT,3,,False,0,1100,1170,1060,1070,1210,1270,21,3,Midfielders,MID,Midfielder,MID,5,,,2,5,False,[],347
True,False,0.0,0.0,536908,0,0,0,0,0,4,0.0,0.0,0,Alejo,0.0,507,False,Loaned to Espanyol,2024-08-10T12:19:41.352153Z,50,536908.jpg,0.0,False,Véliz,0.0,False,,u,18,6,0,0,0,987,0,0.0,0.0,Veliz,,,,False,p536908,0,0,0,0,0,0,0,0,0,0,0,0,0,0.0,0.0,0.0,0.0,0,0.00,0.00,0.00,0.00,0,0,0,0,0,0,0,791,82,790,82,783,82,791,82,,,,,,,0.0,0.0,0.0,0.0,0.0,0.0,232,50,754,71,790,82,750,86,0.0,0.0,6,0,,18,0,Spurs,0,0,17,TOT,3,,False,0,1100,1170,1060,1070,1210,1270,21,4,Forwards,FWD,Forward,FWD,3,,,1,3,False,[],87
True,False,25.0,25.0,165153,0,0,-3,3,0,3,0.0,0.0,0,Timo,0.0,509,False,Hamstring injury - 25% chance of playing,2025-05-24T20:00:08.728150Z,62,165153.jpg,1.9,False,Werner,0.1,False,,d,18,6,34,15034,0,36838,0,0.0,5.5,Werner,80.0,2024-01-09,1996-03-06,False,p165153,504,0,3,1,12,0,0,0,0,0,0,2,120,114.6,148.0,113.0,37.1,4,1.04,1.55,2.59,11.41,0,0,0,0,0,0,0,380,178,248,156,261,149,333,166,,,,,,,0.19,0.0,0.28,0.47,2.04,2.14,56,30,791,342,323,147,409,142,0.71,0.18,6,0,,18,0,Spurs,0,0,17,TOT,3,,False,0,1100,1170,1060,1070,1210,1270,21,3,Midfielders,MID,Midfielder,MID,5,,,2,5,False,[],347
True,False,0.0,0.0,552427,0,0,0,0,0,4,0.0,0.0,0,Will,0.0,609,False,Loaned to West Bromwich Albion,2025-02-06T23:45:33.840689Z,45,552427.jpg,1.0,False,Lankshear,1.0,False,,u,18,6,3,434203,0,404613,0,0.0,0.7,Lankshear,241.0,2022-12-08,,False,p552427,10,0,0,0,0,0,0,0,0,0,0,0,7,0.0,0.0,0.0,0.0,0,0.00,0.00,0.00,0.02,0,0,0,0,0,0,0,749,67,745,66,729,67,749,67,,,,,,,0.0,0.0,0.0,0.0,0.18,0.0,461,74,670,52,499,54,212,37,0.0,0.0,6,0,,18,0,Spurs,0,0,17,TOT,3,,False,0,1100,1170,1060,1070,1210,1270,21,4,Forwards,FWD,Forward,FWD,3,,,1,3,False,[],87
True,False,0.0,0.0,611917,0,0,0,0,0,3,0.0,0.0,0,Luca,0.0,689,False,U18 team,2025-01-17T11:48:35.885884Z,45,611917.jpg,0.0,False,Williams-Barnett,0.0,False,,u,18,6,0,790,0,802,0,0.0,0.0,Williams-Barnett,241.0,2024-11-06,,False,p611917,0,0,0,0,0,0,0,0,0,0,0,0,0,0.0,0.0,0.0,0.0,0,0.00,0.00,0.00,0.00,0,0,0,0,0,0,0,767,325,764,325,748,318,767,325,,,,,,,0.0,0.0,0.0,0.0,0.0,0.0,489,308,692,281,769,326,763,320,0.0,0.0,6,0,,18,0,Spurs,0,0,17,TOT,3,,False,0,1100,1170,1060,1070,1210,1270,21,3,Midfielders,MID,Midfielder,MID,5,,,2,5,False,[],347
True,False,0.0,0.0,519321,0,0,0,0,0,2,0.0,0.0,0,Alfie,0.0,699,False,Loaned to Aberdeen,2025-01-17T12:26:25.866937Z,40,519321.jpg,1.0,False,Dorrington,0.0,False,,u,18,6,1,1051,0,1123,0,0.0,0.2,Dorrington,241.0,2022-12-08,,False,p519321,13,0,0,0,0,0,0,0,0,0,0,0,4,1.0,0.2,0.0,0.1,0,0.00,0.00,0.00,0.04,0,0,0,0,0,0,0,545,193,519,191,577,215,549,195,,,,,,,0.0,0.0,0.0,0.0,0.28,0.0,690,200,496,180,469,163,743,253,0.0,0.0,6,0,,18,0,Spurs,0,0,17,TOT,3,,False,0,1100,1170,1060,1070,1210,1270,21,2,Defenders,DEF,Defender,DEF,5,,,3,5,False,[],268
True,False,0.0,0.0,623095,0,0,0,0,0,3,0.0,0.0,0,Min-Hyeok,0.0,717,False,Loaned to Queens Park Rangers,2025-02-03T10:24:52.232670Z,45,623095.jpg,0.0,False,Yang,0.0,False,,u,18,6,0,468,0,417,0,0.0,0.0,Yang,114.0,2025-01-01,,False,p623095,0,0,0,0,0,0,0,0,0,0,0,0,0,0.0,0.0,0.0,0.0,0,0.00,0.00,0.00,0.00,0,0,0,0,0,0,0,769,327,767,327,751,320,769,327,,,,,,,0.0,0.0,0.0,0.0,0.0,0.0,492,310,695,283,771,328,785,334,0.0,0.0,6,0,,18,0,Spurs,0,0,17,TOT,3,,False,0,1100,1170,1060,1070,1210,1270,21,3,Midfielders,MID,Midfielder,MID,5,,,2,5,False,[],347
True,False,0.0,0.0,57531,0,0,-3,3,1,4,0.0,0.0,0,Michail,0.0,512,False,Leg injury - Unknown return date,2024-12-09T17:00:08.418178Z,52,57531.jpg,3.0,False,Antonio,0.8,False,,i,19,21,42,386496,0,484346,0,0.0,8.1,Antonio,107.0,2015-09-01,1990-03-28,False,p57531,834,1,4,4,18,0,0,0,1,0,0,3,111,72.0,139.5,194.0,39.5,11,2.20,0.91,3.11,17.83,0,0,0,0,0,0,0,419,40,260,28,185,37,326,36,,,,,,,0.24,0.0,0.1,0.34,1.92,1.94,159,41,762,74,144,21,225,39,1.19,0.43,21,0,,19,0,West Ham,0,0,14,WHU,3,,False,0,1090,1100,1090,1090,1090,1110,25,4,Forwards,FWD,Forward,FWD,3,,,1,3,False,[],87
True,False,0.0,0.0,490885,0,0,0,0,0,3,0.0,0.0,0,George,0.0,519,False,Loaned to Bristol City,2024-08-16T11:57:26.531525Z,45,490885.jpg,0.0,False,Earthy,0.0,False,,u,19,21,0,0,0,8137,0,0.0,0.0,Earthy,,,,False,p490885,0,0,0,0,0,0,0,0,0,0,0,0,0,0.0,0.0,0.0,0.0,0,0.00,0.00,0.00,0.00,0,0,0,0,0,0,0,715,285,712,285,693,276,715,285,,,,,,,0.0,0.0,0.0,0.0,0.0,0.0,414,255,632,236,720,286,654,266,0.0,0.0,21,0,,19,0,West Ham,0,0,14,WHU,3,,False,0,1090,1100,1090,1090,1090,1110,25,3,Midfielders,MID,Midfielder,MID,5,,,2,5,False,[],347
True,False,0.0,0.0,210494,0,0,-1,1,0,2,0.0,0.0,0,Nayef,0.0,529,False,On loan to Real Sociedad for the season,2024-09-01T09:10:50.538029Z,44,210494.jpg,0.0,False,Aguerd,0.0,False,,u,19,21,0,1368,0,13432,0,0.0,0.0,N.Aguerd,,,,False,p210494,0,0,0,0,0,0,0,0,0,0,0,0,0,0.0,0.0,0.0,0.0,0,0.00,0.00,0.00,0.00,0,0,0,0,0,0,0,672,257,666,256,638,253,672,257,,,,,,,0.0,0.0,0.0,0.0,0.0,0.0,511,93,569,233,679,256,581,202,0.0,0.0,21,0,,19,0,West Ham,0,0,14,WHU,3,,False,0,1090,1100,1090,1090,1090,1110,25,2,Defenders,DEF,Defender,DEF,5,,,3,5,False,[],268
True,False,0.0,0.0,103192,0,0,-1,1,0,2,0.0,0.0,0,Kurt,0.0,532,False,On loan to Al-Orobah for the rest of the season,2024-09-02T10:44:47.323774Z,44,103192.jpg,0.0,False,Zouma,0.1,False,,u,19,21,0,5376,0,51235,0,0.0,0.0,Zouma,,,,False,p103192,0,0,0,0,0,0,0,0,0,0,0,0,0,0.0,0.0,0.0,0.0,0,0.00,0.00,0.00,0.00,0,0,0,0,0,0,0,670,256,664,255,635,252,670,256,,,,,,,0.0,0.0,0.0,0.0,0.0,0.0,499,85,566,232,677,255,434,156,0.0,0.0,21,0,,19,0,West Ham,0,0,14,WHU,3,,False,0,1090,1100,1090,1090,1090,1110,25,2,Defenders,DEF,Defender,DEF,5,,,3,5,False,[],268
True,False,0.0,0.0,450070,0,0,-5,5,0,3,0.0,0.0,0,Crysencio,0.0,587,False,Hamstring injury - Expected back 01 Jun,2025-01-11T01:30:09.528172Z,55,450070.jpg,1.7,False,Summerville,0.3,False,,i,19,21,33,49684,0,127893,0,0.0,6.0,Summerville,152.0,2024-08-03,2001-10-30,False,p450070,776,1,1,2,20,0,0,0,2,0,0,2,129,156.4,246.1,186.0,58.7,7,1.61,1.71,3.32,17.58,0,0,0,0,0,0,0,345,158,180,123,194,122,270,141,5.0,,,,,,0.19,0.0,0.2,0.39,2.04,2.32,117,73,780,335,358,167,314,97,0.81,0.23,21,0,,19,0,West Ham,0,0,14,WHU,3,,False,0,1090,1100,1090,1090,1090,1110,25,3,Midfielders,MID,Midfielder,MID,5,,,2,5,False,[],347
True,False,0.0,0.0,101982,0,0,-4,4,0,1,0.0,0.0,0,Sam,0.0,204,False,Knock - Unknown return date,2025-04-18T15:30:07.848146Z,41,101982.jpg,1.7,False,Johnstone,0.2,False,,i,20,39,12,56218,0,83029,0,0.0,2.9,Johnstone,241.0,2024-08-30,1993-03-25,False,p101982,630,0,0,0,17,0,0,0,0,0,23,0,42,193.8,10.0,0.0,20.4,7,0.00,0.00,0.00,12.98,0,0,0,0,0,0,0,318,29,463,15,613,48,396,29,,,,,,,0.0,3.29,0.0,0.0,1.85,2.43,627,36,534,69,346,38,328,49,1.0,0.0,39,0,,20,0,Wolves,0,0,16,WOL,3,,False,0,1125,1145,1100,1120,1150,1170,38,1,Goalkeepers,GKP,Goalkeeper,GKP,2,,,1,1,True,[12],82
True,False,0.0,0.0,510363,0,0,0,0,0,3,0.0,0.0,0,Francisco Jorge,0.0,537,False,Season long loan to RCD Mallorca,2024-09-01T09:12:21.111329Z,45,510363.jpg,1.0,False,Tomás Oliveira,0.1,False,,u,20,39,1,11572,0,28167,0,0.0,0.2,Chiquinho,,,,False,p510363,6,0,0,0,0,0,0,0,0,0,0,0,4,3.0,14.3,2.0,1.9,0,0.00,0.05,0.05,0.00,0,0,0,0,0,0,0,532,245,443,227,474,238,512,237,,,,,,,0.0,0.0,0.75,0.75,0.0,0.0,428,267,643,246,496,224,513,189,0.0,0.0,39,0,,20,0,Wolves,0,0,16,WOL,3,,False,0,1125,1145,1100,1120,1150,1170,38,3,Midfielders,MID,Midfielder,MID,5,,,2,5,False,[],347
True,False,0.0,0.0,497606,0,0,0,0,0,3,0.0,0.0,0,Tawanda,0.0,538,False,Loaened to Derby County,2024-08-27T08:37:28.318365Z,45,497606.jpg,0.0,False,Chirewa,0.0,False,,u,20,39,0,1909,0,8974,0,0.0,0.0,Chirewa,239.0,2023-12-01,,False,p497606,0,0,0,0,0,0,0,0,0,0,0,0,0,0.0,0.0,0.0,0.0,0,0.00,0.00,0.00,0.00,0,0,0,0,0,0,0,721,291,718,291,699,282,721,291,,,,,,,0.0,0.0,0.0,0.0,0.0,0.0,421,261,638,242,726,292,652,264,0.0,0.0,39,0,,20,0,Wolves,0,0,16,WOL,3,,False,0,1125,1145,1100,1120,1150,1170,38,3,Midfielders,MID,Midfielder,MID,5,,,2,5,False,[],347
True,False,0.0,0.0,589507,0,0,-1,1,0,4,0.0,0.0,0,Leon,0.0,539,False,Knee injury - Expected back 01 Jun,2025-02-05T18:30:09.160636Z,44,589507.jpg,0.0,False,Chiwome,1.1,False,,i,20,39,0,586264,0,512465,0,0.0,0.0,Chiwome,241.0,2024-03-08,2006-01-10,False,p589507,0,0,0,0,0,0,0,0,0,0,0,0,0,0.0,0.0,0.0,0.0,0,0.00,0.00,0.00,0.00,0,0,0,0,0,0,0,684,59,679,58,655,59,684,59,,,,,,,0.0,0.0,0.0,0.0,0.0,0.0,552,87,591,42,689,64,194,29,0.0,0.0,39,0,,20,0,Wolves,0,0,16,WOL,3,,False,0,1125,1145,1100,1120,1150,1170,38,4,Forwards,FWD,Forward,FWD,3,,,1,3,False,[],87
True,False,0.0,0.0,245923,0,0,0,0,0,3,0.0,0.0,0,Luke,0.0,540,False,Loaned to Millwall,2025-02-03T10:24:24.082682Z,45,245923.jpg,0.0,False,Cundle,0.1,False,,u,20,39,0,33477,0,38180,0,0.0,0.0,Cundle,241.0,2019-07-16,,False,p245923,0,0,0,0,0,0,0,0,0,0,0,0,0,0.0,0.0,0.0,0.0,0,0.00,0.00,0.00,0.00,0,0,0,0,0,0,0,699,272,695,272,675,263,699,272,,,,,,,0.0,0.0,0.0,0.0,0.0,0.0,387,239,611,222,704,273,408,141,0.0,0.0,39,0,,20,0,Wolves,0,0,16,WOL,3,,False,0,1125,1145,1100,1120,1150,1170,38,3,Midfielders,MID,Midfielder,MID,5,,,2,5,False,[],347
True,False,0.0,0.0,449988,0,0,0,0,0,4,0.0,0.0,0,Fábio,0.0,545,False,Season long loan to Las Palmas,2024-08-30T20:53:22.805927Z,50,449988.jpg,0.0,False,Silva,0.1,False,,u,20,39,0,7594,0,34172,0,0.0,0.0,Fábio Silva,,,,False,p449988,0,0,0,0,0,0,0,0,0,0,0,0,0,0.0,0.0,0.0,0.0,0,0.00,0.00,0.00,0.00,0,0,0,0,0,0,0,785,79,784,79,777,79,785,79,,,,,,,0.0,0.0,0.0,0.0,0.0,0.0,220,47,746,68,785,80,478,68,0.0,0.0,39,0,,20,0,Wolves,0,0,16,WOL,3,,False,0,1125,1145,1100,1120,1150,1170,38,4,Forwards,FWD,Forward,FWD,3,,,1,3,False,[],87
True,False,0.0,0.0,531363,0,0,0,0,0,4,0.0,0.0,0,Nathan,0.0,546,False,Loaned to Zulte Waregem,2024-08-26T10:19:49.301076Z,45,531363.jpg,0.0,False,Fraser,1.0,False,,u,20,39,0,86763,0,537985,0,0.0,0.0,Fraser,104.0,2022-11-05,2005-02-22,False,p531363,0,0,0,0,0,0,0,0,0,0,0,0,0,0.0,0.0,0.0,0.0,0,0.00,0.00,0.00,0.00,0,0,0,0,0,0,0,734,64,730,63,714,64,734,64,,,,,,,0.0,0.0,0.0,0.0,0.0,0.0,443,71,655,49,738,68,207,35,0.0,0.0,39,0,,20,0,Wolves,0,0,16,WOL,3,,False,0,1125,1145,1100,1120,1150,1170,38,4,Forwards,FWD,Forward,FWD,3,,,1,3,False,[],87
True,False,0.0,0.0,593001,0,0,-1,1,0,3,0.0,0.0,0,Enso,0.0,547,False,Knee injury - Unknown return date,2024-08-05T15:00:04.514369Z,44,593001.jpg,0.0,False,González,0.0,False,,i,20,39,0,12091,0,12621,0,0.0,0.0,Gonzalez,168.0,2023-08-31,2005-01-20,False,p593001,0,0,0,0,0,0,0,0,0,0,0,0,0,0.0,0.0,0.0,0.0,0,0.00,0.00,0.00,0.00,0,0,0,0,0,0,0,685,267,680,267,657,258,685,267,,,,,,,0.0,0.0,0.0,0.0,0.0,0.0,554,335,593,214,690,268,593,229,0.0,0.0,39,0,,20,0,Wolves,0,0,16,WOL,3,,False,0,1125,1145,1100,1120,1150,1170,38,3,Midfielders,MID,Midfielder,MID,5,,,2,5,False,[],347
True,False,0.0,0.0,490721,0,0,0,0,0,2,0.0,0.0,0,Hugo,0.0,549,False,Loaned to Feyenoord,2024-08-14T08:32:21.592368Z,45,490721.jpg,0.0,False,Bueno López,0.0,False,,u,20,39,0,0,0,1842,0,0.0,0.0,H.Bueno,,,,False,p490721,0,0,0,0,0,0,0,0,0,0,0,0,0,0.0,0.0,0.0,0.0,0,0.00,0.00,0.00,0.00,0,0,0,0,0,0,0,714,267,711,266,692,265,714,267,,,,,,,0.0,0.0,0.0,0.0,0.0,0.0,412,73,630,249,719,266,738,250,0.0,0.0,39,0,,20,0,Wolves,0,0,16,WOL,3,,False,0,1125,1145,1100,1120,1150,1170,38,2,Defenders,DEF,Defender,DEF,5,,,3,5,False,[],268
True,False,0.0,0.0,240299,0,0,0,0,0,3,0.0,0.0,0,Joe,0.0,551,False,Season long to Huddersfield Town,2024-08-29T11:12:19.576028Z,45,240299.jpg,0.0,False,Hodge,0.2,False,,u,20,39,0,17482,0,54029,0,0.0,0.0,Hodge,,,,False,p240299,0,0,0,0,0,0,0,0,0,0,0,0,0,0.0,0.0,0.0,0.0,0,0.00,0.00,0.00,0.00,0,0,0,0,0,0,0,695,269,691,269,671,260,695,269,,,,,,,0.0,0.0,0.0,0.0,0.0,0.0,382,235,606,218,700,270,396,135,0.0,0.0,39,0,,20,0,Wolves,0,0,16,WOL,3,,False,0,1125,1145,1100,1120,1150,1170,38,3,Midfielders,MID,Midfielder,MID,5,,,2,5,False,[],347
True,False,0.0,0.0,441271,0,0,0,0,0,2,0.0,0.0,0,Ki-Jana,0.0,552,False,Loaned to Auxerre,2024-08-26T10:11:13.033350Z,40,441271.jpg,0.0,False,Hoever,0.1,False,,u,20,39,0,3224,0,26210,0,0.0,0.0,Hoever,,,,False,p441271,0,0,0,0,0,0,0,0,0,0,0,0,0,0.0,0.0,0.0,0.0,0,0.00,0.00,0.00,0.00,0,0,0,0,0,0,0,605,209,592,207,551,196,605,209,,,,,,,0.0,0.0,0.0,0.0,0.0,0.0,660,177,469,160,612,208,461,162,0.0,0.0,39,0,,20,0,Wolves,0,0,16,WOL,3,,False,0,1125,1145,1100,1120,1150,1170,38,2,Defenders,DEF,Defender,DEF,5,,,3,5,False,[],268
True,False,0.0,0.0,429414,0,0,-2,2,0,4,0.0,0.0,0,Saša,0.0,555,False,Knee injury - Unknown return date,2024-08-22T10:59:37.463254Z,48,429414.jpg,0.0,False,Kalajdžić,0.0,False,,i,20,39,0,5164,0,12167,0,0.0,0.0,Kalajdžić,14.0,2022-08-31,1997-07-07,False,p429414,0,0,0,0,0,0,0,0,0,0,0,0,0,0.0,0.0,0.0,0.0,0,0.00,0.00,0.00,0.00,0,0,0,0,0,0,0,773,75,771,74,759,75,773,75,,,,,,,0.0,0.0,0.0,0.0,0.0,0.0,309,59,719,63,774,76,588,77,0.0,0.0,39,0,,20,0,Wolves,0,0,16,WOL,3,,False,0,1125,1145,1100,1120,1150,1170,38,4,Forwards,FWD,Forward,FWD,3,,,1,3,False,[],87
True,False,0.0,0.0,151086,0,0,-2,2,1,3,0.0,0.0,0,Mario,0.0,557,False,Loaned to Galatasaray,2025-02-06T23:46:06.386435Z,48,151086.jpg,2.8,False,Lemina,0.1,False,,u,20,39,47,105788,0,114987,0,0.0,9.8,Mario Jr.,77.0,2023-01-13,,False,p151086,1363,1,3,1,39,0,0,0,4,0,0,5,252,356.8,166.7,120.0,64.4,15,1.30,0.87,2.17,27.26,0,0,0,0,0,0,0,205,89,232,152,251,141,253,130,,,,,,,0.09,0.0,0.06,0.15,1.8,2.58,285,184,709,291,171,72,428,148,0.99,0.07,39,0,,20,0,Wolves,0,0,16,WOL,3,,False,0,1125,1145,1100,1120,1150,1170,38,3,Midfielders,MID,Midfielder,MID,5,,,2,5,False,[],347
True,False,0.0,0.0,501837,0,0,-2,2,0,2,0.0,0.0,0,Yerson,0.0,558,False,Knee injury - Expected back 01 Jun,2024-09-21T20:30:06.017799Z,38,501837.jpg,0.6,False,Mosquera,0.7,False,,i,20,39,3,217261,0,203437,0,0.0,0.8,Mosquera,48.0,2021-06-17,2001-05-02,False,p501837,441,0,0,0,12,0,0,0,2,0,0,0,24,110.2,27.3,21.0,16.0,5,0.33,0.03,0.36,5.63,0,0,0,0,0,0,0,388,136,413,148,398,140,416,144,,,,,,,0.07,0.0,0.01,0.08,1.15,2.45,784,268,415,133,549,188,236,92,1.02,0.0,39,0,,20,0,Wolves,0,0,16,WOL,3,,False,0,1125,1145,1100,1120,1150,1170,38,2,Defenders,DEF,Defender,DEF,5,,,3,5,False,[],268
True,False,0.0,0.0,200600,0,0,0,0,0,3,0.0,0.0,0,Daniel,0.0,562,False,Transferred to Al-Shabab,2024-09-05T10:36:18.217223Z,55,200600.jpg,1.0,False,Castelo Podence,0.0,False,,u,20,39,2,1049,0,5158,0,0.0,0.4,Podence,,,,False,p200600,46,0,0,0,2,0,0,0,0,0,0,0,9,3.0,1.1,1.0,0.4,0,0.04,0.01,0.05,0.70,0,0,0,0,0,0,0,534,246,497,242,479,243,539,248,,,,,,,0.08,0.0,0.02,0.1,1.37,3.91,108,67,777,334,525,243,660,270,0.0,0.0,39,0,,20,0,Wolves,0,0,16,WOL,3,,False,0,1125,1145,1100,1120,1150,1170,38,3,Midfielders,MID,Midfielder,MID,5,,,2,5,False,[],347
